# 🔔 New career-page entries — 2026-06-29T06:29:28

## Infibeam AvenuesAI — Gandhinagar
<https://www.avenuesai.com/career-opportunities>

- Apply Now!
- Business Analyst
- Business Analyst will work alongside other business analysts and report directly to the project/product
- DATABASE DEVELOPER
- Database manager’s task will include managing a team Of professional DBAS and developers to ensure
- Devops
- Full Stack Developer
- Java Technical Lead will be responsible for providing solutions for technical issues which may affect
- Java Technical Lead, you should demonstrate sound knowledge of industry best practices, good
- Lead
- Manager- Database
- Project Manager
- Project manager will be responsible for planning and overseeing projects to ensure they are
- Proven experience as a Full Stack Developer or similar role
- Require full stack developers for developing scalable solutions. Developer will be part of a cross functional
- We expect the developer to be comfortable with both front-end and back-end coding languages,
- We require a DevOps Engineer proficient in the below tasks:
- 🎓 Whether you are a fresher or a young professional, there are several doors waiting for you to start your journey with us.
- completed in a timely fashion and within budget. Project manager will plan and designate project
- product delivery. The Java Technical Lead will facilitate requirement analyses, conduct peer reviews and provide feedback.

## Silver Touch Technologies — Gandhinagar
<https://www.silvertouch.com/career/>

- .Net developer
- .Net developer, Gandhinagar, India
- Apply
- Apply for the Post *
- Business Analyst
- Business Analyst, Ahmedabad, India
- Business Analyst, Gandhinagar, India
- Enterprise DevOps
- SAP Analytics Cloud (SAC) Consultant
- SAP Analytics Cloud (SAC) Consultant, Ahmedabad, India
- SAP B1 Technical Consultant
- SAP B1 Technical Consultant , Ahmedabad, India
- SAP BASIS & Security Consultant — SAP Cloud ERP
- SAP BASIS & Security Consultant — SAP Cloud ERP, Ahmedabad, India
- Sales Executive
- Sales Executive, Ahmedabad, India

## Dev Information Technology — Gandhinagar
<https://www.devitpl.com/careers/>

- 6. Azure DevOps for code repository, branching, CI/CD pipelines, and work item tracking
- AWS, Azure, Windows, Linux, CI/CD, DevOps, Prometheus, Grafana
- Ability to motivate and lead teams through technical challenges and change.
- Adhere to compliance and governance standards and report any non-compliances to the manager
- Azure Cyber Security Architect
- 🎓 Azure Security Engineer Associate
- Collaborate with IT, DevOps, and business units to mitigate identified vulnerabilities effectively.
- Demonstrate knowledge of DevOps tool chains and processes
- Experience with Agile project management and a basic understanding of DevOps practices.
- Front Desk Executive
- Lead Developer
- Lead incident response efforts for high-severity security events and coordinate with stakeholders for containment and remediation.
- Lead the definition and development of cloud reference architecture and management systems
- 🎓 MCSA Cloud Platform Solutions Associate / AWS SysOps
- MCSE Cloud Platform and Infrastructure / AWS Professional Solution Architect
- 🎓 Microsoft 365 Certified: Modern Desktop Administrator Associate
- 🎓 Microsoft Certified Solution Associate: Windows Server 2016
- 🎓 Microsoft Certified: Windows Server Hybrid Administrator Associate
- SRE (Site Reliability Engineer)
- Senior Full stack Developer (MERN +AI)
- Should apply Networking principles: TCP/IP, Routers, Firewalls, Switches, Load Balancers, VPNs
- Software Developer
- Software Developer (DotNet)
- Sr. Security Analyst
- Stay up to date with the latest developments in Agentic AI and apply new knowledge to future projects.
- Technical Project Manager (AI)
- Technical Support Executive

## Accenture — Bengaluru
<https://www.accenture.com/in-en/careers/jobsearch?fl=Bengaluru>

- 🎓 IMU Sales Capture Associate Director
- 🎓 Sales Capture Associate Director
- 🎓 Strategy Innovation Associate Director
- 🎓 Workplace Service Delivery Associate Manager
- 🎓 Workplace Service Delivery Associate Manager-Events

## Accenture — Hyderabad
<https://www.accenture.com/in-en/careers/jobsearch?fl=Hyderabad>

- 🎓 IMU Sales Capture Associate Director
- 🎓 Sales Capture Associate Director
- 🎓 Strategy Innovation Associate Director
- 🎓 Workplace Service Delivery Associate Manager
- 🎓 Workplace Service Delivery Associate Manager-Events

## Accenture — Pune
<https://www.accenture.com/in-en/careers/jobsearch?fl=Pune>

- 🎓 IMU Sales Capture Associate Director
- 🎓 Sales Capture Associate Director
- 🎓 Strategy Innovation Associate Director
- 🎓 Workplace Service Delivery Associate Manager
- 🎓 Workplace Service Delivery Associate Manager-Events

## Accenture — Gurugram
<https://www.accenture.com/in-en/careers/jobsearch?fl=Gurugram>

- 🎓 IMU Sales Capture Associate Director
- 🎓 Sales Capture Associate Director
- 🎓 Strategy Innovation Associate Director
- 🎓 Workplace Service Delivery Associate Manager
- 🎓 Workplace Service Delivery Associate Manager-Events

# 🔔 New career-page entries — 2026-06-29T15:47:39

## Accenture — Bengaluru
<https://www.accenture.com/in-en/careers/jobsearch?fl=Bengaluru>

- 🎓 IMU Sales Capture Associate Director
- 🎓 Sales Capture Associate Director
- 🎓 Strategy Innovation Associate Director
- 🎓 Workplace Service Delivery Associate Manager
- 🎓 Workplace Service Delivery Associate Manager-Events

## Accenture — Hyderabad
<https://www.accenture.com/in-en/careers/jobsearch?fl=Hyderabad>

- 🎓 IMU Sales Capture Associate Director
- 🎓 Sales Capture Associate Director
- 🎓 Strategy Innovation Associate Director
- 🎓 Workplace Service Delivery Associate Manager
- 🎓 Workplace Service Delivery Associate Manager-Events

## Accenture — Pune
<https://www.accenture.com/in-en/careers/jobsearch?fl=Pune>

- 🎓 IMU Sales Capture Associate Director
- 🎓 Sales Capture Associate Director
- 🎓 Strategy Innovation Associate Director
- 🎓 Workplace Service Delivery Associate Manager
- 🎓 Workplace Service Delivery Associate Manager-Events

## Accenture — Gurugram
<https://www.accenture.com/in-en/careers/jobsearch?fl=Gurugram>

- 🎓 IMU Sales Capture Associate Director
- 🎓 Sales Capture Associate Director
- 🎓 Strategy Innovation Associate Director
- 🎓 Workplace Service Delivery Associate Manager
- 🎓 Workplace Service Delivery Associate Manager-Events

## Brainvire — Ahmedabad
<https://www.brainvire.com/freshers/>

- 🎓 If you’d like to apply for a FRESHER position at Brainvire, fill out the form.

## Peoplebox — Bengaluru
<https://www.peoplebox.ai/careers>

- 🎓 Associate Product Manager (APM) 54 days ago BANGALORE Full Time
- Content Marketing Manager 329 days ago BANGALORE 4-6 Full Time
- SEO Lead 213 days ago BANGALORE 4-6 Full Time
- Senior Backend Engineer 325 days ago BANGALORE 5-9 Full Time
- Talent Acquisition Lead 103 days ago BANGALORE 5+ Full Time

## Swiggy — Bengaluru
<https://careers.swiggy.com/>

- Key Account Manager I
- Lead - Ad Operations
- Sales Manager I
- Sales Manager II

## Delhivery — Gurugram
<https://www.delhivery.com/careers>

- Developer Documentation

## ShareChat — Bengaluru
<https://sharechat.com/careers>

- 🎓 Intern - Telugu - Business Development(Sales)
- 🎓 Intern - Video Editor
- Lead - Legal & Company Secretary
- Manager - Corporate Development & IR
- 🎓 Senior Associate-Finance
- Senior Product Designer - IC

# 🔔 New career-page entries — 2026-06-29T19:58:29

## Accenture — Bengaluru
<https://www.accenture.com/in-en/careers/jobsearch?fl=Bengaluru>

- 🎓 Packaged Application Development Associate Manager
- 🎓 Software/Application/Cloud Tech Support Associate

## Accenture — Hyderabad
<https://www.accenture.com/in-en/careers/jobsearch?fl=Hyderabad>

- 🎓 Packaged Application Development Associate Manager
- 🎓 Software/Application/Cloud Tech Support Associate

## Accenture — Pune
<https://www.accenture.com/in-en/careers/jobsearch?fl=Pune>

- 🎓 Packaged Application Development Associate Manager
- 🎓 Software/Application/Cloud Tech Support Associate

## Accenture — Gurugram
<https://www.accenture.com/in-en/careers/jobsearch?fl=Gurugram>

- 🎓 Packaged Application Development Associate Manager
- 🎓 Software/Application/Cloud Tech Support Associate

## Darwinbox — Hyderabad
<https://darwinbox.com/careers>

- 🎓 Associate Sales Director
- Product Marketing Lead

# 🔔 New career-page entries — 2026-06-30T03:39:37

## Accenture — Bengaluru
<https://www.accenture.com/in-en/careers/jobsearch?fl=Bengaluru>

- 🎓 Inbound Sales Representative Associate
- 🎓 Inbound Sales Representative Associate-Voice
- 🎓 Procure to Pay Operations Associate
- 🎓 Procure to Pay Operations New Associate

## Accenture — Hyderabad
<https://www.accenture.com/in-en/careers/jobsearch?fl=Hyderabad>

- 🎓 Inbound Sales Representative Associate
- 🎓 Inbound Sales Representative Associate-Voice
- 🎓 Procure to Pay Operations Associate
- 🎓 Procure to Pay Operations New Associate

## Accenture — Pune
<https://www.accenture.com/in-en/careers/jobsearch?fl=Pune>

- 🎓 Inbound Sales Representative Associate
- 🎓 Inbound Sales Representative Associate-Voice
- 🎓 Procure to Pay Operations Associate
- 🎓 Procure to Pay Operations New Associate

## Accenture — Gurugram
<https://www.accenture.com/in-en/careers/jobsearch?fl=Gurugram>

- 🎓 Inbound Sales Representative Associate
- 🎓 Inbound Sales Representative Associate-Voice
- 🎓 Procure to Pay Operations Associate
- 🎓 Procure to Pay Operations New Associate

## Tech Mahindra — India
<https://careers.techmahindra.com/>

- 🎓 Associate Security Consultant

## Peoplebox — Bengaluru
<https://www.peoplebox.ai/careers>

- 🎓 Associate Product Manager (APM) 55 days ago BANGALORE Full Time
- Content Marketing Manager 330 days ago BANGALORE 4-6 Full Time
- SEO Lead 214 days ago BANGALORE 4-6 Full Time
- Senior Backend Engineer 326 days ago BANGALORE 5-9 Full Time
- Talent Acquisition Lead 104 days ago BANGALORE 5+ Full Time

# 🔔 New career-page entries — 2026-06-30T09:36:27

## Accenture — Bengaluru
<https://www.accenture.com/in-en/careers/jobsearch?fl=Bengaluru>

- 🎓 IMU Sales Capture Associate Director
- 🎓 Sales Capture Associate Director
- 🎓 Strategy Innovation Associate Director
- 🎓 Workplace Service Delivery Associate Manager
- 🎓 Workplace Service Delivery Associate Manager-Events

## Accenture — Hyderabad
<https://www.accenture.com/in-en/careers/jobsearch?fl=Hyderabad>

- 🎓 IMU Sales Capture Associate Director
- 🎓 Sales Capture Associate Director
- 🎓 Strategy Innovation Associate Director
- 🎓 Workplace Service Delivery Associate Manager
- 🎓 Workplace Service Delivery Associate Manager-Events

## Accenture — Pune
<https://www.accenture.com/in-en/careers/jobsearch?fl=Pune>

- 🎓 IMU Sales Capture Associate Director
- 🎓 Sales Capture Associate Director
- 🎓 Strategy Innovation Associate Director
- 🎓 Workplace Service Delivery Associate Manager
- 🎓 Workplace Service Delivery Associate Manager-Events

## Accenture — Gurugram
<https://www.accenture.com/in-en/careers/jobsearch?fl=Gurugram>

- 🎓 IMU Sales Capture Associate Director
- 🎓 Sales Capture Associate Director
- 🎓 Strategy Innovation Associate Director
- 🎓 Workplace Service Delivery Associate Manager
- 🎓 Workplace Service Delivery Associate Manager-Events

## Swiggy — Bengaluru
<https://careers.swiggy.com/>

- Senior Area Sales Manager

## Meesho — Bengaluru
<https://www.meesho.io/jobs>

- Data Scientist III Tech Bangalore, Karnataka

# 🔔 New career-page entries — 2026-06-30T14:19:24

## Tech Mahindra — India
<https://careers.techmahindra.com/>

- 🎓 Associate Security Architect

## Peoplebox — Bengaluru
<https://www.peoplebox.ai/careers>

- Insights on performance, engagement, and hiring
- Nova AI (AI Recruiter)
- Structured interviews at scale, zero recruiter time
- Talent Sourcing Solutions for High-Volume Hiring Teams
- Your AI hiring partner, from resume to offer

## Swiggy — Bengaluru
<https://careers.swiggy.com/>

- Account Manager

# 🔔 New career-page entries — 2026-06-30T19:58:42

## Infosys — Bengaluru
<https://career.infosys.com/joblist>

- 🎓 Associate Lead - Talent Acquisition

## Darwinbox — Hyderabad
<https://darwinbox.com/careers>

- 🎓 Associate Sales Director
- Product Marketing Lead

## Cars24 — Gurugram
<https://www.cars24.com/careers/>

- Brand manager
- Product Manager
- Senior Graphic Designer
- Senior UI/UX Designer

# 🔔 New career-page entries — 2026-07-01T03:55:13

## Peoplebox — Bengaluru
<https://www.peoplebox.ai/careers>

- 🎓 Associate Product Manager (APM) 56 days ago BANGALORE Full Time
- Content Marketing Manager 331 days ago BANGALORE 4-6 Full Time
- SEO Lead 215 days ago BANGALORE 4-6 Full Time
- Senior Backend Engineer 327 days ago BANGALORE 5-9 Full Time
- Talent Acquisition Lead 105 days ago BANGALORE 5+ Full Time

# 🔔 New career-page entries — 2026-07-01T09:47:18

## Swiggy — Bengaluru
<https://careers.swiggy.com/>

- 🎓 Associate Account manager

## Meesho — Bengaluru
<https://www.meesho.io/jobs>

- 🎓 Associate Director - Enterprise Sales- Meesho AI Services (MAS) AI Services Mumbai, Maharashtra

# 🔔 New career-page entries — 2026-07-01T14:47:48

## Darwinbox — Hyderabad
<https://darwinbox.com/careers>

- 🎓 Associate Sales Director
- Product Marketing Lead

## Cars24 — Gurugram
<https://www.cars24.com/careers/>

- Brand manager
- Product Manager
- Senior Graphic Designer
- Senior UI/UX Designer

## Meesho — Bengaluru
<https://www.meesho.io/jobs>

- Data Scientist III Tech Bangalore, Karnataka

# 🔔 New career-page entries — 2026-07-01T19:56:24

## Accenture — Bengaluru
<https://www.accenture.com/in-en/careers/jobsearch?fl=Bengaluru>

- 🎓 Packaged Application Development Associate Manager
- 🎓 Record to Report Operations Associate
- 🎓 Record to Report Ops Associate

## Accenture — Hyderabad
<https://www.accenture.com/in-en/careers/jobsearch?fl=Hyderabad>

- 🎓 Packaged Application Development Associate Manager
- 🎓 Record to Report Operations Associate
- 🎓 Record to Report Ops Associate

## Accenture — Pune
<https://www.accenture.com/in-en/careers/jobsearch?fl=Pune>

- 🎓 Packaged Application Development Associate Manager
- 🎓 Record to Report Operations Associate
- 🎓 Record to Report Ops Associate

## Accenture — Gurugram
<https://www.accenture.com/in-en/careers/jobsearch?fl=Gurugram>

- 🎓 Packaged Application Development Associate Manager
- 🎓 Record to Report Operations Associate
- 🎓 Record to Report Ops Associate

## Keka HR — Hyderabad
<https://www.keka.com/careers>

- Hiring & Onboarding
- Hiring & Onboarding Create a great candidate experience before and after joining
- Hiring Software
- We are hiring !

# 🔔 New career-page entries — 2026-07-02T03:36:06

## Accenture — Bengaluru
<https://www.accenture.com/in-en/careers/jobsearch?fl=Bengaluru>

- 🎓 IMU Sales Capture Associate Director
- 🎓 Sales Capture Associate Director
- 🎓 Strategy Innovation Associate Director
- 🎓 Workplace Service Delivery Associate Manager
- 🎓 Workplace Service Delivery Associate Manager-Events

## Accenture — Hyderabad
<https://www.accenture.com/in-en/careers/jobsearch?fl=Hyderabad>

- 🎓 IMU Sales Capture Associate Director
- 🎓 Sales Capture Associate Director
- 🎓 Strategy Innovation Associate Director
- 🎓 Workplace Service Delivery Associate Manager
- 🎓 Workplace Service Delivery Associate Manager-Events

## Accenture — Pune
<https://www.accenture.com/in-en/careers/jobsearch?fl=Pune>

- 🎓 IMU Sales Capture Associate Director
- 🎓 Sales Capture Associate Director
- 🎓 Strategy Innovation Associate Director
- 🎓 Workplace Service Delivery Associate Manager
- 🎓 Workplace Service Delivery Associate Manager-Events

## Accenture — Gurugram
<https://www.accenture.com/in-en/careers/jobsearch?fl=Gurugram>

- 🎓 IMU Sales Capture Associate Director
- 🎓 Sales Capture Associate Director
- 🎓 Strategy Innovation Associate Director
- 🎓 Workplace Service Delivery Associate Manager
- 🎓 Workplace Service Delivery Associate Manager-Events

## Peoplebox — Bengaluru
<https://www.peoplebox.ai/careers>

- 🎓 Associate Product Manager (APM) 57 days ago BANGALORE Full Time
- Content Marketing Manager 332 days ago BANGALORE 4-6 Full Time
- SEO Lead 216 days ago BANGALORE 4-6 Full Time
- Senior Backend Engineer 328 days ago BANGALORE 5-9 Full Time
- Talent Acquisition Lead 106 days ago BANGALORE 5+ Full Time

# 🔔 New career-page entries — 2026-07-02T08:56:49

## Accenture — Bengaluru
<https://www.accenture.com/in-en/careers/jobsearch?fl=Bengaluru>

- 🎓 Customer Service Associate
- 🎓 Security Managed Services Associate Manager

## Accenture — Hyderabad
<https://www.accenture.com/in-en/careers/jobsearch?fl=Hyderabad>

- 🎓 Customer Service Associate
- 🎓 Security Managed Services Associate Manager

## Accenture — Pune
<https://www.accenture.com/in-en/careers/jobsearch?fl=Pune>

- 🎓 Customer Service Associate
- 🎓 Security Managed Services Associate Manager

## Accenture — Gurugram
<https://www.accenture.com/in-en/careers/jobsearch?fl=Gurugram>

- 🎓 Customer Service Associate
- 🎓 Security Managed Services Associate Manager

## Meesho — Bengaluru
<https://www.meesho.io/jobs>

- Assistant Manager – HR HR & CREWS Bangalore, Karnataka

# 🔔 New career-page entries — 2026-07-02T14:00:59

## Accenture — Bengaluru
<https://www.accenture.com/in-en/careers/jobsearch?fl=Bengaluru>

- 🎓 Procurement Operations Associate

## Accenture — Hyderabad
<https://www.accenture.com/in-en/careers/jobsearch?fl=Hyderabad>

- 🎓 Procurement Operations Associate

## Accenture — Pune
<https://www.accenture.com/in-en/careers/jobsearch?fl=Pune>

- 🎓 Procurement Operations Associate

## Accenture — Gurugram
<https://www.accenture.com/in-en/careers/jobsearch?fl=Gurugram>

- 🎓 Procurement Operations Associate

## Swiggy — Bengaluru
<https://careers.swiggy.com/>

- Senior Program Manager

# 🔔 New career-page entries — 2026-07-02T19:28:07

## Accenture — Bengaluru
<https://www.accenture.com/in-en/careers/jobsearch?fl=Bengaluru>

- 🎓 IMU Sales Capture Associate Director
- 🎓 Sales Capture Associate Director
- 🎓 Strategy Innovation Associate Director
- 🎓 Workplace Service Delivery Associate Manager
- 🎓 Workplace Service Delivery Associate Manager-Events

## Accenture — Hyderabad
<https://www.accenture.com/in-en/careers/jobsearch?fl=Hyderabad>

- 🎓 IMU Sales Capture Associate Director
- 🎓 Sales Capture Associate Director
- 🎓 Strategy Innovation Associate Director
- 🎓 Workplace Service Delivery Associate Manager
- 🎓 Workplace Service Delivery Associate Manager-Events

## Accenture — Pune
<https://www.accenture.com/in-en/careers/jobsearch?fl=Pune>

- 🎓 IMU Sales Capture Associate Director
- 🎓 Sales Capture Associate Director
- 🎓 Strategy Innovation Associate Director
- 🎓 Workplace Service Delivery Associate Manager
- 🎓 Workplace Service Delivery Associate Manager-Events

## Accenture — Gurugram
<https://www.accenture.com/in-en/careers/jobsearch?fl=Gurugram>

- 🎓 IMU Sales Capture Associate Director
- 🎓 Sales Capture Associate Director
- 🎓 Strategy Innovation Associate Director
- 🎓 Workplace Service Delivery Associate Manager
- 🎓 Workplace Service Delivery Associate Manager-Events

## Darwinbox — Hyderabad
<https://darwinbox.com/careers>

- 🎓 Associate Sales Director
- Product Marketing Lead

# 🔔 New career-page entries — 2026-07-03T02:58:57

## Accenture — Bengaluru
<https://www.accenture.com/in-en/careers/jobsearch?fl=Bengaluru>

- 🎓 Application/Cloud Support Associate Manager
- 🎓 Customer Service Associate
- 🎓 Record to Report Operations New Associate
- 🎓 Record to Report Ops New Associate

## Accenture — Hyderabad
<https://www.accenture.com/in-en/careers/jobsearch?fl=Hyderabad>

- 🎓 Application/Cloud Support Associate Manager
- 🎓 Customer Service Associate
- 🎓 Record to Report Operations New Associate
- 🎓 Record to Report Ops New Associate

## Accenture — Pune
<https://www.accenture.com/in-en/careers/jobsearch?fl=Pune>

- 🎓 Application/Cloud Support Associate Manager
- 🎓 Customer Service Associate
- 🎓 Record to Report Operations New Associate
- 🎓 Record to Report Ops New Associate

## Accenture — Gurugram
<https://www.accenture.com/in-en/careers/jobsearch?fl=Gurugram>

- 🎓 Application/Cloud Support Associate Manager
- 🎓 Customer Service Associate
- 🎓 Record to Report Operations New Associate
- 🎓 Record to Report Ops New Associate

## Peoplebox — Bengaluru
<https://www.peoplebox.ai/careers>

- 🎓 Associate Product Manager (APM) 58 days ago BANGALORE Full Time
- Content Marketing Manager 333 days ago BANGALORE 4-6 Full Time
- SEO Lead 217 days ago BANGALORE 4-6 Full Time
- Senior Backend Engineer 329 days ago BANGALORE 5-9 Full Time
- Talent Acquisition Lead 107 days ago BANGALORE 5+ Full Time

# 🔔 New career-page entries — 2026-07-03T04:13:21

## Accenture — Bengaluru
<https://www.accenture.com/in-en/careers/jobsearch?fl=Bengaluru>

- 🤖 Enterprise AI Value Strategy Manager
- 🤖 IMU - AI & Data Manager
- 🎓 IMU Sales Capture Associate Director
- 🎓 Sales Capture Associate Director
- 🎓 Strategy Innovation Associate Director
- 🎓 Workplace Service Delivery Associate Manager
- 🎓 Workplace Service Delivery Associate Manager-Events

## Accenture — Hyderabad
<https://www.accenture.com/in-en/careers/jobsearch?fl=Hyderabad>

- 🤖 Enterprise AI Value Strategy Manager
- 🤖 IMU - AI & Data Manager
- 🎓 IMU Sales Capture Associate Director
- 🎓 Sales Capture Associate Director
- 🎓 Strategy Innovation Associate Director
- 🎓 Workplace Service Delivery Associate Manager
- 🎓 Workplace Service Delivery Associate Manager-Events

## Accenture — Pune
<https://www.accenture.com/in-en/careers/jobsearch?fl=Pune>

- 🤖 Enterprise AI Value Strategy Manager
- 🤖 IMU - AI & Data Manager
- 🎓 IMU Sales Capture Associate Director
- 🎓 Sales Capture Associate Director
- 🎓 Strategy Innovation Associate Director
- 🎓 Workplace Service Delivery Associate Manager
- 🎓 Workplace Service Delivery Associate Manager-Events

## Accenture — Gurugram
<https://www.accenture.com/in-en/careers/jobsearch?fl=Gurugram>

- 🤖 Enterprise AI Value Strategy Manager
- 🤖 IMU - AI & Data Manager
- 🎓 IMU Sales Capture Associate Director
- 🎓 Sales Capture Associate Director
- 🎓 Strategy Innovation Associate Director
- 🎓 Workplace Service Delivery Associate Manager
- 🎓 Workplace Service Delivery Associate Manager-Events

# 🔔 New career-page entries — 2026-07-03T04:23:59

## SmartSense Consulting Solutions — Gandhinagar
<https://www.smartsensesolutions.com/career>

- 💻 Full Stack Developer
- QA Automation Engineer
- Sr. QA Engineer
- View Opening

## Accenture — Bengaluru
<https://www.accenture.com/in-en/careers/jobsearch?fl=Bengaluru>

- 🤖 AI Native Software Engineering Analyst
- 🎓 Application/Cloud Support Associate Manager
- 💻 Custom Software Engineer
- 🎓 Customer Service Associate
- 🎓 Record to Report Operations New Associate
- 🎓 Record to Report Ops New Associate

## Accenture — Hyderabad
<https://www.accenture.com/in-en/careers/jobsearch?fl=Hyderabad>

- 🤖 AI Native Software Engineering Analyst
- 🎓 Application/Cloud Support Associate Manager
- 💻 Custom Software Engineer
- 🎓 Customer Service Associate
- 🎓 Record to Report Operations New Associate
- 🎓 Record to Report Ops New Associate

## Accenture — Pune
<https://www.accenture.com/in-en/careers/jobsearch?fl=Pune>

- 🤖 AI Native Software Engineering Analyst
- 🎓 Application/Cloud Support Associate Manager
- 💻 Custom Software Engineer
- 🎓 Customer Service Associate
- 🎓 Record to Report Operations New Associate
- 🎓 Record to Report Ops New Associate

## Accenture — Gurugram
<https://www.accenture.com/in-en/careers/jobsearch?fl=Gurugram>

- 🤖 AI Native Software Engineering Analyst
- 🎓 Application/Cloud Support Associate Manager
- 💻 Custom Software Engineer
- 🎓 Customer Service Associate
- 🎓 Record to Report Operations New Associate
- 🎓 Record to Report Ops New Associate

## IBM — India
<https://www.ibm.com/in-en/careers/career-opportunities>

- 🎓 Associate Data Engineer
- 🎓 Associate Technical SAP Package Specialist (September 2026 - Calgary)
- 🎓 Entry level Brand Sales Specialist - Power - Luxembourg
- 🎓 Entry level Brand Technical Specialist - Belgium

## IBM — India
<https://www.ibm.com/in-en/careers/search>

- 🎓 Enterprise Operations Process Associate Order Management - Health Care (Voice) Professional Gurgaon, IN
- 🎓 Infrastructure & Technology Associate Technical SAP Package Specialist (September 2026 - Calgary) Entry Level Calgary, CA
- 🎓 Infrastructure & Technology Package Specialist 2026- Workday HCM & Compensation Entry Level Multiple Cities
- 🎓 Internship (96)
- 🎓 Project Management Estágio na área de Internal Controls Internship HORTOLANDIA, BR
- 🎓 Sales Apprenti.e Metropole Program Manager – Ecosystème - IBM France - H/F Internship Bois Colombes Cedex, FR
- 💻 Software Engineering Application Developer-Cloud FullStack Professional Bangalore, IN
- 💻 Software Engineering Application Developer-Cloud FullStack Professional Hyderabad, IN
- 🎓 Software Engineering IBM Consulting Interns Internship QUEZON CITY, PH

## Yudiz Solutions — Ahmedabad
<https://www.yudiz.com/join-our-team/>

- 🎓 Sales Intern

## Zenskar — Bengaluru
<https://www.zenskar.com/careers>

- Account Executive-Mid Market(US)
- 🎓 Content Marketing Intern
- Customer Success & Solutions Manager
- 🎓 Customer Success Intern
- Engineering Manager
- Enterprise Account Executive (US)
- Finance Executive
- Forward Deployed Engineer
- 🎓 Intern @ Zenskar
- Product Manager
- Product Security Engineer
- 🎓 Revenue Operations Intern
- Senior Forward Deployed Engineer
- 🤖 Senior GenAI Engineer
- Senior Solutions Engineer (US)
- Solutions Consultant
- 💻 Tech Lead - Backend
- Technical Support Engineer
- We're hiring across every function. Here's where we're building right now.
- or apply via our careers page here:

## ShareChat — Bengaluru
<https://sharechat.com/careers>

- 🎓 Intern - Telugu - Business Development(Sales)
- 🎓 Intern - Video Editor
- Lead - Legal & Company Secretary
- Manager - Corporate Development & IR
- 🎓 Senior Associate-Finance
- Senior Product Designer - IC

## Qualcomm — India
<https://careers.qualcomm.com/careers>

- 🎓 2. Associate Engineer
- 🎓 CPU Competitive Analysis Engineer, Entry Level up to Staff Hsinchu City, Hsinchu City, Taiwan ASICS Engineering Posted 4 months ago

## Postman — Bengaluru
<https://www.postman.com/company/careers/open-positions/>

- 🤖 Applied AI Scientist, Small Language Model and AI Training
- 💻 Backend and System Engineer (nodeJS or Golang)
- 💻 Backend and System Engineer, Flows
- 🤖 Engineering Manager, Postman AI
- 🤖 Member of Technical Staff, AI Agent Development Lead
- 🤖 Member of Technical Staff, AI Reliability & Monitoring Engineering Lead
- 💻 Senior Backend Engineer, Cloud Platform
- 💻 Senior Backend Engineer, Observability
- 💻 Senior Fullstack Engineer - Codegen
- 💻 Senior Fullstack Engineer, Observability
- 💻 Senior Fullstack Software Engineer - (Customer Journey)
- 💻 Senior Software Engineer - Client SDK (UI Platform)
- 💻 Senior Software Engineer - Fern
- 💻 Senior Software Engineer Manager - Ecosystems
- 💻 Senior Software Engineer, Ecosystem
- 💻 Senior Software Engineer, Marketing Engineering
- 💻 Senior Software Engineer, Monetization
- 💻 Software Engineer, Authorization
- 💻 Software Engineer, IAM
- 💻 Staff Software Engineer - Fern
- 💻 Staff Software Engineer, Business Platform
- 💻 Staff Software Engineer- Codegen

## Arcesium — Bengaluru
<https://careers.arcesium.com/>

- 💻 Software Engineer

## Fractal Analytics — India
<https://fractal.ai/careers/>

- 💻 Full Stack Engineer (React + Django)
- 🤖 MLOps Engineer
- 💻 Senior Full Stack (React + Python ) Developer Role
- 💻 Senior Full Stack Engineer (React + Django)
- 💻 Senior Full Stack Engineer (ReactJS + Dot Net)
- 🤖 Senior ML Engineer
- 🤖 Sr. Data Scientist – GenAI & Agentic Systems
- 🤖 hiring@fractal.ai

## Synopsys — Bengaluru
<https://careers.synopsys.com/>

- 🎓 Hardware Verification Engineer, Entry Level

## Thunes — Singapore
<https://www.thunes.com/careers/>

- 🎓 Enterprise Singapore Graduate Scheme

# 🔔 New career-page entries — 2026-07-03T09:18:27

## Accenture — Bengaluru
<https://www.accenture.com/in-en/careers/jobsearch?fl=Bengaluru>

- 🎓 Packaged Application Development Associate Manager

## Accenture — Hyderabad
<https://www.accenture.com/in-en/careers/jobsearch?fl=Hyderabad>

- 🎓 Packaged Application Development Associate Manager

## Accenture — Pune
<https://www.accenture.com/in-en/careers/jobsearch?fl=Pune>

- 🎓 Packaged Application Development Associate Manager

## Accenture — Gurugram
<https://www.accenture.com/in-en/careers/jobsearch?fl=Gurugram>

- 🎓 Packaged Application Development Associate Manager

## Capgemini — India
<https://www.capgemini.com/in-en/careers/join-capgemini/job-search/>

- 🎓 Associate AP Invoice Processing Process Expert Kolkata Finance Permanent Experienced Professionals

## Swiggy — Bengaluru
<https://careers.swiggy.com/>

- Senior Account Manager

## Internshala (ML) — India
<https://internshala.com/internships/machine-learning-internship/>

- 🎓 🤖 Machine Learning Internships: Find 139 Machine Learning Intern Jobs

## Internshala (SDE) — India
<https://internshala.com/internships/software-development-internship/>

- 🎓 💻 Software Development Internships: 217+ Software Development Intern Jobs

## Internshala (AI) — India
<https://internshala.com/internships/artificial-intelligence-internship/>

- 🎓 🤖 Artificial intelligence Internships: Find 154 Artificial intelligence Intern Jobs

## YCombinator Jobs — Bengaluru
<https://www.ycombinator.com/jobs/location/bengaluru>

- 💻 Software Development Engineer III

## NVIDIA — India
<https://nvidia.wd5.myworkdayjobs.com/NVIDIAExternalCareerSite>

- 🤖 💻 Senior AI Agent Test Developer, SDET
- 💻 Senior CUDA Test Development Software Engineer, SDET
- 🤖 Senior Product Manager, AI Frameworks
- 💻 Senior Software Engineer - MarTech Platform Development
- 💻 Senior Software Engineer - MarTech Solutions
- 🤖 💻 Senior Software Engineer, PyTorch - Deep Learning
- 💻 Senior Software Engineer, RL Post-Training Frameworks
- 💻 Senior Systems Software Engineer - NV Cloud Functions

## Qualcomm — India
<https://careers.qualcomm.com/careers>

- 🤖 AI Software Platform Engineer Hsinchu City, Hsinchu City, Taiwan + 1 more Machine Learning Engineering Posted 6 months ago
- 🤖 Audio ML Systems Engineer Suwon, Gyeonggi-do, Korea, Republic of Systems Engineering Posted 9 hours ago
- 🤖 Engineer - AI Orchestration (Windows) Bangalore, Karnataka, India Software Engineering Posted 4 months ago
- 🎓 Engineer, Associate
- 🎓 Engineer, Associate Bangalore, Karnataka, India Software Engineering Posted 9 hours ago
- 🤖 Engineer, Staff-AI and Machine Learning with embedded/C++ Hyderabad, Telangana, India Software Engineering Posted 2 months ago
- 🤖 Senior Engineer - Machine Learning San Diego, California, United States of America Machine Learning Engineering Posted 2 days ago
- 🤖 💻 Senior Software Engineer – Edge AI/GenAI San Diego, California, United States of America Software Engineering Posted 24 days ago
- 🤖 Staff Engineer - AI Orchestration Bangalore, Karnataka, India Software Engineering Posted 4 months ago

## Internshala Pune — Pune
<https://internshala.com/internships/internship-in-pune/>

- 🎓 Graduate Engineer Trainee

## Grab — Singapore
<https://grab.careers/>

- 💻 Lead Software Engineer, Managed Kubernetes Platform

## Pine Labs — Noida
<https://www.pinelabs.com/careers>

- 🎓 Management Trainee Program
- 🎓 Our flagship summer internship program for students from premier B-schools.
- 🎓 Sales Trainee Program

# 🔔 New career-page entries — 2026-07-03T14:04:28

## Accenture — Bengaluru
<https://www.accenture.com/in-en/careers/jobsearch?fl=Bengaluru>

- 🤖 Enterprise AI Value Strategy Manager
- 🤖 IMU - AI & Data Manager
- 🎓 IMU Sales Capture Associate Director
- 🎓 Sales Capture Associate Director
- 🎓 Strategy Innovation Associate Director
- 🎓 Workplace Service Delivery Associate Manager
- 🎓 Workplace Service Delivery Associate Manager-Events

## Accenture — Hyderabad
<https://www.accenture.com/in-en/careers/jobsearch?fl=Hyderabad>

- 🤖 Enterprise AI Value Strategy Manager
- 🤖 IMU - AI & Data Manager
- 🎓 IMU Sales Capture Associate Director
- 🎓 Sales Capture Associate Director
- 🎓 Strategy Innovation Associate Director
- 🎓 Workplace Service Delivery Associate Manager
- 🎓 Workplace Service Delivery Associate Manager-Events

## Accenture — Pune
<https://www.accenture.com/in-en/careers/jobsearch?fl=Pune>

- 🤖 Enterprise AI Value Strategy Manager
- 🤖 IMU - AI & Data Manager
- 🎓 IMU Sales Capture Associate Director
- 🎓 Sales Capture Associate Director
- 🎓 Strategy Innovation Associate Director
- 🎓 Workplace Service Delivery Associate Manager
- 🎓 Workplace Service Delivery Associate Manager-Events

## Accenture — Gurugram
<https://www.accenture.com/in-en/careers/jobsearch?fl=Gurugram>

- 🤖 Enterprise AI Value Strategy Manager
- 🤖 IMU - AI & Data Manager
- 🎓 IMU Sales Capture Associate Director
- 🎓 Sales Capture Associate Director
- 🎓 Strategy Innovation Associate Director
- 🎓 Workplace Service Delivery Associate Manager
- 🎓 Workplace Service Delivery Associate Manager-Events

## IBM — India
<https://www.ibm.com/in-en/careers/career-opportunities>

- 🤖 Data Engineer-Machine Learning
- 🎓 Junior SAP Support Consultant (PP/QM) - German

## Swiggy — Bengaluru
<https://careers.swiggy.com/>

- Senior executive - video editor

## Internshala (SDE) — India
<https://internshala.com/internships/software-development-internship/>

- 🎓 💻 Software Development Internships: 219+ Software Development Intern Jobs

## Internshala (AI) — India
<https://internshala.com/internships/artificial-intelligence-internship/>

- 🎓 🤖 Artificial intelligence Internships: Find 159 Artificial intelligence Intern Jobs
- 🎓 Story Partner Intern | Marketing, Business Development & Client Relations

## Qualcomm — India
<https://careers.qualcomm.com/careers>

- 💻 1. Software Engineer
- 💻 3. Senior Software Engineer
- 💻 4. Software Development Engineer
- 💻 5. Senior Software Development Engineer
- 🤖 Audio ML Systems Engineer Suwon, Gyeonggi-do, Korea, Republic of Systems Engineering Posted 14 hours ago
- 🎓 Engineer, Associate Bangalore, Karnataka, India Software Engineering Posted 14 hours ago
- 🤖 Senior Engineer - Machine Learning San Diego, California, United States of America Machine Learning Engineering Posted 3 days ago
- 🤖 💻 Senior Software Engineer – Edge AI/GenAI San Diego, California, United States of America Software Engineering Posted 25 days ago

## Fractal Analytics — India
<https://fractal.ai/careers/>

- 🤖 hiring@fractal.ai

## Synopsys — Bengaluru
<https://careers.synopsys.com/>

- 🎓 IT Internal Audit, Sr Associate

## Internshala Noida — Noida
<https://internshala.com/internships/internship-in-noida/>

- 🎓 Knowledge Management And Research Associate

## Internshala Gurgaon — Gurugram
<https://internshala.com/internships/internship-in-gurgaon/>

- 🎓 Knowledge Management And Research Associate

## Gramener — Hyderabad
<https://gramener.com/careers/>

- 🤖 Data Scientist
- 🤖 Data Scientist Bangalore Validate the models developed against statistical robustness and business sense.
- 🎓 Internship is processed with technical assessment followed by discussion with the hiring manager.
- 🎓 Junior UI/UX Engineer Hyderabad/ Collaborate with marketing and sales teams to design and implement website updates and landing pages.
- 🤖 Lead Data Science Engineer at Gramener
- 🤖 Lead Data Scientist – SFE Analytics Hyderabad Worked extensively on SFE Analytics (Pharma preferred).
- 🤖 Python Developer – GenAI/NLP Integration Hyderabad/Bangalore Core Python Development: 4–8 years of hands-on experience.
- 💻 Senior Full-Stack Developer Bangalore AWS or Azure cloud, Server management with basic visualization.
- 🎓 What is your process for Campus Hiring?

## Wingify — Pune
<https://wingify.com/careers/>

- 🤖 GenAI Engineer
- 💻 Senior Software Engineer - Client Services
- 💻 Software Engineer - QA (Client Services team)
- 💻 Software Engineer – Full Stack

# 🔔 New career-page entries — 2026-07-03T19:22:56

## Accenture — Bengaluru
<https://www.accenture.com/in-en/careers/jobsearch?fl=Bengaluru>

- 💻 Custom Software Engineer
- 🎓 Customer Service Associate

## Accenture — Hyderabad
<https://www.accenture.com/in-en/careers/jobsearch?fl=Hyderabad>

- 💻 Custom Software Engineer
- 🎓 Customer Service Associate

## Accenture — Pune
<https://www.accenture.com/in-en/careers/jobsearch?fl=Pune>

- 💻 Custom Software Engineer
- 🎓 Customer Service Associate

## Accenture — Gurugram
<https://www.accenture.com/in-en/careers/jobsearch?fl=Gurugram>

- 💻 Custom Software Engineer
- 🎓 Customer Service Associate

## IBM — India
<https://www.ibm.com/in-en/careers/career-opportunities>

- 🎓 Entry Level - Storage Sales Specialist

## Cognizant — India
<https://careers.cognizant.com/global-en/jobs/>

- 💻 Senior Java Software Engineer

## Cognizant — India
<https://careers.cognizant.com/india-en/jobs/>

- 💻 Senior Java Software Engineer

## Internshala (ML) — India
<https://internshala.com/internships/machine-learning-internship/>

- 🎓 Forward Deployed Engineer Trainee (SLMs)
- 🎓 🤖 Machine Learning Internships: Find 134 Machine Learning Intern Jobs

## Internshala (SDE) — India
<https://internshala.com/internships/software-development-internship/>

- 🎓 💻 Software Development Internships: 214+ Software Development Intern Jobs

## Internshala (AI) — India
<https://internshala.com/internships/artificial-intelligence-internship/>

- 🎓 🤖 Artificial intelligence Internships: Find 154 Artificial intelligence Intern Jobs

## YCombinator Jobs — Bengaluru
<https://www.ycombinator.com/jobs/location/bengaluru>

- 🤖 Vahan (S19) • AI recruiter for India's massive blue-collar workforce ( 11 days ago)

## Atlassian — Bengaluru
<https://www.atlassian.com/company/careers/all-jobs>

- 🤖 AI GTM Engineer, AI & Digital Natives
- 🎓 Account Associate, LATAM (Portuguese Speaking)
- 🎓 Associate Customer Success Manager
- 🎓 Associate Solution Engineer, Mid Market (West)
- 🤖 Inside Sales Account Executive, AI & Digital Natives
- 🤖 Principal Machine Learning Engineer
- 🤖 Principal Machine Learning Systems Engineer
- 🤖 Senior Account Executive , AI & Digital Natives (Bay Area)
- 🤖 Senior Account Executive , AI and Digital Native (NYC)
- 🤖 Senior Design Manager, AI
- 🤖 Senior Design Manager, Jira AI
- 🤖 Senior Manager, AI & Digital Natives
- 💻 Senior Software Engineer
- 🤖 Senior Solution Consultant, Teamwork Foundations + AI
- 🤖 Senior Systems Engineer — AI Code Metrics Daemon
- 💻 Software Engineer

## Sarvam AI — Bengaluru
<https://www.sarvam.ai/careers>

- 🎓 🤖 AI Engineer - Intern Bengaluru Full Time On-Site

## Synopsys — Bengaluru
<https://careers.synopsys.com/>

- 🎓 DevOps Internship

## Thunes — Singapore
<https://www.thunes.com/careers/>

- 🎓 Enterprise Singapore Graduate Scheme

## Yulu — Bengaluru
<https://www.yulu.bike/careers/>

- 🎓 Associate Director

# 🔔 New career-page entries — 2026-07-04T02:55:14

## Accenture — Bengaluru
<https://www.accenture.com/in-en/careers/jobsearch?fl=Bengaluru>

- 🤖 Enterprise AI Value Strategy Manager
- 🤖 IMU - AI & Data Manager
- 🎓 IMU Sales Capture Associate Director
- 🎓 Sales Capture Associate Director
- 🎓 Strategy Innovation Associate Director
- 🎓 Workplace Service Delivery Associate Manager
- 🎓 Workplace Service Delivery Associate Manager-Events

## Accenture — Hyderabad
<https://www.accenture.com/in-en/careers/jobsearch?fl=Hyderabad>

- 🤖 Enterprise AI Value Strategy Manager
- 🤖 IMU - AI & Data Manager
- 🎓 IMU Sales Capture Associate Director
- 🎓 Sales Capture Associate Director
- 🎓 Strategy Innovation Associate Director
- 🎓 Workplace Service Delivery Associate Manager
- 🎓 Workplace Service Delivery Associate Manager-Events

## Accenture — Pune
<https://www.accenture.com/in-en/careers/jobsearch?fl=Pune>

- 🤖 Enterprise AI Value Strategy Manager
- 🤖 IMU - AI & Data Manager
- 🎓 IMU Sales Capture Associate Director
- 🎓 Sales Capture Associate Director
- 🎓 Strategy Innovation Associate Director
- 🎓 Workplace Service Delivery Associate Manager
- 🎓 Workplace Service Delivery Associate Manager-Events

## Accenture — Gurugram
<https://www.accenture.com/in-en/careers/jobsearch?fl=Gurugram>

- 🤖 Enterprise AI Value Strategy Manager
- 🤖 IMU - AI & Data Manager
- 🎓 IMU Sales Capture Associate Director
- 🎓 Sales Capture Associate Director
- 🎓 Strategy Innovation Associate Director
- 🎓 Workplace Service Delivery Associate Manager
- 🎓 Workplace Service Delivery Associate Manager-Events

## Zenskar — Bengaluru
<https://www.zenskar.com/careers>

- Account Executive-Mid Market(US)
- 🎓 Content Marketing Intern
- Customer Success & Solutions Manager
- 🎓 Customer Success Intern
- Engineering Manager
- Enterprise Account Executive (US)
- Finance Executive
- Forward Deployed Engineer
- 🎓 Intern @ Zenskar
- Product Manager
- Product Security Engineer
- 🎓 Revenue Operations Intern
- Senior Forward Deployed Engineer
- 🤖 Senior GenAI Engineer
- Senior Solutions Engineer (US)
- Solutions Consultant
- 💻 Tech Lead - Backend
- Technical Support Engineer
- We're hiring across every function. Here's where we're building right now.
- or apply via our careers page here:

## Peoplebox — Bengaluru
<https://www.peoplebox.ai/careers>

- 🎓 Associate Product Manager (APM) 59 days ago BANGALORE Full Time
- Content Marketing Manager 334 days ago BANGALORE 4-6 Full Time
- SEO Lead 218 days ago BANGALORE 4-6 Full Time
- 💻 Senior Backend Engineer 330 days ago BANGALORE 5-9 Full Time
- Talent Acquisition Lead 108 days ago BANGALORE 5+ Full Time

## Internshala (SDE) — India
<https://internshala.com/internships/software-development-internship/>

- 🎓 💻 Software Development Internships: 215+ Software Development Intern Jobs

## Qualcomm — India
<https://careers.qualcomm.com/careers>

- 🤖 Audio ML Systems Engineer
- 🤖 Audio ML Systems Engineer Suwon, Gyeonggi-do, Korea, Republic of Systems Engineering Posted a day ago
- 💻 IT Software Developer
- 🎓 Interim Engineering Intern - SW
- 🎓 Interim Intern
- 🎓 Intern

## Synopsys — Bengaluru
<https://careers.synopsys.com/>

- 🎓 Business Process Analyst Internship
- 🎓 Data Analytics & Reporting Internship

## MyCareersFuture (SDE) — Singapore
<https://www.mycareersfuture.gov.sg/search?search=software+engineer&sortBy=new_posting_date>

- 🎓 If you are a fresh graduate looking for a traineeship opportunity
- 🎓 Junior Executive

## Signzy — Bengaluru
<https://www.signzy.com/careers/>

- 🎓 Associate Director - Enterprise Sales 865 days ago Chennai 7 years - 10 years Full Time
- 🎓 Sales Associate 11 days ago Mumbai 1 - 2 years Full Time

## Gramener — Hyderabad
<https://gramener.com/careers/>

- 🤖 Data Scientist
- 🤖 Data Scientist Bangalore Validate the models developed against statistical robustness and business sense.
- 🎓 Internship is processed with technical assessment followed by discussion with the hiring manager.
- 🎓 Junior UI/UX Engineer Hyderabad/ Collaborate with marketing and sales teams to design and implement website updates and landing pages.
- 🤖 Lead Data Science Engineer at Gramener
- 🤖 Lead Data Scientist – SFE Analytics Hyderabad Worked extensively on SFE Analytics (Pharma preferred).
- 🤖 Python Developer – GenAI/NLP Integration Hyderabad/Bangalore Core Python Development: 4–8 years of hands-on experience.
- 💻 Senior Full-Stack Developer Bangalore AWS or Azure cloud, Server management with basic visualization.
- 🎓 What is your process for Campus Hiring?

## Wingify — Pune
<https://wingify.com/careers/>

- 🤖 GenAI Engineer
- 💻 Senior Software Engineer - Client Services
- 💻 Software Engineer - QA (Client Services team)
- 💻 Software Engineer – Full Stack

# 🔔 New career-page entries — 2026-07-04T08:37:16

## Capgemini — India
<https://www.capgemini.com/in-en/careers/join-capgemini/job-search/>

- 💻 Lead Software Engineer - SAP TRM Pune, Bangalore, Gandhinagar, Mumbai Software Engineering Permanent Experienced Professionals

## IBM — India
<https://www.ibm.com/in-en/careers/career-opportunities>

- 🎓 Associate Strategy Consultant-Enterprise & Cloud Transformation (Fresh Graduates Tech & Sales Track)

## Cognizant — India
<https://careers.cognizant.com/global-en/jobs/>

- 💻 .Net Backend developer

## Cognizant — India
<https://careers.cognizant.com/india-en/jobs/>

- 💻 .Net Backend developer

## Keka HR — Hyderabad
<https://www.keka.com/careers>

- Hiring & Onboarding
- Hiring & Onboarding Create a great candidate experience before and after joining
- Hiring Software
- We are hiring !

## Swiggy — Bengaluru
<https://careers.swiggy.com/>

- Executive - Videographer

## Internshala (ML) — India
<https://internshala.com/internships/machine-learning-internship/>

- 🎓 🤖 Machine Learning Internships: Find 136 Machine Learning Intern Jobs

## Internshala (SDE) — India
<https://internshala.com/internships/software-development-internship/>

- 🎓 💻 Software Development Internships: 216+ Software Development Intern Jobs

## Qualcomm — India
<https://careers.qualcomm.com/careers>

- 🎓 Lead junior engineers and drive project planning and tracking.

## Kore.ai — Hyderabad
<https://kore.ai/careers/>

- 🤖 AI Solution Sales Specialist

## MyCareersFuture (ML) — Singapore
<https://www.mycareersfuture.gov.sg/search?search=machine+learning&sortBy=new_posting_date>

- 🎓 If you are a fresh graduate looking for a traineeship opportunity
- 🎓 Junior Executive

## Thunes — Singapore
<https://www.thunes.com/careers/>

- 🎓 Enterprise Singapore Graduate Scheme

# 🔔 New career-page entries — 2026-07-04T13:26:09

## Accenture — Bengaluru
<https://www.accenture.com/in-en/careers/jobsearch?fl=Bengaluru>

- 💻 Custom Software Engineer
- 🎓 Procure to Pay Operations New Associate
- 🎓 Procurement Practice Associate Manager

## Accenture — Hyderabad
<https://www.accenture.com/in-en/careers/jobsearch?fl=Hyderabad>

- 💻 Custom Software Engineer
- 🎓 Procure to Pay Operations New Associate
- 🎓 Procurement Practice Associate Manager

## Accenture — Pune
<https://www.accenture.com/in-en/careers/jobsearch?fl=Pune>

- 💻 Custom Software Engineer
- 🎓 Procure to Pay Operations New Associate
- 🎓 Procurement Practice Associate Manager

## Accenture — Gurugram
<https://www.accenture.com/in-en/careers/jobsearch?fl=Gurugram>

- 💻 Custom Software Engineer
- 🎓 Procure to Pay Operations New Associate
- 🎓 Procurement Practice Associate Manager

## Capgemini — India
<https://www.capgemini.com/in-en/careers/join-capgemini/job-search/>

- 💻 Senior Software Engineer Mumbai (ex Bombay) Software Engineering Permanent Experienced Professionals

## IBM — India
<https://www.ibm.com/in-en/careers/search>

- 🤖 Consulting Technical Consultant-AI Integration Professional Bangalore, IN
- 🎓 Enterprise Operations Process Associate Order Management - Health Care (Voice) Professional Gurgaon, IN
- 🎓 Infrastructure & Technology Entry Level Hardware Developer 2026 Entry Level Multiple Cities
- 🎓 Infrastructure & Technology Package Specialist 2026- Workday HCM & Compensation Entry Level Multiple Cities
- 🎓 Internship (88)
- 🎓 Sales Apprenti.e Metropole Program Manager – Ecosystème - IBM France - H/F Internship Bois Colombes Cedex, FR
- 🎓 Sales Entry Level Technical Sales Specialist Entry Level Bucharest, RO
- 💻 Software Engineering Application Developer-Cloud FullStack Professional Bangalore, IN
- 🎓 Software Engineering IBM Consulting Interns Internship QUEZON CITY, PH

## Cognizant — India
<https://careers.cognizant.com/global-en/jobs/>

- 💻 Java AWS - Backend Developer

## Cognizant — India
<https://careers.cognizant.com/india-en/jobs/>

- 💻 Java AWS - Backend Developer

## Internshala (ML) — India
<https://internshala.com/internships/machine-learning-internship/>

- 🎓 🤖 Machine Learning Internships: Find 137 Machine Learning Intern Jobs

## Internshala (SDE) — India
<https://internshala.com/internships/software-development-internship/>

- 🎓 💻 Software Development Internships: 217+ Software Development Intern Jobs

## Internshala (AI) — India
<https://internshala.com/internships/artificial-intelligence-internship/>

- 🎓 🤖 Artificial intelligence Internships: Find 155 Artificial intelligence Intern Jobs

## Qualcomm — India
<https://careers.qualcomm.com/careers>

- 🎓 2. Associate Engineer
- 🤖 Audio ML Systems Engineer Suwon, Gyeonggi-do, Korea, Republic of Systems Engineering Posted 2 days ago
- 🎓 🤖 Engineer/Associate Engineer - AI Platform Hyderabad, Telangana, India Software Engineering Posted 2 days ago
- 🤖 Machine Learning Engineer Shenzhen, Guangdong, China + 1 more Software Engineering Posted 2 days ago

## Kore.ai — Hyderabad
<https://kore.ai/careers/>

- 🤖 Lead AI Customer Engineer — Fanatic Customer Support
- 💻 Software Engineer/Senior Software Engineer - Technical Support

## AMD India — Bengaluru
<https://careers.amd.com/careers-home>

- 💻 Software Development Technology Engineer - Games

## Micron India — Hyderabad
<https://careers.micron.com/careers>

- 🎓 Intern

## Grab — Singapore
<https://grab.careers/>

- 🎓 GRIT Trainee

## Gramener — Hyderabad
<https://gramener.com/careers/>

- 🤖 Data Scientist
- 🤖 Data Scientist Bangalore Validate the models developed against statistical robustness and business sense.
- 🎓 Internship is processed with technical assessment followed by discussion with the hiring manager.
- 🎓 Junior UI/UX Engineer Hyderabad/ Collaborate with marketing and sales teams to design and implement website updates and landing pages.
- 🤖 Lead Data Science Engineer at Gramener
- 🤖 Lead Data Scientist – SFE Analytics Hyderabad Worked extensively on SFE Analytics (Pharma preferred).
- 🤖 Python Developer – GenAI/NLP Integration Hyderabad/Bangalore Core Python Development: 4–8 years of hands-on experience.
- 💻 Senior Full-Stack Developer Bangalore AWS or Azure cloud, Server management with basic visualization.
- 🎓 What is your process for Campus Hiring?

# 🔔 New career-page entries — 2026-07-04T16:25:52

## Capgemini — India
<https://www.capgemini.com/in-en/careers/join-capgemini/job-search/>

- 💻 Lead Software Engineer - SAP TRM Mumbai, Pune, Bangalore, Gandhinagar Software Engineering Permanent Experienced Professionals

## Internshala (ML) — India
<https://internshala.com/internships/machine-learning-internship/>

- 🎓 🤖 Machine Learning Internships: Find 136 Machine Learning Intern Jobs

## Internshala (SDE) — India
<https://internshala.com/internships/software-development-internship/>

- 🎓 💻 Software Development Internships: 216+ Software Development Intern Jobs

## Internshala (AI) — India
<https://internshala.com/internships/artificial-intelligence-internship/>

- 🎓 🤖 Artificial intelligence Internships: Find 153 Artificial intelligence Intern Jobs

## YCombinator Jobs — Bengaluru
<https://www.ycombinator.com/jobs/location/bengaluru>

- 🤖 Vahan (S19) • AI recruiter for India's massive blue-collar workforce ( 12 days ago)

## Atlassian — Bengaluru
<https://www.atlassian.com/company/careers/all-jobs>

- 🤖 AI GTM Engineer, AI & Digital Natives
- 🎓 Account Associate, LATAM (Portuguese Speaking)
- 🎓 Associate Customer Success Manager
- 🎓 Associate Solution Engineer, Mid Market (West)
- 🤖 Inside Sales Account Executive, AI & Digital Natives
- 🤖 Principal Machine Learning Engineer
- 🤖 Principal Machine Learning Systems Engineer
- 🤖 Senior Account Executive , AI & Digital Natives (Bay Area)
- 🤖 Senior Account Executive , AI and Digital Native (NYC)
- 🤖 Senior Design Manager, AI
- 🤖 Senior Design Manager, Jira AI
- 🤖 Senior Manager, AI & Digital Natives
- 💻 Senior Software Engineer
- 🤖 Senior Solution Consultant, Teamwork Foundations + AI
- 🤖 Senior Systems Engineer — AI Code Metrics Daemon
- 💻 Software Engineer

## Signzy — Bengaluru
<https://www.signzy.com/careers/>

- 🎓 Associate Director - Enterprise Sales 865 days ago Chennai 7 years - 10 years Full Time
- 🎓 Sales Associate 11 days ago Mumbai 1 - 2 years Full Time

## Wingify — Pune
<https://wingify.com/careers/>

- 🤖 GenAI Engineer
- 💻 Senior Software Engineer - Client Services
- 💻 Software Engineer - QA (Client Services team)
- 💻 Software Engineer – Full Stack

# 🔔 New career-page entries — 2026-07-04T16:38:16

## Accenture — Bengaluru
<https://www.accenture.com/in-en/careers/jobsearch?fl=Bengaluru>

- 🤖 Enterprise AI Value Strategy Manager
- 🤖 IMU - AI & Data Manager
- 🎓 IMU Sales Capture Associate Director
- 🎓 Sales Capture Associate Director
- 🎓 Strategy Innovation Associate Director
- 🎓 Workplace Service Delivery Associate Manager
- 🎓 Workplace Service Delivery Associate Manager-Events

## Accenture — Hyderabad
<https://www.accenture.com/in-en/careers/jobsearch?fl=Hyderabad>

- 🤖 Enterprise AI Value Strategy Manager
- 🤖 IMU - AI & Data Manager
- 🎓 IMU Sales Capture Associate Director
- 🎓 Sales Capture Associate Director
- 🎓 Strategy Innovation Associate Director
- 🎓 Workplace Service Delivery Associate Manager
- 🎓 Workplace Service Delivery Associate Manager-Events

## Accenture — Pune
<https://www.accenture.com/in-en/careers/jobsearch?fl=Pune>

- 🤖 Enterprise AI Value Strategy Manager
- 🤖 IMU - AI & Data Manager
- 🎓 IMU Sales Capture Associate Director
- 🎓 Sales Capture Associate Director
- 🎓 Strategy Innovation Associate Director
- 🎓 Workplace Service Delivery Associate Manager
- 🎓 Workplace Service Delivery Associate Manager-Events

## Accenture — Gurugram
<https://www.accenture.com/in-en/careers/jobsearch?fl=Gurugram>

- 🤖 Enterprise AI Value Strategy Manager
- 🤖 IMU - AI & Data Manager
- 🎓 IMU Sales Capture Associate Director
- 🎓 Sales Capture Associate Director
- 🎓 Strategy Innovation Associate Director
- 🎓 Workplace Service Delivery Associate Manager
- 🎓 Workplace Service Delivery Associate Manager-Events

## Capgemini — India
<https://www.capgemini.com/in-en/careers/join-capgemini/job-search/>

- 🤖 AI ML Engineer Bangalore Products & Systems Engineering Permanent Experienced Professionals
- 💻 Lead Software Engineer - SAP TRM Bangalore, Gandhinagar, Mumbai, Pune Software Engineering Permanent Experienced Professionals

## IBM — India
<https://www.ibm.com/in-en/careers/search>

- 🤖 Consulting Technical Consultant-AI Integration Professional Bangalore, IN
- 🤖 Consulting Technical Consultant-AI Integration Professional Pune, IN
- 🎓 Enterprise Operations Process Associate Order Management - Health Care (Voice) Professional Gurgaon, IN
- 🎓 Infrastructure & Technology Entry Level Hardware Developer 2026 Entry Level Multiple Cities
- 🎓 Infrastructure & Technology Package Specialist 2026- Workday HCM & Compensation Entry Level Multiple Cities
- 🎓 Internship (89)
- 🎓 Sales Apprenti.e Metropole Program Manager – Ecosystème - IBM France - H/F Internship Bois Colombes Cedex, FR
- 🎓 Sales Entry Level Technical Sales Specialist Entry Level Bucharest, RO
- 💻 Software Engineering Application Developer-Cloud FullStack Professional Bangalore, IN
- 💻 Software Engineering Application Developer-Cloud FullStack Professional Hyderabad, IN
- 🎓 Software Engineering IBM Consulting Interns Internship QUEZON CITY, PH

## Bacancy Technology — Ahmedabad
<https://www.bacancytechnology.com/careers>

- .NET Developer
- 🤖 AI Developer
- AIOps Engineer
- AWS Developer
- Alexa Skill Developer
- Android Developer
- Angular Developer
- Automation Anywhere Developer
- Azure Developer
- C# Developer
- ChatGPT Developer
- Cloud Developer
- Data Analyst
- Data Engineer
- 🤖 Data Scientist
- Dedicated Developer/Teams
- DevOps
- DevOps Automation
- DevOps Consulting
- DevOps Containerization
- DevOps Developer
- DevOps Implementation
- DevsecOps Developer
- Django Developer
- Docker Developer
- Find a Developer
- Flutter Developer
- 💻 Full Stack Developer
- Golang Developer
- Google Cloud Developer
- HTML/CSS Developer
- 💻 Hire Backend Developer
- Hire Dedicated Developer
- Hire Flutterflow Developer
- 💻 Hire Frontend Developer
- 💻 Hire Frontend-developer
- Hire Mobile App Developer
- Hiring Software Developers
- Ionic Developer
- Java Developer
- Javascript Developer
- Kotlin Developer
- Kubernetes Developer
- Laravel Developer
- 🤖 ML Developer
- MS Dynamics 365 Developer
- Neural Network Developer
- Node Developer
- Offshore Developer
- OpenAI Developer
- PHP Developer
- Power BI Developer
- PowerBI Consultant
- Prompt Engineer
- Python Developer
- Pytorch Developer
- QA Testing
- Qlik Developer
- R Developer
- RPA Developer
- React Developer
- React Native Developer
- Remote Developer
- Ruby on Rails Developer
- Rust Developer
- Salesforce Developer
- See Opening
- ServiceNow Developer
- 💻 Software Developer
- Spring Boot Developer
- Tableau Consultant
- Tableau Developer
- Tailwind CSS Developer
- Terraform Developer
- UI/UX Developer
- UiPath Developer
- Vue Developer
- Web Designer
- 💻 Web Developer
- Webflow Developer
- iOS Developer

## Internshala (SDE) — India
<https://internshala.com/internships/software-development-internship/>

- 🎓 💻 Software Development Internships: 215+ Software Development Intern Jobs

## Kore.ai — Hyderabad
<https://kore.ai/careers/>

- 🤖 Lead AI Customer Engineer — Fanatic Customer Support

## MyCareersFuture (SDE) — Singapore
<https://www.mycareersfuture.gov.sg/search?search=software+engineer&sortBy=new_posting_date>

- 🎓 If you are a fresh graduate looking for a traineeship opportunity
- 🎓 Junior Executive

## MyCareersFuture (ML) — Singapore
<https://www.mycareersfuture.gov.sg/search?search=machine+learning&sortBy=new_posting_date>

- 🎓 If you are a fresh graduate looking for a traineeship opportunity
- 🎓 Junior Executive

## Cashfree — Bengaluru
<https://www.cashfree.com/careers/>

- 🎓 Associate Director - Banking & Alliance Product
- 💻 Software Development Engineer - 3

## Pine Labs — Noida
<https://www.pinelabs.com/careers>

- 🎓 Management Trainee Program
- 🎓 Our flagship summer internship program for students from premier B-schools.
- 🎓 Sales Trainee Program

## YC Work at a Startup — Remote
<https://www.workatastartup.com/jobs>

- 💻 Staff Software Engineer - Infrastructure

# 🔔 New career-page entries — 2026-07-04T19:13:48

## IBM — India
<https://www.ibm.com/in-en/careers/search>

- 🎓 Infrastructure & Technology Associate Technical SAP Package Specialist (September 2026 - Calgary) Entry Level Calgary, CA

## Internshala (ML) — India
<https://internshala.com/internships/machine-learning-internship/>

- 🎓 🤖 Machine Learning Internships: Find 132 Machine Learning Intern Jobs

## Internshala (SDE) — India
<https://internshala.com/internships/software-development-internship/>

- 🎓 💻 Software Development Internships: 207+ Software Development Intern Jobs

## Internshala (AI) — India
<https://internshala.com/internships/artificial-intelligence-internship/>

- 🎓 🤖 Artificial intelligence Internships: Find 150 Artificial intelligence Intern Jobs

## Alef Education — Dubai
<https://www.alefeducation.com/careers/>

- 🤖 Lead AI Engineer

## Thunes — Singapore
<https://www.thunes.com/careers/>

- 🎓 Enterprise Singapore Graduate Scheme

## Internshala (Data Science) — India
<https://internshala.com/internships/data-science-internship/>

- 🎓 🤖 Data Science Internships: Find 295 Data Science Intern Jobs

## Internshala (Web Dev) — India
<https://internshala.com/internships/web-development-internship/>

- 🎓 Web Development Internships: 314+ Web Development Intern Jobs

## Internshala (Python) — India
<https://internshala.com/internships/python-internship/>

- 🎓 Python Internships: Find 245 Python Intern Jobs

## Internshala (Full Stack) — India
<https://internshala.com/internships/full-stack-development-internship/>

- 🎓 💻 Full Stack Development Internships: 101+ Full Stack Development Intern Jobs

## Internshala (Frontend) — India
<https://internshala.com/internships/front-end-development-internship/>

- 🎓 💻 Front End Development Internships: Find 104 Front End Development Intern Jobs

## Internshala (Backend) — India
<https://internshala.com/internships/back-end-development-internship/>

- 🎓 💻 Backend Development Internships: Find 122 Backend Development Intern Jobs
- 💻 Software Engineer (Cloud & DevOps Exposure)

## Internshala (App Dev) — India
<https://internshala.com/internships/mobile-app-development-internship/>

- 🎓 Mobile App Development Internships: Find 63 Mobile App Development Intern Jobs

# 🔔 New career-page entries — 2026-07-05T03:24:55

## IBM — India
<https://www.ibm.com/in-en/careers/search>

- 🎓 Project Management Estágio na área de Internal Controls Internship HORTOLANDIA, BR
- 🎓 Sales Brand Technical Specialist Entry Level Esch-sur-Alzette, LU
- 💻 Software Engineering Application Developer-Cloud FullStack Professional Hyderabad, IN

## Peoplebox — Bengaluru
<https://www.peoplebox.ai/careers>

- 🎓 Associate Product Manager (APM) 60 days ago BANGALORE Full Time
- Content Marketing Manager 335 days ago BANGALORE 4-6 Full Time
- SEO Lead 219 days ago BANGALORE 4-6 Full Time
- 💻 Senior Backend Engineer 331 days ago BANGALORE 5-9 Full Time
- Talent Acquisition Lead 109 days ago BANGALORE 5+ Full Time

## Qualcomm — India
<https://careers.qualcomm.com/careers>

- 🎓 2. Associate Engineer

## Atlassian — Bengaluru
<https://www.atlassian.com/company/careers/all-jobs>

- 🤖 AI GTM Engineer, AI & Digital Natives
- 🎓 Account Associate, LATAM (Portuguese Speaking)
- 🎓 Associate Customer Success Manager
- 🎓 Associate Solution Engineer, Mid Market (West)
- 🤖 Inside Sales Account Executive, AI & Digital Natives
- 🤖 Principal Machine Learning Engineer
- 🤖 Principal Machine Learning Systems Engineer
- 🤖 Senior Account Executive , AI & Digital Natives (Bay Area)
- 🤖 Senior Account Executive , AI and Digital Native (NYC)
- 🤖 Senior Design Manager, AI
- 🤖 Senior Design Manager, Jira AI
- 🤖 Senior Manager, AI & Digital Natives
- 💻 Senior Software Engineer
- 🤖 Senior Solution Consultant, Teamwork Foundations + AI
- 🤖 Senior Systems Engineer — AI Code Metrics Daemon
- 💻 Software Engineer

## Kore.ai — Hyderabad
<https://kore.ai/careers/>

- 💻 Software Engineer/Senior Software Engineer - Technical Support

## MyCareersFuture (ML) — Singapore
<https://www.mycareersfuture.gov.sg/search?search=machine+learning&sortBy=new_posting_date>

- 🎓 If you are a fresh graduate looking for a traineeship opportunity
- 🎓 Junior Executive

## Gramener — Hyderabad
<https://gramener.com/careers/>

- 🤖 Data Scientist
- 🤖 Data Scientist Bangalore Validate the models developed against statistical robustness and business sense.
- 🎓 Internship is processed with technical assessment followed by discussion with the hiring manager.
- 🎓 Junior UI/UX Engineer Hyderabad/ Collaborate with marketing and sales teams to design and implement website updates and landing pages.
- 🤖 Lead Data Science Engineer at Gramener
- 🤖 Lead Data Scientist – SFE Analytics Hyderabad Worked extensively on SFE Analytics (Pharma preferred).
- 🤖 Python Developer – GenAI/NLP Integration Hyderabad/Bangalore Core Python Development: 4–8 years of hands-on experience.
- 💻 Senior Full-Stack Developer Bangalore AWS or Azure cloud, Server management with basic visualization.
- 🎓 What is your process for Campus Hiring?

## Wingify — Pune
<https://wingify.com/careers/>

- 🤖 GenAI Engineer
- 💻 Senior Software Engineer - Client Services
- 💻 Software Engineer - QA (Client Services team)
- 💻 Software Engineer – Full Stack

## Pine Labs — Noida
<https://www.pinelabs.com/careers>

- 🎓 Management Trainee Program
- 🎓 Our flagship summer internship program for students from premier B-schools.
- 🎓 Sales Trainee Program

## Tekion — Bengaluru
<https://tekion.com/careers>

- 💻 Architect, Software Engineering - Frontend - Integration

## Internshala (Data Science) — India
<https://internshala.com/internships/data-science-internship/>

- 🎓 🤖 Data Science Internships: Find 296 Data Science Intern Jobs

## Internshala (Web Dev) — India
<https://internshala.com/internships/web-development-internship/>

- 🎓 Web Development Internships: 312+ Web Development Intern Jobs

## Internshala (Full Stack) — India
<https://internshala.com/internships/full-stack-development-internship/>

- 🎓 💻 Full Stack Development Internships: 100+ Full Stack Development Intern Jobs

## Internshala (Backend) — India
<https://internshala.com/internships/back-end-development-internship/>

- 🎓 💻 Backend Development Internships: Find 121 Backend Development Intern Jobs

## FreshersWorld — India
<https://www.freshersworld.com/jobs/jobsearch/internship-jobs>

- 🎓 0 (Fresher)
- 🎓 52 Fresher Internship Job vacancies 2026
- 🎓 52 Latest Internship Training 2026 (Internship & Jobs). Updated on 5 July 2026)
- 🤖 AI Developer
- 🤖 AI Developer Jobs
- 🤖 AI ML Engineer
- 🤖 AI ML Engineer Jobs
- 🎓 ARE YOU A FRESHER?
- 🎓 ASSOCIATE
- 🎓 ASSOCIATE CSR
- 🎓 ASSOCIATE CSR Jobs
- 🎓 ASSOCIATE Jobs
- 🎓 Accountant Trainee Jobs Opening in Pearl Lemon at Central Delhi, Delhi Cantt., Delhi-Others, Bangalore, Mumbai, Delhi
- 🎓 Accounting Associate
- 🎓 Accounting Associate Jobs
- 🎓 Accounts Trainee
- 🎓 Accounts Trainee Jobs
- 🎓 Actuarial Associate
- 🎓 Actuarial Associate Jobs
- 💻 Analyst Programmer
- 💻 Analyst Programmer Jobs
- 🎓 Analytical Associate
- 🎓 Analytical Associate Jobs
- 🎓 Apply to Accountant Trainee Jobs in Pearl Lemon, Bangalo...
- 🎓 Apply to B2B Sales Intern Jobs in Uniserv.Tech, Mumbai f...
- 🎓 Apply to B2B Sales Intern Jobs in Value Score Business S...
- 🎓 Apply to Marketing Intern Jobs in P3 Infotech Solutions ...
- 🎓 Apply to Music-Tech Studio Fellow / Intern Jobs in Nath...
- 🎓 Apply to Operations Intern Jobs in Exson proptech privat...
- 🎓 Apply to QA Intern Jobs in Instawork, Bangalore from 0 t...
- 🤖 Apply to Software AI Testing Jobs in PRAM EDUCATE IT SO...
- 🎓 Apply to Software Tester Trainee Jobs in Spraxa Solution...
- 🎓 Apply to the Latest Internship Now on Freshersworld!
- 🎓 Apprentice trainee
- 🎓 Apprentice trainee Jobs
- 🎓 Apprentice trainee engineering
- 🎓 Apprentice trainee engineering Jobs
- 🎓 Associate - Logistics
- 🎓 Associate - Logistics Jobs
- 🎓 Associate - Supply Chain
- 🎓 Associate - Supply Chain Jobs
- 🎓 Associate -HR
- 🎓 Associate -HR Jobs
- 🎓 Associate Accounts Payble
- 🎓 Associate Accounts Payble Jobs
- 🎓 Associate Banking Operations
- 🎓 Associate Banking Operations Jobs
- 🎓 Associate Business Analyst
- 🎓 Associate Business Analyst Jobs
- 🎓 Associate Consultant
- 🎓 Associate Consultant Jobs
- 🎓 Associate Customer
- 🎓 Associate Customer Jobs
- 🎓 Associate Customer Support
- 🎓 Associate Customer Support Jobs
- 🎓 Associate Data Analyst
- 🎓 Associate Data Analyst Jobs
- 🎓 Associate Finance
- 🎓 Associate Finance Jobs
- 🎓 Associate HR
- 🎓 Associate HR Jobs
- 🎓 Associate Hire to Retire
- 🎓 Associate Hire to Retire Jobs
- 🎓 Associate In Process Quality
- 🎓 Associate In Process Quality Jobs
- 🎓 Associate MIS
- 🎓 Associate MIS Jobs
- 🎓 Associate Maintenance
- 🎓 Associate Maintenance Jobs
- 🎓 Associate Network Business Analytics
- 🎓 Associate Network Business Analytics Jobs
- 🎓 Associate Product Manager
- 🎓 Associate Quality Testing
- 🎓 Associate Quality Testing Jobs
- 🎓 Associate Recruiter
- 🎓 Associate Recruiter Jobs
- 🎓 💻 Associate Software Development
- 🎓 💻 Associate Software Development Jobs
- 🎓 Associate UI/UX Designer
- 🎓 Associate UI/UX Designer Jobs
- 🎓 Associate-HR
- 🎓 Associate-HR Jobs
- 🎓 Associate-Procurement
- 🎓 Associate-Procurement Jobs
- 🎓 B2B Sales Intern Jobs Opening in Uniserv.Tech at Goregaon West, Mumbai
- 🎓 B2B Sales Intern Jobs Opening in Value Score Business Solutions LLP at Andheri East, Mumbai
- 💻 Back End Developer
- 🎓 Back office Associate
- 🎓 Back office Associate Jobs
- 🎓 💻 Backend Associate
- 🎓 💻 Backend Associate Jobs
- 🎓 Browse All Internship Vacancies on Freshersworld
- 🎓 Browse these internship roles and find your ideal internship job on Freshersworld.
- 🎓 Campus Hiring Officer
- 🎓 Campus Hiring Officer Jobs
- 🎓 Campus Recruiter
- 🎓 Campus Recruiter Jobs
- 🎓 Can freshers without any prior experience get an internship in India?
- 🤖 Consultant – AI & Data Scientist
- 🤖 Consultant – AI & Data Scientist Jobs
- 💻 Content Management Web Developer
- 💻 Content Management Web Developer Jobs
- 🎓 Credit Card Associate
- 🎓 Credit Card Associate Jobs
- 🎓 Customer Support Associate
- 🎓 Customer Support Associate Jobs
- 🎓 Data Analyst Internship
- 🎓 Data Analyst Internship Jobs
- 🎓 🤖 Data Science Internship
- 🎓 🤖 Data Science Internship Jobs
- 🤖 Data Scientist
- 🤖 Data Scientist Jobs
- 🎓 Digital Associate
- 🎓 Digital Associate Jobs
- 🎓 Digital Content Management New Associate
- 🎓 Digital Content Management New Associate Jobs
- 🎓 Digital Marketing Internship
- 🎓 Digital Marketing Internship Jobs
- 🎓 Enterprise Sales Associate
- 🎓 Enterprise Sales Associate Jobs
- 🎓 Explore some of the most in-demand internship roles and internship programs available this year:
- 🎓 Field Sales Associate
- 🎓 Field Sales Associate Jobs
- 🎓 Finance Internship
- 🎓 Finance Internship Jobs
- 🎓 Floor Associate
- 🎓 Floor Associate Jobs
- 🎓 For Quality Associate
- 🎓 For Quality Associate Jobs
- 🎓 Freshersworld updates its internship listings daily with verified roles from:
- 💻 Full Stack Developer
- 💻 Fullstack Developer
- 💻 Fullstack Developer Jobs
- 🎓 GCPR Sales Associate
- 🎓 GCPR Sales Associate Jobs
- 🎓 Get notified instantly when new internship roles matching your profile are posted.
- 🎓 HR And Admin Trainee
- 🎓 HR And Admin Trainee Jobs
- 🎓 HR Associate
- 🎓 HR Associate Jobs
- 🎓 HR Service Delivery New Associate
- 🎓 HR Service Delivery New Associate Jobs
- 🎓 How important are online certifications for securing an internship?
- 🎓 Inclusive Insurance Associate
- 🎓 Inclusive Insurance Associate Jobs
- 🎓 Internship
- 🎓 Internship Jobs
- 🎓 Internship Jobs In Ahmedabad
- 🎓 Internship Jobs In Bangalore
- 🎓 Internship Jobs In Chennai
- 🎓 Internship Jobs In Delhi
- 🎓 Internship Jobs In Gurgaon
- 🎓 Internship Jobs In Hyderabad
- 🎓 Internship Jobs In Kolkata
- 🎓 Internship Jobs In Mumbai
- 🎓 Internship Jobs In Noida
- 🎓 Internship Jobs In Pune
- 🎓 Internship Jobs in your city
- 🎓 Internship Opportunities by City
- 🎓 Internship Vacancies – Your Gateway to the Latest Internships in India for Freshers
- 🎓 Inventory Squad Associate
- 🎓 Inventory Squad Associate Jobs
- 💻 Java Fullstack Developer
- 💻 Java Fullstack Developer Jobs
- 🎓 Jr Associate
- 🎓 Jr Associate Jobs
- 🎓 💻 Junior Software Developer
- 🎓 💻 Junior Software Developer Jobs
- 🎓 Keep it short, professional, and specific to each internship application.
- 🎓 Latest 52 Internship Jobs Openings 2026
- 🎓 Latest Internship Jobs
- 🎓 Latest Internship Openings on Freshersworld
- 🎓 Legal Associate Legal Completions
- 🎓 Legal Associate Legal Completions Jobs
- 🎓 Loader Operation Associate
- 🎓 Loader Operation Associate Jobs
- 🎓 MANGEMENT ASSOCIATE
- 🎓 MANGEMENT ASSOCIATE Jobs
- 🤖 ML Engineer
- 🤖 ML Engineer Jobs
- 🤖 Machine Learning Engineer
- 🤖 Machine Learning Engineer Jobs
- 🤖 Machine Learning Scientist
- 🤖 Machine Learning Scientist Jobs
- 🎓 Machining Associate
- 🎓 Machining Associate Jobs
- 🎓 Management Trainee
- 🎓 Management Trainee Jobs
- 🎓 Many companies offer Pre-Placement Offers (PPOs) to top-performing interns, converting your internship into a permanent role.
- 🎓 Market Research Associate
- 🎓 Market Research Associate Jobs
- 🎓 Market Research Trainee
- 🎓 Market Research Trainee Jobs
- 🎓 Marketing Intern Jobs Opening in P3 Infotech Solutions Pvt Ltd at Gurgaon-Others, Gurgaon
- 🎓 Mechanical Trainee
- 🎓 Mechanical Trainee Jobs
- 🎓 Middle Office Risk Support Associate
- 🎓 Middle Office Risk Support Associate Jobs
- 🎓 Music-Tech Studio Fellow / Intern Jobs Opening in Nathaniel School of Music at Bangalore
- 🎓 Naps /WILP Trainee ( Production
- 🎓 Naps /WILP Trainee ( Production Jobs
- 🎓 Operations Intern Jobs Opening in Exson proptech private limited at Bhopal-Others, Bhopal
- 🎓 Other Graduate
- 🎓 Other Post Graduate
- 🎓 PTP Associate
- 🎓 PTP Associate Jobs
- 🎓 Paid Internship
- 🎓 Paid Internship Jobs
- 💻 Principal Software Engineer IT
- 💻 Principal Software Engineer IT Jobs
- 🎓 Process Associate Trainee
- 🎓 Process Associate Trainee Jobs
- 🎓 Procure to Pay Associate
- 🎓 Procure to Pay Associate Jobs
- 🎓 Procure to Pay New Associate
- 🎓 Procure to Pay New Associate Jobs
- 🎓 Procurement Associate
- 🎓 Procurement Associate Jobs
- 🎓 Production Trainee
- 🎓 Production Trainee Jobs
- 🎓 Program Management Associate
- 🎓 Program Management Associate Jobs
- 🎓 Project Management Associate
- 🎓 Project Management Associate Jobs
- 🎓 QA Intern Jobs Opening in Instawork at Koramangala, Bangalore
- 🎓 Quality Assurance Trainee
- 🎓 Quality Assurance Trainee Jobs
- 🎓 Regulatory Affairs associate
- 🎓 Regulatory Affairs associate Jobs
- 🎓 Regulatory Associate
- 🎓 Regulatory Associate Jobs
- 🎓 Regulatory Operation Associate
- 🎓 Regulatory Operation Associate Jobs
- 🎓 Regulatory Operations Associate
- 🎓 Regulatory Operations Associate Jobs
- 💻 Remote Front End Developer
- 💻 Remote Front End Developer Jobs
- 💻 Remote Software Developer
- 💻 Remote Software Developer Jobs
- 💻 Remote Software Engineer
- 💻 Remote Software Engineer Jobs
- 💻 Remote Web Developer
- 💻 Remote Web Developer Jobs
- 🎓 SAP FICO Associate Consultant
- 🎓 SAP FICO Associate Consultant Jobs
- 🎓 Sales Associate
- 🎓 Sales Associate FMCG
- 🎓 Sales Associate FMCG Jobs
- 🎓 Sales Associate Jobs
- 🎓 Sales Trainee
- 🎓 Sales Trainee Jobs
- 🎓 Salesforce Trainee
- 🎓 Salesforce Trainee Jobs
- 🎓 Senior Associate
- 🎓 Senior Associate - HR
- 🎓 Senior Associate - HR Jobs
- 🎓 Senior Associate Jobs
- 🎓 Senior Associate Order to Cash
- 🎓 Senior Associate Order to Cash Jobs
- 💻 Senior Front End Developer
- 💻 Senior Front End Developer Jobs
- 💻 Senior Full Stack Developer
- 💻 Senior Full Stack Developer Jobs
- 🎓 Senior Sales Associate
- 🎓 Senior Sales Associate Jobs
- 💻 Senior Software Developer
- 💻 Senior Software Developer Jobs
- 💻 Senior Software Engineer
- 💻 Senior Software Engineer Jobs
- 🎓 Senior sale associate
- 🎓 Senior sale associate Jobs
- 🤖 Software AI Testing Jobs Opening in PRAM EDUCATE IT SOFTWARE LLP at Wakad, Pune-Others, Pune
- 💻 Software Developer
- 💻 Software Developer Jobs
- 💻 Software Engineer
- 🎓 💻 Software Engineer - Trainee
- 🎓 💻 Software Engineer - Trainee Jobs
- 💻 Software Engineer II
- 💻 Software Engineer II Jobs
- 💻 Software Engineer Jobs
- 🎓 Software Tester Trainee Jobs Opening in Spraxa Solutions Pvt Ltd. at Noida City Centre, Sector 15, Noida, Sector 18, Noida, Noida
- 💻 Sr Software Engineer
- 💻 Sr Software Engineer Jobs
- 🎓 Summer Internship
- 🎓 Summer Internship Jobs
- 🎓 Supply chain trainee
- 🎓 Supply chain trainee Jobs
- 🎓 Technical Associate
- 🎓 Technical Associate Jobs
- 🎓 Technical Support Associate
- 🎓 Technical Support Associate Jobs
- 🎓 Tele Calling Associate Sales A
- 🎓 Tele Calling Associate Sales A Jobs
- 🎓 Tips to Get Selected for an Internship
- 🎓 To stand out in the competitive landscape of internship applications:
- 🎓 Top Internship Roles Hiring in India (2026)
- 🎓 Trainee Apprentice
- 🎓 Trainee Apprentice Jobs
- 🎓 Trainee EGC
- 🎓 Trainee EGC Jobs
- 🎓 Trainee Engineer
- 🎓 Trainee Engineer Jobs
- 🎓 Trainee Operator
- 🎓 Trainee Operator Jobs
- 🎓 Trainee Store Risk Management
- 🎓 Trainee Store Risk Management Jobs
- 🎓 Transaction Processing New Associate
- 🎓 Transaction Processing New Associate Jobs
- 🎓 Transaction processing associate
- 🎓 Transaction processing associate Jobs
- 💻 Web Developer
- 💻 Web Developer Jobs
- 🎓 What is the best way to find verified internship opportunities in India?
- 🎓 Work From Home Internship
- 🎓 Work From Home Internship Jobs
- 🎓 franchise associate
- 🎓 franchise associate Jobs
- 🎓 internship vacancies
- 🎓 production trainee
- 🎓 production trainee Jobs
- 🎓 transaction new associate
- 🎓 transaction new associate Jobs

## YC Work at a Startup — Remote
<https://www.workatastartup.com/jobs>

- 🎓 Electrical Engineering Intern
- 💻 Fullstack Engineer
- 🤖 ML Engineer
- 💻 Senior Software Engineer, Email Team

## HealthKart — Gurugram
<https://www.healthkart.com/careers>

- 💻 Senior Java Software Engineer

## Airwallex — Singapore
<https://www.airwallex.com/careers>

- 🎓 Senior Associate, Partner Marketing, CN Marketing Marketing • Shanghai APAC , Shanghai Shanghai
- 💻 Staff Software Engineer, Search Platform Engineering Singapore

# 🔔 New career-page entries — 2026-07-05T08:53:17

## IBM — India
<https://www.ibm.com/in-en/careers/search>

- 🤖 Consulting Technical Consultant-AI Integration Professional Pune, IN
- 🎓 Enterprise Operations Process Associate Order Management - Health Care (Voice) Professional Gurgaon, IN

## Bacancy Technology — Ahmedabad
<https://www.bacancytechnology.com/careers>

- .NET Developer
- 🤖 AI Developer
- AIOps Engineer
- AWS Developer
- Alexa Skill Developer
- Android Developer
- Angular Developer
- Automation Anywhere Developer
- Azure Developer
- C# Developer
- ChatGPT Developer
- Cloud Developer
- Data Analyst
- Data Engineer
- 🤖 Data Scientist
- Dedicated Developer/Teams
- DevOps
- DevOps Automation
- DevOps Consulting
- DevOps Containerization
- DevOps Developer
- DevOps Implementation
- DevsecOps Developer
- Django Developer
- Docker Developer
- Find a Developer
- Flutter Developer
- 💻 Full Stack Developer
- Golang Developer
- Google Cloud Developer
- HTML/CSS Developer
- 💻 Hire Backend Developer
- Hire Dedicated Developer
- Hire Flutterflow Developer
- 💻 Hire Frontend Developer
- 💻 Hire Frontend-developer
- Hire Mobile App Developer
- Hiring Software Developers
- Ionic Developer
- Java Developer
- Javascript Developer
- Kotlin Developer
- Kubernetes Developer
- Laravel Developer
- 🤖 ML Developer
- MS Dynamics 365 Developer
- Neural Network Developer
- Node Developer
- Offshore Developer
- OpenAI Developer
- PHP Developer
- Power BI Developer
- PowerBI Consultant
- Prompt Engineer
- Python Developer
- Pytorch Developer
- QA Testing
- Qlik Developer
- R Developer
- RPA Developer
- React Developer
- React Native Developer
- Remote Developer
- Ruby on Rails Developer
- Rust Developer
- Salesforce Developer
- See Opening
- ServiceNow Developer
- 💻 Software Developer
- Spring Boot Developer
- Tableau Consultant
- Tableau Developer
- Tailwind CSS Developer
- Terraform Developer
- UI/UX Developer
- UiPath Developer
- Vue Developer
- Web Designer
- 💻 Web Developer
- Webflow Developer
- iOS Developer

## Keka HR — Hyderabad
<https://www.keka.com/careers>

- Hiring & Onboarding
- Hiring & Onboarding Create a great candidate experience before and after joining
- Hiring Software
- We are hiring !

## Internshala (ML) — India
<https://internshala.com/internships/machine-learning-internship/>

- 🎓 🤖 Machine Learning Internships: Find 131 Machine Learning Intern Jobs

## Internshala (SDE) — India
<https://internshala.com/internships/software-development-internship/>

- 🎓 💻 Software Development Internships: 208+ Software Development Intern Jobs

## Internshala (AI) — India
<https://internshala.com/internships/artificial-intelligence-internship/>

- 🎓 🤖 Artificial intelligence Internships: Find 149 Artificial intelligence Intern Jobs

## Qualcomm — India
<https://careers.qualcomm.com/careers>

- 🎓 4. Associate Engineer

## Grab — Singapore
<https://grab.careers/>

- 🎓 GRIT Trainee

## Thunes — Singapore
<https://www.thunes.com/careers/>

- 🎓 Enterprise Singapore Graduate Scheme

## Internshala (Data Science) — India
<https://internshala.com/internships/data-science-internship/>

- 🎓 🤖 Data Science Internships: Find 295 Data Science Intern Jobs

## Internshala (Web Dev) — India
<https://internshala.com/internships/web-development-internship/>

- 🎓 Web Development Internships: 313+ Web Development Intern Jobs

## Internshala (Full Stack) — India
<https://internshala.com/internships/full-stack-development-internship/>

- 🎓 💻 Full Stack Development Internships: 101+ Full Stack Development Intern Jobs

## Internshala (Frontend) — India
<https://internshala.com/internships/front-end-development-internship/>

- 🎓 💻 Front End Development Internships: Find 103 Front End Development Intern Jobs

## Internshala (Backend) — India
<https://internshala.com/internships/back-end-development-internship/>

- 🎓 💻 Backend Development Internships: Find 120 Backend Development Intern Jobs

## Internshala (App Dev) — India
<https://internshala.com/internships/mobile-app-development-internship/>

- 🎓 Mobile App Development Internships: Find 62 Mobile App Development Intern Jobs

## YC Work at a Startup — Remote
<https://www.workatastartup.com/jobs>

- 💻 Founding Backend Engineer
- 💻 Staff Software Engineer, SMS Team (Fullstack)

## AICTE Internship Portal — India
<https://internship.aicte-india.org/>

- 🎓 1 Crore Internship By 2027 | 79,57,193+ Internships | 82211 Companies

## Airwallex — Singapore
<https://www.airwallex.com/careers>

- 🎓 Associate Director, Technical Accounting Finance and Corporate Development Americas, San Francisco
- 💻 Principal Software Engineer, Tech Platform, Edge Team Engineering Singapore
- 🤖 Senior Manager, Operations Strategy (AI Enablement) Operations Management Operations Management • London EMEA , London London
- 💻 Senior Software Engineer, Scale Engineering Engineering • London EMEA , London London
- 💻 Staff Software Engineer, Onboarding Team Engineering Singapore

## Webs Optimization — Ahmedabad
<https://www.websoptimization.com/career>

- 💻 (as a developer, software engineer, or similar technical role)
- 💻 Full Stack Java Developer (Angular + Spring)
- 💻 Job Opportunity | Sr. Full Stack Java Developer | Ahmedabad (Work from Office)
- 💻 Mernstack Full Stack Developer
- 💻 Sr. Full Stack Java Developer
- 💻 Sr. Full Stack Java Developer (Angular + Spring)

## Nevina Infotech — Ahmedabad
<https://nevinainfotech.com/career>

- 💻 Hire Web Developer

# 🔔 New career-page entries — 2026-07-05T13:39:34

## Accenture — Bengaluru
<https://www.accenture.com/in-en/careers/jobsearch?fl=Bengaluru>

- 💻 Custom Software Engineer
- 🎓 Procure to Pay Operations New Associate
- 🎓 Procurement Practice Associate Manager

## Accenture — Hyderabad
<https://www.accenture.com/in-en/careers/jobsearch?fl=Hyderabad>

- 💻 Custom Software Engineer
- 🎓 Procure to Pay Operations New Associate
- 🎓 Procurement Practice Associate Manager

## Accenture — Pune
<https://www.accenture.com/in-en/careers/jobsearch?fl=Pune>

- 💻 Custom Software Engineer
- 🎓 Procure to Pay Operations New Associate
- 🎓 Procurement Practice Associate Manager

## Accenture — Gurugram
<https://www.accenture.com/in-en/careers/jobsearch?fl=Gurugram>

- 💻 Custom Software Engineer
- 🎓 Procure to Pay Operations New Associate
- 🎓 Procurement Practice Associate Manager

## Meesho — Bengaluru
<https://www.meesho.io/jobs>

- AM/ Manager - Risk & Decision Science Financial Services Bangalore, Karnataka
- Architect - Android Tech Bangalore, Karnataka
- Assistant Manager - Business Finance Finance, Legal & PR Bangalore, Karnataka
- Assistant Manager – HR HR & CREWS Bangalore, Karnataka
- Assistant Manager – Reporting and GL Finance, Legal & PR Bangalore, Karnataka
- Assistant Manager- Legal Finance, Legal & PR Bangalore, Karnataka
- 🎓 Associate Compliance Manager Tech Bangalore, Karnataka
- 🎓 Associate Director - Business Finance Finance, Legal & PR Bangalore, Karnataka
- 🎓 🤖 Associate Director - Enterprise Sales- Meesho AI Services (MAS) AI Services Mumbai, Maharashtra
- 🎓 Associate Director Financial Services Bangalore, Karnataka
- 🎓 Associate Director — Industry Intelligence & Benchmarking Finance, Legal & PR Bangalore, Karnataka
- Automation engineer (Warehouse Automation) Tech Bangalore, Karnataka
- 🤖 Data Scientist III Tech Bangalore, Karnataka

## Internshala (ML) — India
<https://internshala.com/internships/machine-learning-internship/>

- 🎓 🤖 Machine Learning Internships: Find 130 Machine Learning Intern Jobs

## Internshala (AI) — India
<https://internshala.com/internships/artificial-intelligence-internship/>

- 🎓 🤖 Artificial intelligence Internships: Find 148 Artificial intelligence Intern Jobs

## Qualcomm — India
<https://careers.qualcomm.com/careers>

- 🎓 3. Associate Engineer

## Atlassian — Bengaluru
<https://www.atlassian.com/company/careers/all-jobs>

- 🤖 AI GTM Engineer, AI & Digital Natives
- 🎓 Account Associate, LATAM (Portuguese Speaking)
- 🎓 Associate Customer Success Manager
- 🎓 Associate Solution Engineer, Mid Market (West)
- 🤖 Inside Sales Account Executive, AI & Digital Natives
- 🤖 Principal Machine Learning Engineer
- 🤖 Principal Machine Learning Systems Engineer
- 🤖 Senior Account Executive , AI & Digital Natives (Bay Area)
- 🤖 Senior Account Executive , AI and Digital Native (NYC)
- 🤖 Senior Design Manager, AI
- 🤖 Senior Design Manager, Jira AI
- 🤖 Senior Manager, AI & Digital Natives
- 💻 Senior Software Engineer
- 🤖 Senior Solution Consultant, Teamwork Foundations + AI
- 🤖 Senior Systems Engineer — AI Code Metrics Daemon
- 💻 Software Engineer

## MyCareersFuture (SDE) — Singapore
<https://www.mycareersfuture.gov.sg/search?search=software+engineer&sortBy=new_posting_date>

- 🎓 If you are a fresh graduate looking for a traineeship opportunity
- 🎓 Junior Executive

## Internshala (Data Science) — India
<https://internshala.com/internships/data-science-internship/>

- 🎓 🤖 Data Science Internships: Find 294 Data Science Intern Jobs

## YC Work at a Startup — Remote
<https://www.workatastartup.com/jobs>

- 💻 Backend Engineer
- 💻 Fullstack Engineer

## Airwallex — Singapore
<https://www.airwallex.com/careers>

- 💻 Senior Software Engineer (Android), Financial Platform Engineering APAC, Singapore
- 🤖 Staff Data Scientist, Algorithm, Financial Markets Engineering Americas, San Francisco
- 💻 Staff Software Engineer, Growth Engineering Engineering • Singapore APAC , Singapore Singapore
- 💻 Staff Software Engineer, Scale Engineering London

## Setu — Bengaluru
<https://setu.co/careers>

- 💻 SDE - II Backend Engineer
- 💻 SDE - II Fullstack Engineer

## Softweb Solutions — Ahmedabad
<https://www.softwebsolutions.com/careers.html>

- 🎓 Intern
- 💻 Software Developer

# 🔔 New career-page entries — 2026-07-05T19:18:25

## Accenture — Bengaluru
<https://www.accenture.com/in-en/careers/jobsearch?fl=Bengaluru>

- 🤖 Enterprise AI Value Strategy Manager
- 🤖 IMU - AI & Data Manager
- 🎓 IMU Sales Capture Associate Director
- 🎓 Sales Capture Associate Director
- 🎓 Strategy Innovation Associate Director
- 🎓 Workplace Service Delivery Associate Manager
- 🎓 Workplace Service Delivery Associate Manager-Events

## Accenture — Hyderabad
<https://www.accenture.com/in-en/careers/jobsearch?fl=Hyderabad>

- 🤖 Enterprise AI Value Strategy Manager
- 🤖 IMU - AI & Data Manager
- 🎓 IMU Sales Capture Associate Director
- 🎓 Sales Capture Associate Director
- 🎓 Strategy Innovation Associate Director
- 🎓 Workplace Service Delivery Associate Manager
- 🎓 Workplace Service Delivery Associate Manager-Events

## Accenture — Pune
<https://www.accenture.com/in-en/careers/jobsearch?fl=Pune>

- 🤖 Enterprise AI Value Strategy Manager
- 🤖 IMU - AI & Data Manager
- 🎓 IMU Sales Capture Associate Director
- 🎓 Sales Capture Associate Director
- 🎓 Strategy Innovation Associate Director
- 🎓 Workplace Service Delivery Associate Manager
- 🎓 Workplace Service Delivery Associate Manager-Events

## Accenture — Gurugram
<https://www.accenture.com/in-en/careers/jobsearch?fl=Gurugram>

- 🤖 Enterprise AI Value Strategy Manager
- 🤖 IMU - AI & Data Manager
- 🎓 IMU Sales Capture Associate Director
- 🎓 Sales Capture Associate Director
- 🎓 Strategy Innovation Associate Director
- 🎓 Workplace Service Delivery Associate Manager
- 🎓 Workplace Service Delivery Associate Manager-Events

## Internshala (ML) — India
<https://internshala.com/internships/machine-learning-internship/>

- 🎓 🤖 Machine Learning Internships: Find 127 Machine Learning Intern Jobs

## Internshala (SDE) — India
<https://internshala.com/internships/software-development-internship/>

- 🎓 💻 Software Development Internships: 201+ Software Development Intern Jobs

## Internshala (AI) — India
<https://internshala.com/internships/artificial-intelligence-internship/>

- 🎓 🤖 Artificial intelligence Internships: Find 145 Artificial intelligence Intern Jobs

## YCombinator Jobs — Bengaluru
<https://www.ycombinator.com/jobs/location/bengaluru>

- 🤖 Vahan (S19) • AI recruiter for India's massive blue-collar workforce ( 13 days ago)

## Qualcomm — India
<https://careers.qualcomm.com/careers>

- 🎓 2. Associate Engineer

## Wingify — Pune
<https://wingify.com/careers/>

- 🤖 GenAI Engineer
- 💻 Senior Software Engineer - Client Services
- 💻 Software Engineer - QA (Client Services team)
- 💻 Software Engineer – Full Stack

## Pine Labs — Noida
<https://www.pinelabs.com/careers>

- 🎓 Management Trainee Program
- 🎓 Our flagship summer internship program for students from premier B-schools.
- 🎓 Sales Trainee Program

## Internshala (Data Science) — India
<https://internshala.com/internships/data-science-internship/>

- 🎓 🤖 Data Science Internships: Find 288 Data Science Intern Jobs

## Internshala (Web Dev) — India
<https://internshala.com/internships/web-development-internship/>

- 🎓 Web Development Internships: 304+ Web Development Intern Jobs

## Internshala (Python) — India
<https://internshala.com/internships/python-internship/>

- 🎓 Python Internships: Find 240 Python Intern Jobs

## Internshala (Full Stack) — India
<https://internshala.com/internships/full-stack-development-internship/>

- 🎓 💻 Full Stack Development Internships: 100+ Full Stack Development Intern Jobs

## Internshala (Frontend) — India
<https://internshala.com/internships/front-end-development-internship/>

- 🎓 💻 Front End Development Internships: Find 102 Front End Development Intern Jobs

## Internshala (Backend) — India
<https://internshala.com/internships/back-end-development-internship/>

- 🎓 💻 Backend Development Internships: Find 115 Backend Development Intern Jobs

## Internshala (App Dev) — India
<https://internshala.com/internships/mobile-app-development-internship/>

- 🎓 Mobile App Development Internships: Find 60 Mobile App Development Intern Jobs

## YC Work at a Startup — Remote
<https://www.workatastartup.com/jobs>

- 🎓 Engineering Intern
- 💻 Frontend Engineer
- 💻 Senior Software Engineer, Email Team

## AICTE Internship Portal — India
<https://internship.aicte-india.org/>

- 🎓 1 Crore Internship By 2027 | 79,57,193+ Internships | 82213 Companies

## Digicorp — Ahmedabad
<https://www.digi-corp.com/careers>

- 💻 Software Developer
- 💻 Sr. Software Developer

## Radixweb — Ahmedabad
<https://radixweb.com/current-openings>

- 🎓 Associate Content Marketer More Details
- 🤖 Senior AI Engineer More Details
- 🤖 Senior AI/ML Engineer (Data Science & MLOps) More Details
- 🤖 Senior AI/ML Engineer (LLM & Agentic Systems) More Details
- 💻 Senior Software Engineer - Python/React More Details
- 🎓 💻 Trainee Software Engineer More Details

# 🔔 New career-page entries — 2026-07-06T03:33:02

## Accenture — Bengaluru
<https://www.accenture.com/in-en/careers/jobsearch?fl=Bengaluru>

- 💻 Custom Software Engineer
- 🎓 Record to Report Operations Associate
- 🎓 Record to Report Ops Associate
- 🤖 S&C GN - TS&T – Digital Foundations - AI & Data Strategy - Consultant
- 🤖 S&C GN - TS&T – Digital Foundations - AI Op Model & Governance - Consultant
- 🤖 S&C GN - TS&T – Digital Foundations - AI Op Model & Governance - Manager
- 🤖 S&C GN - TS&T – Digital Foundations - AI Op Model & Governance - Senior Manager
- 🎓 Software/Application/Cloud Tech Support Associate

## Accenture — Hyderabad
<https://www.accenture.com/in-en/careers/jobsearch?fl=Hyderabad>

- 💻 Custom Software Engineer
- 🎓 Record to Report Operations Associate
- 🎓 Record to Report Ops Associate
- 🤖 S&C GN - TS&T – Digital Foundations - AI & Data Strategy - Consultant
- 🤖 S&C GN - TS&T – Digital Foundations - AI Op Model & Governance - Consultant
- 🤖 S&C GN - TS&T – Digital Foundations - AI Op Model & Governance - Manager
- 🤖 S&C GN - TS&T – Digital Foundations - AI Op Model & Governance - Senior Manager
- 🎓 Software/Application/Cloud Tech Support Associate

## Accenture — Pune
<https://www.accenture.com/in-en/careers/jobsearch?fl=Pune>

- 💻 Custom Software Engineer
- 🎓 Record to Report Operations Associate
- 🎓 Record to Report Ops Associate
- 🤖 S&C GN - TS&T – Digital Foundations - AI & Data Strategy - Consultant
- 🤖 S&C GN - TS&T – Digital Foundations - AI Op Model & Governance - Consultant
- 🤖 S&C GN - TS&T – Digital Foundations - AI Op Model & Governance - Manager
- 🤖 S&C GN - TS&T – Digital Foundations - AI Op Model & Governance - Senior Manager
- 🎓 Software/Application/Cloud Tech Support Associate

## Accenture — Gurugram
<https://www.accenture.com/in-en/careers/jobsearch?fl=Gurugram>

- 💻 Custom Software Engineer
- 🎓 Record to Report Operations Associate
- 🎓 Record to Report Ops Associate
- 🤖 S&C GN - TS&T – Digital Foundations - AI & Data Strategy - Consultant
- 🤖 S&C GN - TS&T – Digital Foundations - AI Op Model & Governance - Consultant
- 🤖 S&C GN - TS&T – Digital Foundations - AI Op Model & Governance - Manager
- 🤖 S&C GN - TS&T – Digital Foundations - AI Op Model & Governance - Senior Manager
- 🎓 Software/Application/Cloud Tech Support Associate

## Capgemini — India
<https://www.capgemini.com/in-en/careers/join-capgemini/job-search/>

- 🤖 Palantir Developer Chennai (ex Madras), Hyderabad, Bangalore, Mumbai, Pune Data & AI Permanent Experienced Professionals

## Cognizant — India
<https://careers.cognizant.com/global-en/jobs/>

- 🤖 Lead QA Automation Engineer – Playwright & AI
- 🤖 💻 Lead SDET / QA Automation Engineer (Playwright & AI)

## Cognizant — India
<https://careers.cognizant.com/india-en/jobs/>

- 🤖 Lead QA Automation Engineer – Playwright & AI
- 🤖 💻 Lead SDET / QA Automation Engineer (Playwright & AI)

## Zenskar — Bengaluru
<https://www.zenskar.com/careers>

- Account Executive-Mid Market(US)
- 🎓 Content Marketing Intern
- Customer Success & Solutions Manager
- 🎓 Customer Success Intern
- Engineering Manager
- Enterprise Account Executive (US)
- Finance Executive
- Forward Deployed Engineer
- 🎓 Intern @ Zenskar
- Product Manager
- Product Security Engineer
- 🎓 Revenue Operations Intern
- Senior Forward Deployed Engineer
- 🤖 Senior GenAI Engineer
- Senior Solutions Engineer (US)
- Solutions Consultant
- 💻 Tech Lead - Backend
- Technical Support Engineer
- We're hiring across every function. Here's where we're building right now.
- or apply via our careers page here:

## Peoplebox — Bengaluru
<https://www.peoplebox.ai/careers>

- 🎓 Associate Product Manager (APM) 61 days ago BANGALORE Full Time
- Content Marketing Manager 336 days ago BANGALORE 4-6 Full Time
- SEO Lead 220 days ago BANGALORE 4-6 Full Time
- 💻 Senior Backend Engineer 332 days ago BANGALORE 5-9 Full Time
- Talent Acquisition Lead 110 days ago BANGALORE 5+ Full Time

## Qualcomm — India
<https://careers.qualcomm.com/careers>

- 🤖 Audio ML Systems Engineer Suwon, Gyeonggi-do, Korea, Republic of Systems Engineering Posted 3 days ago

## Atlassian — Bengaluru
<https://www.atlassian.com/company/careers/all-jobs>

- 🤖 AI GTM Engineer, AI & Digital Natives
- 🎓 Account Associate, LATAM (Portuguese Speaking)
- 🎓 Associate Customer Success Manager
- 🎓 Associate Solution Engineer, Mid Market (West)
- 🤖 Inside Sales Account Executive, AI & Digital Natives
- 🤖 Principal Machine Learning Engineer
- 🤖 Principal Machine Learning Systems Engineer
- 🤖 Senior Account Executive , AI & Digital Natives (Bay Area)
- 🤖 Senior Account Executive , AI and Digital Native (NYC)
- 🤖 Senior Design Manager, AI
- 🤖 Senior Design Manager, Jira AI
- 🤖 Senior Manager, AI & Digital Natives
- 💻 Senior Software Engineer
- 🤖 Senior Solution Consultant, Teamwork Foundations + AI
- 🤖 Senior Systems Engineer — AI Code Metrics Daemon
- 💻 Software Engineer

## Kore.ai — Hyderabad
<https://kore.ai/careers/>

- 🤖 AI Solution Sales Specialist
- 🤖 Lead AI Customer Engineer — Fanatic Customer Support
- 💻 Software Engineer/Senior Software Engineer - Technical Support

## MyCareersFuture (SDE) — Singapore
<https://www.mycareersfuture.gov.sg/search?search=software+engineer&sortBy=new_posting_date>

- 🎓 If you are a fresh graduate looking for a traineeship opportunity
- 🎓 Junior Executive

## Internshala (Data Science) — India
<https://internshala.com/internships/data-science-internship/>

- 🎓 Operations & Strategy Intern

## Internshala (Web Dev) — India
<https://internshala.com/internships/web-development-internship/>

- 🎓 Web Development Internships: 303+ Web Development Intern Jobs

## YC Work at a Startup — Remote
<https://www.workatastartup.com/jobs>

- 🤖 ML Engineer
- 💻 Staff Software Engineer, SMS Team (Fullstack)

## Airwallex — Singapore
<https://www.airwallex.com/careers>

- 🤖 Senior Product Manager, Kai (AI assistant) Product Product • Singapore APAC , Singapore Singapore
- 💻 Senior Software Engineer, Financial Platform Engineering APAC, Singapore
- 💻 Senior Software Engineer, GTPN Platform Engineering Engineering • Singapore APAC , Singapore Singapore
- 💻 Senior Software Engineer, Scale Engineering London
- 💻 Software Engineer II (Android), Financial Platform Engineering APAC, Singapore

## Softweb Solutions — Ahmedabad
<https://www.softwebsolutions.com/careers.html>

- 🎓 Intern
- 💻 Software Developer

# 🔔 New career-page entries — 2026-07-06T10:22:19

## Accenture — Bengaluru
<https://www.accenture.com/in-en/careers/jobsearch?fl=Bengaluru>

- 🤖 Enterprise AI Value Strategy Manager
- 🤖 IMU - AI & Data Manager
- 🎓 IMU Sales Capture Associate Director
- 🎓 Sales Capture Associate Director
- 🎓 Strategy Innovation Associate Director
- 🎓 Workplace Service Delivery Associate Manager
- 🎓 Workplace Service Delivery Associate Manager-Events

## Accenture — Hyderabad
<https://www.accenture.com/in-en/careers/jobsearch?fl=Hyderabad>

- 🤖 Enterprise AI Value Strategy Manager
- 🤖 IMU - AI & Data Manager
- 🎓 IMU Sales Capture Associate Director
- 🎓 Sales Capture Associate Director
- 🎓 Strategy Innovation Associate Director
- 🎓 Workplace Service Delivery Associate Manager
- 🎓 Workplace Service Delivery Associate Manager-Events

## Accenture — Pune
<https://www.accenture.com/in-en/careers/jobsearch?fl=Pune>

- 🤖 Enterprise AI Value Strategy Manager
- 🤖 IMU - AI & Data Manager
- 🎓 IMU Sales Capture Associate Director
- 🎓 Sales Capture Associate Director
- 🎓 Strategy Innovation Associate Director
- 🎓 Workplace Service Delivery Associate Manager
- 🎓 Workplace Service Delivery Associate Manager-Events

## Accenture — Gurugram
<https://www.accenture.com/in-en/careers/jobsearch?fl=Gurugram>

- 🤖 Enterprise AI Value Strategy Manager
- 🤖 IMU - AI & Data Manager
- 🎓 IMU Sales Capture Associate Director
- 🎓 Sales Capture Associate Director
- 🎓 Strategy Innovation Associate Director
- 🎓 Workplace Service Delivery Associate Manager
- 🎓 Workplace Service Delivery Associate Manager-Events

## Capgemini — India
<https://www.capgemini.com/in-en/careers/join-capgemini/job-search/>

- 🎓 Associate Business Advisor Noida Business Analysis Permanent Experienced Professionals
- 💻 Lead Software Engineer Bangalore Software Engineering Permanent Executives
- 💻 Senior Software Engineer Chennai (ex Madras) Software Engineering Permanent Experienced Professionals
- 💻 Senior Software Engineer Hyderabad Software Engineering Permanent Experienced Professionals
- 💻 Senior Software Engineer Pune Software Engineering Permanent Experienced Professionals
- 💻 Software Engineer Bangalore Software Engineering Permanent Executives

## IBM — India
<https://www.ibm.com/in-en/careers/career-opportunities>

- 🎓 Entry Level - Storage Sales Specialist

## Cognizant — India
<https://careers.cognizant.com/global-en/jobs/>

- 💻 Full Stack Engineer- Java + React + Banking Domain

## Tech Mahindra — India
<https://careers.techmahindra.com/>

- 💻 Sr. Software Engineer

## Cognizant — India
<https://careers.cognizant.com/india-en/jobs/>

- 💻 Full Stack Engineer- Java + React + Banking Domain

## Internshala (ML) — India
<https://internshala.com/internships/machine-learning-internship/>

- 🎓 🤖 Machine Learning Internships: Find 128 Machine Learning Intern Jobs

## Internshala (SDE) — India
<https://internshala.com/internships/software-development-internship/>

- 🎓 💻 Software Development Internships: 205+ Software Development Intern Jobs
- 🎓 💻 Software Engineer Trainee

## Internshala (AI) — India
<https://internshala.com/internships/artificial-intelligence-internship/>

- 🎓 🤖 Artificial intelligence Internships: Find 146 Artificial intelligence Intern Jobs

## Qualcomm — India
<https://careers.qualcomm.com/careers>

- 🤖 Camera AI Engineer (IoT) Shenzhen, Guangdong, China Software Engineering Posted 10 hours ago

## AMD India — Bengaluru
<https://careers.amd.com/careers-home>

- 🤖 💻 AI Software Engineer

## Tabby — Dubai
<https://tabby.ai/careers>

- 🎓 Senior Tax Associate

## Internshala Pune — Pune
<https://internshala.com/internships/internship-in-pune/>

- 🎓 Relationship Trainee

## Internshala Chennai — Chennai
<https://internshala.com/internships/internship-in-chennai/>

- 🎓 Relationship Trainee

## Internshala Noida — Noida
<https://internshala.com/internships/internship-in-noida/>

- 🎓 Busniess Devlopment Associate
- 🎓 Digital Marketing and Brand Associate
- 🎓 Relationship Trainee

## Internshala Gurgaon — Gurugram
<https://internshala.com/internships/internship-in-gurgaon/>

- 🎓 Busniess Devlopment Associate
- 🎓 Digital Marketing and Brand Associate

## Internshala Dehradun — Dehradun
<https://internshala.com/internships/internship-in-dehradun/>

- 🎓 TRAINEE

## Grab — Singapore
<https://grab.careers/>

- 🎓 Associate, Key Account Management - GrabMart
- 🎓 Senior Associate, Talent Acquisition Business Partner

## MyCareersFuture (ML) — Singapore
<https://www.mycareersfuture.gov.sg/search?search=machine+learning&sortBy=new_posting_date>

- 🎓 If you are a fresh graduate looking for a traineeship opportunity
- 🎓 Junior Executive

## Cashfree — Bengaluru
<https://www.cashfree.com/careers/>

- 🎓 Associate Director - Banking & Alliance Product
- 💻 Software Development Engineer - 3

## Zetwerk — Bengaluru
<https://www.zetwerk.com/careers/>

- 🎓 Associate Program Manager - 2

## Gramener — Hyderabad
<https://gramener.com/careers/>

- 🤖 Data Scientist
- 🤖 Data Scientist Bangalore Validate the models developed against statistical robustness and business sense.
- 🎓 Internship is processed with technical assessment followed by discussion with the hiring manager.
- 🎓 Junior UI/UX Engineer Hyderabad/ Collaborate with marketing and sales teams to design and implement website updates and landing pages.
- 🤖 Lead Data Science Engineer at Gramener
- 🤖 Lead Data Scientist – SFE Analytics Hyderabad Worked extensively on SFE Analytics (Pharma preferred).
- 🤖 Python Developer – GenAI/NLP Integration Hyderabad/Bangalore Core Python Development: 4–8 years of hands-on experience.
- 💻 Senior Full-Stack Developer Bangalore AWS or Azure cloud, Server management with basic visualization.
- 🎓 What is your process for Campus Hiring?

## Pine Labs — Noida
<https://www.pinelabs.com/careers>

- 🎓 Management Trainee Program
- 🎓 Our flagship summer internship program for students from premier B-schools.
- 🎓 Sales Trainee Program

## Fresha — Dubai
<https://www.fresha.com/careers>

- 🎓 Associate Account Manager (Paris) Paris, France · Commercial

## Yulu — Bengaluru
<https://www.yulu.bike/careers/>

- 🎓 Associate Director

## Synechron — Pune
<https://www.synechron.com/careers>

- 🤖 AI Engineer Pune - Hinjewadi (Ascendas), India JR1041344
- 🎓 VisionPlus Project Lead Bengaluru - EC-2 Gateway campus, India JR1040718

## Internshala (Data Science) — India
<https://internshala.com/internships/data-science-internship/>

- 🎓 🤖 Data Science Internships: Find 298 Data Science Intern Jobs

## Internshala (Web Dev) — India
<https://internshala.com/internships/web-development-internship/>

- 🎓 💻 Software Engineer Trainee
- 🎓 Web Development Internships: 309+ Web Development Intern Jobs

## Internshala (Full Stack) — India
<https://internshala.com/internships/full-stack-development-internship/>

- 🎓 💻 Full Stack Development Internships: 101+ Full Stack Development Intern Jobs

## Internshala (Frontend) — India
<https://internshala.com/internships/front-end-development-internship/>

- 🎓 💻 Front End Development Internships: Find 103 Front End Development Intern Jobs

## Internshala (Backend) — India
<https://internshala.com/internships/back-end-development-internship/>

- 🎓 💻 Backend Development Internships: Find 117 Backend Development Intern Jobs

## Internshala (App Dev) — India
<https://internshala.com/internships/mobile-app-development-internship/>

- 🎓 Mobile App Development Internships: Find 61 Mobile App Development Intern Jobs

## Internshala (Bangalore) — Bengaluru
<https://internshala.com/internships/internship-in-bangalore/>

- 🎓 Digital Marketing And Growth Intern
- 🎓 Relationship Trainee

## Internshala (Hyderabad) — Hyderabad
<https://internshala.com/internships/internship-in-hyderabad/>

- 🎓 Relationship Trainee
- 🎓 TRAINEE

## Internshala (Ahmedabad) — Ahmedabad
<https://internshala.com/internships/internship-in-ahmedabad/>

- 🎓 Relationship Trainee

## FreshersWorld — India
<https://www.freshersworld.com/jobs/jobsearch/internship-jobs>

- 🎓 0 (Fresher)
- 🎓 51 Fresher Internship Job vacancies 2026
- 🎓 51 Latest Internship Training 2026 (Internship & Jobs). Updated on 6 July 2026)
- 🤖 AI Developer
- 🤖 AI Developer Jobs
- 🤖 AI ML Engineer
- 🤖 AI ML Engineer Jobs
- 🎓 ARE YOU A FRESHER?
- 🎓 ASSOCIATE
- 🎓 ASSOCIATE CSR
- 🎓 ASSOCIATE CSR Jobs
- 🎓 ASSOCIATE Jobs
- 🎓 Accountant Trainee Jobs Opening in Pearl Lemon at Central Delhi, Delhi Cantt., Delhi-Others, Bangalore, Mumbai, Delhi
- 🎓 Accounting Associate
- 🎓 Accounting Associate Jobs
- 🎓 Accounts Trainee
- 🎓 Accounts Trainee Jobs
- 🎓 Actuarial Associate
- 🎓 Actuarial Associate Jobs
- 💻 Analyst Programmer
- 💻 Analyst Programmer Jobs
- 🎓 Analytical Associate
- 🎓 Analytical Associate Jobs
- 🎓 Apply to Accountant Trainee Jobs in Pearl Lemon, Bangalo...
- 🎓 Apply to B2B Sales Intern Jobs in Uniserv.Tech, Mumbai f...
- 🎓 Apply to B2B Sales Intern Jobs in Value Score Business S...
- 🎓 Apply to Marketing Intern Jobs in P3 Infotech Solutions ...
- 🎓 Apply to Music-Tech Studio Fellow / Intern Jobs in Nath...
- 🎓 Apply to Operations Intern Jobs in Exson proptech privat...
- 🎓 Apply to QA Intern Jobs in Instawork, Bangalore from 0 t...
- 🤖 Apply to Software AI Testing Jobs in PRAM EDUCATE IT SO...
- 🎓 Apply to Software Tester Trainee Jobs in Spraxa Solution...
- 🎓 Apply to the Latest Internship Now on Freshersworld!
- 🎓 Apprentice trainee
- 🎓 Apprentice trainee Jobs
- 🎓 Apprentice trainee engineering
- 🎓 Apprentice trainee engineering Jobs
- 🎓 Associate - Logistics
- 🎓 Associate - Logistics Jobs
- 🎓 Associate - Supply Chain
- 🎓 Associate - Supply Chain Jobs
- 🎓 Associate -HR
- 🎓 Associate -HR Jobs
- 🎓 Associate Accounts Payble
- 🎓 Associate Accounts Payble Jobs
- 🎓 Associate Banking Operations
- 🎓 Associate Banking Operations Jobs
- 🎓 Associate Business Analyst
- 🎓 Associate Business Analyst Jobs
- 🎓 Associate Consultant
- 🎓 Associate Consultant Jobs
- 🎓 Associate Customer
- 🎓 Associate Customer Jobs
- 🎓 Associate Customer Support
- 🎓 Associate Customer Support Jobs
- 🎓 Associate Data Analyst
- 🎓 Associate Data Analyst Jobs
- 🎓 Associate Finance
- 🎓 Associate Finance Jobs
- 🎓 Associate HR
- 🎓 Associate HR Jobs
- 🎓 Associate Hire to Retire
- 🎓 Associate Hire to Retire Jobs
- 🎓 Associate In Process Quality
- 🎓 Associate In Process Quality Jobs
- 🎓 Associate MIS
- 🎓 Associate MIS Jobs
- 🎓 Associate Maintenance
- 🎓 Associate Maintenance Jobs
- 🎓 Associate Network Business Analytics
- 🎓 Associate Network Business Analytics Jobs
- 🎓 Associate Product Manager
- 🎓 Associate Quality Testing
- 🎓 Associate Quality Testing Jobs
- 🎓 Associate Recruiter
- 🎓 Associate Recruiter Jobs
- 🎓 💻 Associate Software Development
- 🎓 💻 Associate Software Development Jobs
- 🎓 Associate UI/UX Designer
- 🎓 Associate UI/UX Designer Jobs
- 🎓 Associate-HR
- 🎓 Associate-HR Jobs
- 🎓 Associate-Procurement
- 🎓 Associate-Procurement Jobs
- 🎓 B2B Sales Intern Jobs Opening in Uniserv.Tech at Goregaon West, Mumbai
- 🎓 B2B Sales Intern Jobs Opening in Value Score Business Solutions LLP at Andheri East, Mumbai
- 💻 Back End Developer
- 🎓 Back office Associate
- 🎓 Back office Associate Jobs
- 🎓 💻 Backend Associate
- 🎓 💻 Backend Associate Jobs
- 🎓 Browse All Internship Vacancies on Freshersworld
- 🎓 Browse these internship roles and find your ideal internship job on Freshersworld.
- 🎓 Campus Hiring Officer
- 🎓 Campus Hiring Officer Jobs
- 🎓 Campus Recruiter
- 🎓 Campus Recruiter Jobs
- 🎓 Can freshers without any prior experience get an internship in India?
- 🤖 Consultant – AI & Data Scientist
- 🤖 Consultant – AI & Data Scientist Jobs
- 💻 Content Management Web Developer
- 💻 Content Management Web Developer Jobs
- 🎓 Credit Card Associate
- 🎓 Credit Card Associate Jobs
- 🎓 Customer Support Associate
- 🎓 Customer Support Associate Jobs
- 🎓 Data Analyst Internship
- 🎓 Data Analyst Internship Jobs
- 🎓 🤖 Data Science Internship
- 🎓 🤖 Data Science Internship Jobs
- 🤖 Data Scientist
- 🤖 Data Scientist Jobs
- 🎓 Digital Associate
- 🎓 Digital Associate Jobs
- 🎓 Digital Content Management New Associate
- 🎓 Digital Content Management New Associate Jobs
- 🎓 Digital Marketing Internship
- 🎓 Digital Marketing Internship Jobs
- 🎓 Enterprise Sales Associate
- 🎓 Enterprise Sales Associate Jobs
- 🎓 Explore some of the most in-demand internship roles and internship programs available this year:
- 🎓 Field Sales Associate
- 🎓 Field Sales Associate Jobs
- 🎓 Finance Internship
- 🎓 Finance Internship Jobs
- 🎓 Floor Associate
- 🎓 Floor Associate Jobs
- 🎓 For Quality Associate
- 🎓 For Quality Associate Jobs
- 🎓 Freshersworld updates its internship listings daily with verified roles from:
- 💻 Full Stack Developer
- 💻 Fullstack Developer
- 💻 Fullstack Developer Jobs
- 🎓 GCPR Sales Associate
- 🎓 GCPR Sales Associate Jobs
- 🎓 Get notified instantly when new internship roles matching your profile are posted.
- 🎓 HR And Admin Trainee
- 🎓 HR And Admin Trainee Jobs
- 🎓 HR Associate
- 🎓 HR Associate Jobs
- 🎓 HR Service Delivery New Associate
- 🎓 HR Service Delivery New Associate Jobs
- 🎓 How important are online certifications for securing an internship?
- 🎓 Inclusive Insurance Associate
- 🎓 Inclusive Insurance Associate Jobs
- 🎓 Internship
- 🎓 Internship Jobs
- 🎓 Internship Jobs In Ahmedabad
- 🎓 Internship Jobs In Bangalore
- 🎓 Internship Jobs In Chennai
- 🎓 Internship Jobs In Delhi
- 🎓 Internship Jobs In Gurgaon
- 🎓 Internship Jobs In Hyderabad
- 🎓 Internship Jobs In Kolkata
- 🎓 Internship Jobs In Mumbai
- 🎓 Internship Jobs In Noida
- 🎓 Internship Jobs In Pune
- 🎓 Internship Jobs in your city
- 🎓 Internship Opportunities by City
- 🎓 Internship Vacancies – Your Gateway to the Latest Internships in India for Freshers
- 🎓 Inventory Squad Associate
- 🎓 Inventory Squad Associate Jobs
- 💻 Java Fullstack Developer
- 💻 Java Fullstack Developer Jobs
- 🎓 Jr Associate
- 🎓 Jr Associate Jobs
- 🎓 💻 Junior Software Developer
- 🎓 💻 Junior Software Developer Jobs
- 🎓 Keep it short, professional, and specific to each internship application.
- 🎓 Latest 51 Internship Jobs Openings 2026
- 🎓 Latest Internship Jobs
- 🎓 Latest Internship Openings on Freshersworld
- 🎓 Legal Associate Legal Completions
- 🎓 Legal Associate Legal Completions Jobs
- 🎓 Loader Operation Associate
- 🎓 Loader Operation Associate Jobs
- 🎓 MANGEMENT ASSOCIATE
- 🎓 MANGEMENT ASSOCIATE Jobs
- 🤖 ML Engineer
- 🤖 ML Engineer Jobs
- 🤖 Machine Learning Engineer
- 🤖 Machine Learning Engineer Jobs
- 🤖 Machine Learning Scientist
- 🤖 Machine Learning Scientist Jobs
- 🎓 Machining Associate
- 🎓 Machining Associate Jobs
- 🎓 Management Trainee
- 🎓 Management Trainee Jobs
- 🎓 Many companies offer Pre-Placement Offers (PPOs) to top-performing interns, converting your internship into a permanent role.
- 🎓 Market Research Associate
- 🎓 Market Research Associate Jobs
- 🎓 Market Research Trainee
- 🎓 Market Research Trainee Jobs
- 🎓 Marketing Intern Jobs Opening in P3 Infotech Solutions Pvt Ltd at Gurgaon-Others, Gurgaon
- 🎓 Mechanical Trainee
- 🎓 Mechanical Trainee Jobs
- 🎓 Middle Office Risk Support Associate
- 🎓 Middle Office Risk Support Associate Jobs
- 🎓 Music-Tech Studio Fellow / Intern Jobs Opening in Nathaniel School of Music at Bangalore
- 🎓 Naps /WILP Trainee ( Production
- 🎓 Naps /WILP Trainee ( Production Jobs
- 🎓 Operations Intern Jobs Opening in Exson proptech private limited at Bhopal-Others, Bhopal
- 🎓 Other Graduate
- 🎓 Other Post Graduate
- 🎓 PTP Associate
- 🎓 PTP Associate Jobs
- 🎓 Paid Internship
- 🎓 Paid Internship Jobs
- 💻 Principal Software Engineer IT
- 💻 Principal Software Engineer IT Jobs
- 🎓 Process Associate Trainee
- 🎓 Process Associate Trainee Jobs
- 🎓 Procure to Pay Associate
- 🎓 Procure to Pay Associate Jobs
- 🎓 Procure to Pay New Associate
- 🎓 Procure to Pay New Associate Jobs
- 🎓 Procurement Associate
- 🎓 Procurement Associate Jobs
- 🎓 Production Trainee
- 🎓 Production Trainee Jobs
- 🎓 Program Management Associate
- 🎓 Program Management Associate Jobs
- 🎓 Project Management Associate
- 🎓 Project Management Associate Jobs
- 🎓 QA Intern Jobs Opening in Instawork at Koramangala, Bangalore
- 🎓 Quality Assurance Trainee
- 🎓 Quality Assurance Trainee Jobs
- 🎓 Regulatory Affairs associate
- 🎓 Regulatory Affairs associate Jobs
- 🎓 Regulatory Associate
- 🎓 Regulatory Associate Jobs
- 🎓 Regulatory Operation Associate
- 🎓 Regulatory Operation Associate Jobs
- 🎓 Regulatory Operations Associate
- 🎓 Regulatory Operations Associate Jobs
- 💻 Remote Front End Developer
- 💻 Remote Front End Developer Jobs
- 💻 Remote Software Developer
- 💻 Remote Software Developer Jobs
- 💻 Remote Software Engineer
- 💻 Remote Software Engineer Jobs
- 💻 Remote Web Developer
- 💻 Remote Web Developer Jobs
- 🎓 SAP FICO Associate Consultant
- 🎓 SAP FICO Associate Consultant Jobs
- 🎓 Sales Associate
- 🎓 Sales Associate FMCG
- 🎓 Sales Associate FMCG Jobs
- 🎓 Sales Associate Jobs
- 🎓 Sales Trainee
- 🎓 Sales Trainee Jobs
- 🎓 Salesforce Trainee
- 🎓 Salesforce Trainee Jobs
- 🎓 Senior Associate
- 🎓 Senior Associate - HR
- 🎓 Senior Associate - HR Jobs
- 🎓 Senior Associate Jobs
- 🎓 Senior Associate Order to Cash
- 🎓 Senior Associate Order to Cash Jobs
- 💻 Senior Front End Developer
- 💻 Senior Front End Developer Jobs
- 💻 Senior Full Stack Developer
- 💻 Senior Full Stack Developer Jobs
- 🎓 Senior Sales Associate
- 🎓 Senior Sales Associate Jobs
- 💻 Senior Software Developer
- 💻 Senior Software Developer Jobs
- 💻 Senior Software Engineer
- 💻 Senior Software Engineer Jobs
- 🎓 Senior sale associate
- 🎓 Senior sale associate Jobs
- 🤖 Software AI Testing Jobs Opening in PRAM EDUCATE IT SOFTWARE LLP at Wakad, Pune-Others, Pune
- 💻 Software Developer
- 💻 Software Developer Jobs
- 💻 Software Engineer
- 🎓 💻 Software Engineer - Trainee
- 🎓 💻 Software Engineer - Trainee Jobs
- 💻 Software Engineer II
- 💻 Software Engineer II Jobs
- 💻 Software Engineer Jobs
- 🎓 Software Tester Trainee Jobs Opening in Spraxa Solutions Pvt Ltd. at Noida City Centre, Sector 15, Noida, Sector 18, Noida, Noida
- 💻 Sr Software Engineer
- 💻 Sr Software Engineer Jobs
- 🎓 Summer Internship
- 🎓 Summer Internship Jobs
- 🎓 Supply chain trainee
- 🎓 Supply chain trainee Jobs
- 🎓 Technical Associate
- 🎓 Technical Associate Jobs
- 🎓 Technical Support Associate
- 🎓 Technical Support Associate Jobs
- 🎓 Tele Calling Associate Sales A
- 🎓 Tele Calling Associate Sales A Jobs
- 🎓 Tips to Get Selected for an Internship
- 🎓 To stand out in the competitive landscape of internship applications:
- 🎓 Top Internship Roles Hiring in India (2026)
- 🎓 Trainee Apprentice
- 🎓 Trainee Apprentice Jobs
- 🎓 Trainee EGC
- 🎓 Trainee EGC Jobs
- 🎓 Trainee Engineer
- 🎓 Trainee Engineer Jobs
- 🎓 Trainee Operator
- 🎓 Trainee Operator Jobs
- 🎓 Trainee Store Risk Management
- 🎓 Trainee Store Risk Management Jobs
- 🎓 Transaction Processing New Associate
- 🎓 Transaction Processing New Associate Jobs
- 🎓 Transaction processing associate
- 🎓 Transaction processing associate Jobs
- 💻 Web Developer
- 💻 Web Developer Jobs
- 🎓 What is the best way to find verified internship opportunities in India?
- 🎓 Work From Home Internship
- 🎓 Work From Home Internship Jobs
- 🎓 franchise associate
- 🎓 franchise associate Jobs
- 🎓 internship vacancies
- 🎓 production trainee
- 🎓 production trainee Jobs
- 🎓 transaction new associate
- 🎓 transaction new associate Jobs

## YC Work at a Startup — Remote
<https://www.workatastartup.com/jobs>

- 💻 Frontend Engineer
- 💻 Fullstack Engineer

## AICTE Internship Portal — India
<https://internship.aicte-india.org/>

- 🎓 1 Crore Internship By 2027 | 79,57,193+ Internships | 82216 Companies

## HealthKart — Gurugram
<https://www.healthkart.com/careers>

- 💻 Senior Java Software Engineer

## Airwallex — Singapore
<https://www.airwallex.com/careers>

- 🎓 Issuing Risk Operations Associate Operations Management EMEA, London
- 💻 Principal Software Engineer, Tech Platform, Edge Team Engineering APAC, Singapore
- 🎓 Senior Associate, Revenue Operations Operations Management Operations Management • San Francisco Americas , San Francisco San Francisco
- 💻 Senior Software Engineer, Lending Engineering Engineering • Singapore APAC , Singapore Singapore
- 💻 Staff Software Engineer, Scale Engineering EMEA, London

## Entropik — Bengaluru
<https://www.entropik.io/careers>

- 🤖 AI Engineer 13 days ago Chennai 2-3 years Full Time
- 🤖 Senior AI Engineer 17 days ago Chennai 4-6 years Full Time
- 💻 Senior Backend Engineer 0 day ago Chennai , Chennai 3-6 years Full Time
- 💻 Senior Software Engineer - Backend + DevOps 3 days ago Chennai 3-6 years Full Time

## Nettechnocrats — Ahmedabad
<https://www.nettechnocrats.com/careers/>

- 💻 We develop innovative digital solutions that enhance Software Development, Cloud & DevOps etc.

# 🔔 New career-page entries — 2026-07-06T15:33:23

## Capgemini — India
<https://www.capgemini.com/in-en/careers/join-capgemini/job-search/>

- 🤖 Azure Databricks Engineer Pune, Mumbai (ex Bombay), Bangalore, Hyderabad, Chennai (ex Madras) Data & AI Permanent Experienced Professionals
- 🤖 Data Engineer Pune Data & AI Permanent Experienced Professionals
- 💻 Lead Software Engineer Pune Software Engineering Permanent Experienced Professionals

## IBM — India
<https://www.ibm.com/in-en/careers/career-opportunities>

- 🎓 Entry level Brand Sales Specialist - Luxembourg
- 🎓 Junior SAP Support Consultant (PP/QM) - German

## Keka HR — Hyderabad
<https://www.keka.com/careers>

- Hiring & Onboarding
- Hiring & Onboarding Create a great candidate experience before and after joining
- Hiring Software
- We are hiring !

## Swiggy — Bengaluru
<https://careers.swiggy.com/>

- Executive - video editor

## ShareChat — Bengaluru
<https://sharechat.com/careers>

- 🎓 Intern - Content Moderation(Tamil and Hindi)

## Internshala (ML) — India
<https://internshala.com/internships/machine-learning-internship/>

- 🎓 1. Work on live projects. 2. Perform live project tasks day-by-day during the internship. 3. Learn and implement new features or functions.
- 🎓 🤖 Machine Learning Internships: Find 129 Machine Learning Intern Jobs

## Internshala (SDE) — India
<https://internshala.com/internships/software-development-internship/>

- 🎓 💻 Software Development Internships: 208+ Software Development Intern Jobs

## Internshala (AI) — India
<https://internshala.com/internships/artificial-intelligence-internship/>

- 🎓 1. Work on live projects. 2. Perform live project tasks day-by-day during the internship. 3. Learn and implement new features or functions.
- 🎓 🤖 Artificial intelligence Internships: Find 150 Artificial intelligence Intern Jobs

## YCombinator Jobs — Bengaluru
<https://www.ycombinator.com/jobs/location/bengaluru>

- 🤖 Vahan (S19) • AI recruiter for India's massive blue-collar workforce ( 14 days ago)

## Qualcomm — India
<https://careers.qualcomm.com/careers>

- 💻 1. Senior Software Developer
- 💻 2. Staff Software Developer
- 💻 3. Software Developer
- 🎓 💻 4. Associate Software Developer
- 💻 5. Senior Software Engineer
- 💻 Embedded Software Engineer, Staff - Cork, Ireland Cork, Ireland Software Engineering Posted 16 hours ago
- 🤖 Engineer, Staff-Machine Learning-Tools Hyderabad, Telangana, India Software Engineering Posted 16 hours ago
- 💻 IT Software Developer, Staff (Apigee)
- 💻 IT Software Developer, Staff (Apigee) San Diego, California, United States of America IT Software Developer Posted 16 hours ago
- 💻 Information Technology Group, Information Technology Group > IT Software Developer

## AMD India — Bengaluru
<https://careers.amd.com/careers-home>

- 🤖 ASIC Design Engineer, ML Processor & Digital IP
- 🎓 Co-Op/ Intern
- 🤖 Principal Open Source AI/ML Solutions Engineer
- 🎓 Student / Intern / Temp

## Internshala Noida — Noida
<https://internshala.com/internships/internship-in-noida/>

- 🎓 International Customer Service: The Coolest Weekend Internship

## Internshala Gurgaon — Gurugram
<https://internshala.com/internships/internship-in-gurgaon/>

- 🎓 International Customer Service: The Coolest Weekend Internship

## Signzy — Bengaluru
<https://www.signzy.com/careers/>

- 🎓 Associate Director - Enterprise Sales 867 days ago Chennai 7 years - 10 years Full Time
- 🎓 Sales Associate 13 days ago Mumbai 1 - 2 years Full Time

## Wingify — Pune
<https://wingify.com/careers/>

- 🤖 GenAI Engineer
- 💻 Senior Software Engineer - Client Services
- 💻 Software Engineer - QA (Client Services team)
- 💻 Software Engineer – Full Stack

## Thunes — Singapore
<https://www.thunes.com/careers/>

- 🎓 Enterprise Singapore Graduate Scheme

## Internshala (Data Science) — India
<https://internshala.com/internships/data-science-internship/>

- 🎓 1. Work on live projects. 2. Perform live project tasks day-by-day during the internship. 3. Learn and implement new features or functions.
- 🎓 🤖 Data Science Internships: Find 301 Data Science Intern Jobs

## Internshala (Web Dev) — India
<https://internshala.com/internships/web-development-internship/>

- 🎓 Web Development Internships: 314+ Web Development Intern Jobs

## Internshala (Python) — India
<https://internshala.com/internships/python-internship/>

- 🎓 1. Work on live projects. 2. Perform live project tasks day-by-day during the internship. 3. Learn and implement new features or functions.
- 🎓 Python Internships: Find 243 Python Intern Jobs

## Internshala (Full Stack) — India
<https://internshala.com/internships/full-stack-development-internship/>

- 🎓 💻 Full Stack Development Internships: 103+ Full Stack Development Intern Jobs

## Internshala (Frontend) — India
<https://internshala.com/internships/front-end-development-internship/>

- 🎓 💻 Front End Development Internships: Find 104 Front End Development Intern Jobs

## Internshala (Backend) — India
<https://internshala.com/internships/back-end-development-internship/>

- 💻 MERN Stack Web Developer

## Internshala (App Dev) — India
<https://internshala.com/internships/mobile-app-development-internship/>

- 🎓 Mobile App Development Internships: Find 64 Mobile App Development Intern Jobs

## YC Work at a Startup — Remote
<https://www.workatastartup.com/jobs>

- 🎓 Engineering Intern
- 💻 Senior Software Engineer, Journeys Team (Fullstack)

## AICTE Internship Portal — India
<https://internship.aicte-india.org/>

- 🎓 1 Crore Internship By 2027 | 79,57,193+ Internships | 82221 Companies

## Airwallex — Singapore
<https://www.airwallex.com/careers>

- 🤖 Engineering Manager, AI Tooling Engineering Engineering • Sydney APAC , Sydney Sydney
- 💻 Principal Software Engineer, Tech Platform, Edge Team Engineering Singapore
- 🤖 Senior Data Scientist, Analytics (Regulatory Reporting) Product Singapore
- 💻 Senior Fullstack Engineer, Scale Engineering EMEA, London
- 💻 Senior Software Engineer, Infrastructure & Productivity Engineering Engineering • Shanghai APAC , Shanghai Shanghai
- 💻 Software Engineer II (iOS), Financial Platform Engineering Engineering • Singapore APAC , Singapore Singapore

## Nevina Infotech — Ahmedabad
<https://nevinainfotech.com/career>

- 💻 Hire Web Developer

## NectarBits — Ahmedabad
<https://nectarbits.com/career>

- 💻 Cost to Hire Full Stack Developer

## Bitcot — Ahmedabad
<https://www.bitcot.com/careers/>

- 💻 Hire Full Stack Developer
- 🎓 Junior NodeJS Developer
- 🎓 Junior PHP Developer
- 🎓 Junior ReactJS Developer
- 🎓 Junior WordPress Developer
- 💻 Senior Web Developer

# 🔔 New career-page entries — 2026-07-06T19:57:31

## DRC Systems — Gandhinagar
<https://careers.drcsystems.com/>

- A fair hiring process and career advancement for all.
- 🎓 Any Graduate
- 🎓 Associate
- 🎓 Associate – Java
- 🎓 Associate – Open edX Developer
- Business Development Executive
- Business Development Executive – US Shift
- Cloud and DevOps
- Manager – SEO & Digital Growth
- Project Manager
- QA Engineering and Testing
- Solution Architect
- Sr. Executive – Sales
- Tech Lead

## Accenture — Bengaluru
<https://www.accenture.com/in-en/careers/jobsearch?fl=Bengaluru>

- 🤖 AI Native Software Engineering Analyst
- 💻 Custom Software Engineer
- 🎓 Customer Service Associate
- 🎓 Customer Service Associate-Voice
- 💻 Full Stack Engineer

## Accenture — Hyderabad
<https://www.accenture.com/in-en/careers/jobsearch?fl=Hyderabad>

- 🤖 AI Native Software Engineering Analyst
- 💻 Custom Software Engineer
- 🎓 Customer Service Associate
- 🎓 Customer Service Associate-Voice
- 💻 Full Stack Engineer

## Accenture — Pune
<https://www.accenture.com/in-en/careers/jobsearch?fl=Pune>

- 🤖 AI Native Software Engineering Analyst
- 💻 Custom Software Engineer
- 🎓 Customer Service Associate
- 🎓 Customer Service Associate-Voice
- 💻 Full Stack Engineer

## Accenture — Gurugram
<https://www.accenture.com/in-en/careers/jobsearch?fl=Gurugram>

- 🤖 AI Native Software Engineering Analyst
- 💻 Custom Software Engineer
- 🎓 Customer Service Associate
- 🎓 Customer Service Associate-Voice
- 💻 Full Stack Engineer

## Capgemini — India
<https://www.capgemini.com/in-en/careers/join-capgemini/job-search/>

- 💻 Principal Software Engineer Pune Software Engineering Permanent Experienced Professionals
- 💻 Software Engineer Bangalore Software Engineering Permanent Experienced Professionals
- 💻 Software Engineer Chennai (ex Madras) Software Engineering Permanent Experienced Professionals
- 💻 Software Engineer Pune Software Engineering Permanent Experienced Professionals

## IBM — India
<https://www.ibm.com/in-en/careers/career-opportunities>

- 🎓 2026 Intern Conversion : Hardware Engineer

## Cognizant — India
<https://careers.cognizant.com/global-en/jobs/>

- 🤖 Agentic AI MCP Integration Specialist
- 🤖 Senior Machine Learning Engineer - Generative AI & MLOps (AWS)

## Cognizant — India
<https://careers.cognizant.com/india-en/jobs/>

- 🤖 Agentic AI MCP Integration Specialist
- 🤖 Senior Machine Learning Engineer - Generative AI & MLOps (AWS)

## Internshala (ML) — India
<https://internshala.com/internships/machine-learning-internship/>

- 🎓 🤖 Machine Learning Internships: Find 128 Machine Learning Intern Jobs

## Internshala (AI) — India
<https://internshala.com/internships/artificial-intelligence-internship/>

- 🎓 🤖 Artificial intelligence Internships: Find 147 Artificial intelligence Intern Jobs

## YCombinator Jobs — Bengaluru
<https://www.ycombinator.com/jobs/location/bengaluru>

- 🤖 Vahan (S19) • AI recruiter for India's massive blue-collar workforce ( about 2 hours ago)

## Qualcomm — India
<https://careers.qualcomm.com/careers>

- 🤖 Engineer, Staff-Machine Learning-Tools Hyderabad, Telangana, India Software Engineering Posted 20 hours ago
- 💻 IT Software Developer, Staff (Apigee) San Diego, California, United States of America + 1 more IT Software Developer Posted 20 hours ago
- 🤖 Machine Learning Compiler Engineer Raleigh, North Carolina, United States of America Machine Learning Engineering Posted 20 hours ago

## Arcesium — Bengaluru
<https://careers.arcesium.com/>

- 💻 Software Engineer

## AMD India — Bengaluru
<https://careers.amd.com/careers-home>

- 🤖 AI Automation Design Packaging Lead
- 🤖 AI Portfolio Marketing Manager

## Synopsys — Bengaluru
<https://careers.synopsys.com/>

- 🎓 DevOps Internship

## upGrad — Mumbai
<https://www.upgrad.com/careers/>

- 🎓 🤖 Executive Post Graduate Certificate in Building AI Products, Systems & Services - IIT Kharagpur

## Techwave — Hyderabad
<https://techwave.wd108.myworkdayjobs.com/TechWave_Careers>

- 🤖 AI Architect
- 💻 Fullstack Engineer
- 🎓 Junior FI Consultant
- 🎓 Junior Public Cloud Consultant
- 🎓 Techwave Junior SAP Consultant Program

## Internshala (Data Science) — India
<https://internshala.com/internships/data-science-internship/>

- 🎓 🤖 Data Science Internships: Find 297 Data Science Intern Jobs

## Internshala (Web Dev) — India
<https://internshala.com/internships/web-development-internship/>

- 🎓 Web Development Internships: 303+ Web Development Intern Jobs

## Internshala (Python) — India
<https://internshala.com/internships/python-internship/>

- 🎓 Python Internships: Find 236 Python Intern Jobs

## Internshala (Full Stack) — India
<https://internshala.com/internships/full-stack-development-internship/>

- 🎓 💻 Full Stack Development Internships: 99+ Full Stack Development Intern Jobs

## Internshala (Frontend) — India
<https://internshala.com/internships/front-end-development-internship/>

- 🎓 💻 Front End Development Internships: Find 100 Front End Development Intern Jobs

## Internshala (Backend) — India
<https://internshala.com/internships/back-end-development-internship/>

- 🎓 💻 Backend Development Internships: Find 115 Backend Development Intern Jobs

## Internshala (App Dev) — India
<https://internshala.com/internships/mobile-app-development-internship/>

- 🎓 Mobile App Development Internships: Find 62 Mobile App Development Intern Jobs

## YC Work at a Startup — Remote
<https://www.workatastartup.com/jobs>

- 💻 Staff Software Engineer, SMS Team (Fullstack)

## HealthKart — Gurugram
<https://www.healthkart.com/careers>

- 💻 Senior Java Software Engineer

## Airwallex — Singapore
<https://www.airwallex.com/careers>

- 🎓 Associate Director, Strategic Finance Finance and Corporate Development Americas, San Francisco
- 💻 Senior Software Engineer (Frontend), Identity & User Security Engineering APAC, Singapore
- 💻 Senior Software Engineer, Scale Engineering London
- 💻 Software Engineer, Yield Engineering APAC, Sydney

# 🔔 New career-page entries — 2026-07-07T03:23:35

## Accenture — Bengaluru
<https://www.accenture.com/in-en/careers/jobsearch?fl=Bengaluru>

- 🤖 Enterprise AI Value Strategy Manager
- 🤖 IMU - AI & Data Manager
- 🎓 IMU Sales Capture Associate Director
- 🎓 Sales Capture Associate Director
- 🎓 Strategy Innovation Associate Director
- 🎓 Workplace Service Delivery Associate Manager
- 🎓 Workplace Service Delivery Associate Manager-Events

## Accenture — Hyderabad
<https://www.accenture.com/in-en/careers/jobsearch?fl=Hyderabad>

- 🤖 Enterprise AI Value Strategy Manager
- 🤖 IMU - AI & Data Manager
- 🎓 IMU Sales Capture Associate Director
- 🎓 Sales Capture Associate Director
- 🎓 Strategy Innovation Associate Director
- 🎓 Workplace Service Delivery Associate Manager
- 🎓 Workplace Service Delivery Associate Manager-Events

## Accenture — Pune
<https://www.accenture.com/in-en/careers/jobsearch?fl=Pune>

- 🤖 Enterprise AI Value Strategy Manager
- 🤖 IMU - AI & Data Manager
- 🎓 IMU Sales Capture Associate Director
- 🎓 Sales Capture Associate Director
- 🎓 Strategy Innovation Associate Director
- 🎓 Workplace Service Delivery Associate Manager
- 🎓 Workplace Service Delivery Associate Manager-Events

## Accenture — Gurugram
<https://www.accenture.com/in-en/careers/jobsearch?fl=Gurugram>

- 🤖 Enterprise AI Value Strategy Manager
- 🤖 IMU - AI & Data Manager
- 🎓 IMU Sales Capture Associate Director
- 🎓 Sales Capture Associate Director
- 🎓 Strategy Innovation Associate Director
- 🎓 Workplace Service Delivery Associate Manager
- 🎓 Workplace Service Delivery Associate Manager-Events

## Capgemini — India
<https://www.capgemini.com/in-en/careers/join-capgemini/job-search/>

- 💻 Lead Software Engineer - SAP TRM Mumbai, Pune, Bangalore, Gandhinagar Software Engineering Permanent Experienced Professionals

## Cognizant — India
<https://careers.cognizant.com/global-en/jobs/>

- 💻 Senior Java Full Stack Developer (Java, Spring Boot, Angular) (Hybrid)

## Tech Mahindra — India
<https://careers.techmahindra.com/>

- 🤖 .Net Developer+AI

## Cognizant — India
<https://careers.cognizant.com/india-en/jobs/>

- 💻 Senior Java Full Stack Developer (Java, Spring Boot, Angular) (Hybrid)

## Peoplebox — Bengaluru
<https://www.peoplebox.ai/careers>

- 🎓 Associate Product Manager (APM) 62 days ago BANGALORE Full Time
- Content Marketing Manager 337 days ago BANGALORE 4-6 Full Time
- SEO Lead 221 days ago BANGALORE 4-6 Full Time
- 💻 Senior Backend Engineer 333 days ago BANGALORE 5-9 Full Time
- Talent Acquisition Lead 111 days ago BANGALORE 5+ Full Time

## Internshala (SDE) — India
<https://internshala.com/internships/software-development-internship/>

- 🎓 💻 Software Development Internships: 209+ Software Development Intern Jobs

## YCombinator Jobs — Bengaluru
<https://www.ycombinator.com/jobs/location/bengaluru>

- 🤖 Vahan (S19) • AI recruiter for India's massive blue-collar workforce ( 14 days ago)
- 🤖 Vahan (S19) • AI recruiter for India's massive blue-collar workforce ( about 10 hours ago)

## Qualcomm — India
<https://careers.qualcomm.com/careers>

- 🤖 Automotive AI Software Support Engineer Tokyo, Tokyo, Japan Software Applications Engineering Posted 3 hours ago
- 🎓 FY27 Intern - Digital Design Verification Intern - Tirat Carmel Haifa, Haifa District, Israel Engineering Intern Posted a day ago
- 💻 IT Software Developer, Staff (Apigee) San Diego, California, United States of America + 1 more IT Software Developer Posted a day ago
- 🤖 Machine Learning Compiler Engineer Raleigh, North Carolina, United States of America Machine Learning Engineering Posted a day ago
- 🤖 Modem Machine Learning Engineer San Diego, California, United States of America Modem Technologies Software Posted a day ago
- 🤖 Principal Engineer San Diego, California, United States of America Machine Learning Engineering Posted a day ago
- 💻 R&D – IoT Linux Software Engineer Shenzhen, Guangdong, China Software Engineering Posted 3 hours ago

## Synopsys — Bengaluru
<https://careers.synopsys.com/>

- 🎓 Software Engineering Internship (Fall 2026 Co-op)

## Wingify — Pune
<https://wingify.com/careers/>

- 🤖 GenAI Engineer
- 💻 Senior Software Engineer - Client Services
- 💻 Software Engineer - QA (Client Services team)
- 💻 Software Engineer – Full Stack

## Nutanix — Bengaluru
<https://www.nutanix.com/careers>

- 💻 Software Engineer 4 (Backend Developer)

## Tekion — Bengaluru
<https://tekion.com/careers>

- 💻 Architect, Software Engineering - Frontend - Integration

## GreyOrange — Gurugram
<https://www.greyorange.com/careers/>

- 💻 Role: Software Development Engineer in Test II (SDET II)
- 💻 Software Development Engineer III
- 💻 Software Development Engineer in Test II
- 💻 Software Development Engineer in Test III

## Internshala (Web Dev) — India
<https://internshala.com/internships/web-development-internship/>

- 🎓 Web Development Internships: 304+ Web Development Intern Jobs

## Internshala (Frontend) — India
<https://internshala.com/internships/front-end-development-internship/>

- 🎓 💻 Front End Development Internships: Find 101 Front End Development Intern Jobs

## Internshala (App Dev) — India
<https://internshala.com/internships/mobile-app-development-internship/>

- 🎓 Mobile App Development Internships: Find 64 Mobile App Development Intern Jobs

## YC Work at a Startup — Remote
<https://www.workatastartup.com/jobs>

- 💻 Senior Software Engineer, Journeys Team (Fullstack)
- 🎓 Software Engineering Intern

## AICTE Internship Portal — India
<https://internship.aicte-india.org/>

- 🎓 1 Crore Internship By 2027 | 79,57,193+ Internships | 82222 Companies

## Airwallex — Singapore
<https://www.airwallex.com/careers>

- 💻 Senior Software Engineer (Frontend), Business Accounts Engineering APAC, Sydney
- 🤖 Staff Product Manager, AI Enablement Product San Francisco
- 💻 Staff Software Engineer, Infrastructure (Citizen Dev) Engineering APAC, Singapore

## Entropik — Bengaluru
<https://www.entropik.io/careers>

- 🤖 AI Engineer 14 days ago Chennai 2-3 years Full Time
- 🤖 Senior AI Engineer 18 days ago Chennai 4-6 years Full Time
- 💻 Senior Backend Engineer 1 day ago Chennai , Chennai 3-6 years Full Time
- 💻 Senior Software Engineer - Backend + DevOps 4 days ago Chennai 3-6 years Full Time

# 🔔 New career-page entries — 2026-07-07T09:41:50

## Capgemini — India
<https://www.capgemini.com/in-en/careers/join-capgemini/job-search/>

- 🤖 AI Architect Gurgaon Creative & Design Permanent Experienced Professionals
- 🤖 Cloud AI Engineer Mumbai (ex Bombay) Software Engineering Permanent Experienced Professionals
- 💻 Java Backend Developer Pune Software Engineering Permanent Experienced Professionals
- 🤖 Palantir Data Engineer Bangalore Data & AI Permanent Experienced Professionals

## IBM — India
<https://www.ibm.com/in-en/careers/career-opportunities>

- 🎓 Associate Business Transformation Consultant-Enterprise Strategy
- 🎓 Associate SAP S/4 HANA Technology / SAP Architect (w/m/d)

## IBM — India
<https://www.ibm.com/in-en/careers/search>

- 🤖 Consulting Technical Consultant-AI Integration Professional Bangalore, IN
- 🎓 Infrastructure & Technology Entry Level Hardware Developer 2026 Entry Level Multiple Cities
- 🎓 Infrastructure & Technology Package Specialist 2026- Workday HCM & Compensation Entry Level Multiple Cities
- 🎓 Internship (85)
- 🎓 Sales Apprenti.e 'Metropole Program' Business développement – Ecosystème - IBM France - H/F Internship Bois Colombes Cedex, FR
- 🎓 Sales Brand Technical Specialist Entry Level Esch-sur-Alzette, LU
- 🎓 Sales Entry Level Technical Sales Specialist Entry Level Bucharest, RO
- 💻 Software Engineering Application Developer-Cloud FullStack Professional Bangalore, IN
- 💻 Software Engineering Application Developer-Cloud FullStack Professional Hyderabad, IN
- 🎓 Software Engineering IBM Consulting Interns Internship QUEZON CITY, PH

## Cognizant — India
<https://careers.cognizant.com/global-en/jobs/>

- 🎓 Associate Architect

## Tech Mahindra — India
<https://careers.techmahindra.com/>

- 🎓 Associate Tech Specialist
- 💻 Sr. Software Engineer

## Cognizant — India
<https://careers.cognizant.com/india-en/jobs/>

- 🎓 Associate Architect

## Swiggy — Bengaluru
<https://careers.swiggy.com/>

- Sales Manager II

## Internshala (ML) — India
<https://internshala.com/internships/machine-learning-internship/>

- 🎓 🤖 Machine Learning Internships: Find 131 Machine Learning Intern Jobs

## Internshala (SDE) — India
<https://internshala.com/internships/software-development-internship/>

- 🎓 💻 Software Development Internships: 218+ Software Development Intern Jobs

## Internshala (AI) — India
<https://internshala.com/internships/artificial-intelligence-internship/>

- 🎓 🤖 Artificial intelligence Internships: Find 153 Artificial intelligence Intern Jobs
- 🤖 Founders Office (Executive Assistant & AI)
- 🤖 💻 Frontend Developer & Artificial Intelligence

## YCombinator Jobs — Bengaluru
<https://www.ycombinator.com/jobs/location/bengaluru>

- 🤖 Vahan (S19) • AI recruiter for India's massive blue-collar workforce ( about 16 hours ago)

## Qualcomm — India
<https://careers.qualcomm.com/careers>

- 🎓 2. Associate Engineer
- 💻 4. Software Engineer
- 💻 5. Senior Software Engineer
- 🤖 💻 AI Software Developer, Staff San Diego, California, United States of America IT Software Developer Posted 3 months ago
- 💻 Senior DevOps & CI Infrastructure Software Engineer, AISW Group Tijuana, Baja California, Mexico Software Engineering Posted 5 months ago
- 🤖 Senior Lead Engineer- Product Security tools, AI Hyderabad, Telangana, India Software Engineering Posted a month ago
- 🤖 💻 Senior Software Engineer – Edge AI/GenAI San Diego, California, United States of America Software Engineering Posted a month ago
- 💻 Senior Software Engineer – Sensors (Cork, Ireland) Cork, Ireland Software Engineering Posted 2 months ago
- 💻 Senior Staff Software Engineer/Architect - Runtime Engineer Cork, Ireland Software Engineering Posted a month ago

## Postman — Bengaluru
<https://www.postman.com/company/careers/open-positions/>

- 🤖 Applied AI Scientist, Small Language Model and AI Training
- 💻 Backend and System Engineer, Flows
- 🤖 Engineering Manager, Postman AI
- 🤖 Member of Technical Staff, AI Agent Development Lead
- 🤖 Member of Technical Staff, AI Reliability & Monitoring Engineering Lead
- 💻 Senior Backend Engineer, Cloud Platform
- 💻 Senior Backend Engineer, Observability
- 💻 Senior Fullstack Engineer - Codegen
- 💻 Senior Fullstack Engineer, Observability
- 💻 Senior Fullstack Software Engineer - (Customer Journey)
- 💻 Senior Software Engineer - Client SDK (UI Platform)
- 💻 Senior Software Engineer - Fern
- 💻 Senior Software Engineer Manager - Ecosystems
- 💻 Senior Software Engineer, Marketing Engineering
- 💻 Senior Software Engineer, Monetization
- 💻 Staff Software Engineer - Fern
- 💻 Staff Software Engineer, Business Platform
- 💻 Staff Software Engineer- Codegen

## Kore.ai — Hyderabad
<https://kore.ai/careers/>

- 🤖 AI Solution Sales Specialist
- 🤖 Lead AI Customer Engineer — Fanatic Customer Support
- 💻 Software Engineer/Senior Software Engineer - Technical Support

## Tabby — Dubai
<https://tabby.ai/careers>

- 🎓 🤖 AI Intern

## Internshala Gandhinagar — Gandhinagar
<https://internshala.com/internships/internship-in-gandhinagar/>

- 🎓 CLINICAL ASSOCIATE
- 🎓 Food Safety Regulation & Administration Intern
- 🎓 Fresher Jobs in Gandhi Nagar for Freshers
- 🎓 Latest Intern Jobs in Gandhi Nagar
- 🎓 Q. Do I need to pay to apply for an internship in Gandhi Nagar on Internshala?
- 🎓 Q. How can I apply for an internship in Gandhi Nagar on Internshala?
- 🎓 Selected intern's day-to-day responsibilities include working on testing of applications which includes mobile app and web dashboards
- 🎓 There are 100+ internship categories available in Gandhi Nagar. Here are the top 5 categories for internships in Gandhi Nagar-
- 💻 Web Developer Internships in Gandhi Nagar
- 🎓 You can apply for an internship in Gandhi Nagar or internship jobs in Gandhi Nagar on Internshala using the following steps-

## Grab — Singapore
<https://grab.careers/>

- 🎓 Associate, Merchant Acquisition - GrabMart
- 🎓 Omni Jabo Acquisition Senior Associate
- 💻 Senior Software Engineer, Backend
- 💻 Senior Software Engineer, Flink

## MyCareersFuture (SDE) — Singapore
<https://www.mycareersfuture.gov.sg/search?search=software+engineer&sortBy=new_posting_date>

- 🎓 If you are a fresh graduate looking for a traineeship opportunity
- 🎓 Junior Executive

## MyCareersFuture (ML) — Singapore
<https://www.mycareersfuture.gov.sg/search?search=machine+learning&sortBy=new_posting_date>

- 🎓 If you are a fresh graduate looking for a traineeship opportunity
- 🎓 Junior Executive

## Cashfree — Bengaluru
<https://www.cashfree.com/careers/>

- 🎓 Associate Director - Banking & Alliance Product
- 💻 Software Development Engineer - 3

## Signzy — Bengaluru
<https://www.signzy.com/careers/>

- 🎓 Associate Director - Enterprise Sales 868 days ago Chennai 7 years - 10 years Full Time
- 🎓 Sales Associate 14 days ago Mumbai 1 - 2 years Full Time

## Pine Labs — Noida
<https://www.pinelabs.com/careers>

- 🎓 Management Trainee Program
- 🎓 Our flagship summer internship program for students from premier B-schools.
- 🎓 Sales Trainee Program

## Internshala (Data Science) — India
<https://internshala.com/internships/data-science-internship/>

- 🎓 🤖 Data Science Internships: Find 313 Data Science Intern Jobs
- 🤖 Founders Office (Executive Assistant & AI)
- 🤖 💻 Frontend Developer & Artificial Intelligence

## Internshala (Web Dev) — India
<https://internshala.com/internships/web-development-internship/>

- 🤖 💻 Frontend Developer & Artificial Intelligence
- 🎓 💻 SaaS Engineering Intern (Full-Stack Development & DevOps)
- 💻 Web Developer and Social Media Manager
- 🎓 Web Development Internships: 311+ Web Development Intern Jobs

## Internshala (Python) — India
<https://internshala.com/internships/python-internship/>

- 🎓 Python Internships: Find 241 Python Intern Jobs

## Internshala (Full Stack) — India
<https://internshala.com/internships/full-stack-development-internship/>

- 🎓 💻 Full Stack Development Internships: 100+ Full Stack Development Intern Jobs
- 🎓 💻 SaaS Engineering Intern (Full-Stack Development & DevOps)

## Internshala (Frontend) — India
<https://internshala.com/internships/front-end-development-internship/>

- 🎓 💻 Frontend development Internship in Bengaluru
- 🎓 💻 Frontend development Internship in Coimbatore
- 🎓 💻 Frontend development Internship in Delhi
- 🎓 💻 Frontend development Internship in Gurgaon
- 🎓 💻 Frontend development Internship in Hyderabad
- 🎓 💻 Frontend development Internship in Kolkata
- 🎓 💻 Frontend development Internships: Find 10 Frontend development Intern Jobs
- 🎓 💻 Latest Frontend development Intern Jobs
- 🎓 💻 Q. How can I apply for a frontend development internship on Internshala?
- 🤖 💻 Software Developer – Dashboard, AI/LLM & Automation
- 🎓 💻 You can apply for a frontend development internship or frontend development intern job using the following steps-

## Internshala (Backend) — India
<https://internshala.com/internships/back-end-development-internship/>

- 🎓 💻 Backend Development Internships: Find 118 Backend Development Intern Jobs

## Internshala (App Dev) — India
<https://internshala.com/internships/mobile-app-development-internship/>

- 🎓 Mobile App Development Internships: Find 63 Mobile App Development Intern Jobs

## YC Work at a Startup — Remote
<https://www.workatastartup.com/jobs>

- 🤖 ML Engineer

## AICTE Internship Portal — India
<https://internship.aicte-india.org/>

- 🎓 1 Crore Internship By 2027 | 79,57,193+ Internships | 82226 Companies

## Jar — Bengaluru
<https://www.myjar.app/careers>

- 🎓 Customer Support Associate
- 🎓 Marketing Intern – Malayalam
- 🎓 Videographer Intern

## Bijnis — Delhi
<https://bijnis.com/careers>

- 🎓 Apply for Internship
- 🎓 Apply for an Internship
- 🎓 Careers at bijnis | Sales, Tech & Internship Jobs
- 🎓 Fresher
- 🎓 Fresher or not applicable
- 🎓 Internship preferences
- 🎓 Preferred internship duration

## Airwallex — Singapore
<https://www.airwallex.com/careers>

- 🤖 Engineering Manager, AI Tooling Engineering Americas, San Francisco
- 🤖 Senior AI Engineer Engineering APAC, Singapore
- 💻 Software Engineer, GTPN Platform Engineering Engineering • Singapore APAC , Singapore Singapore
- 💻 Software Engineer, Spend Engineering Engineering • Melbourne APAC , Melbourne Melbourne

## Glints — Singapore
<https://glints.com/careers>

- 🎓 Account Management Associate (Jakarta)

## Softweb Solutions — Ahmedabad
<https://www.softwebsolutions.com/careers.html>

- 🎓 Intern
- 💻 Software Developer

# 🔔 New career-page entries — 2026-07-07T14:34:00

## Accenture — Bengaluru
<https://www.accenture.com/in-en/careers/jobsearch?fl=Bengaluru>

- 🎓 Business Advisory New Associate
- 🎓 Business Advisory New Associate-Voice
- 💻 Custom Software Engineer
- 🎓 Delivery Lead Associate Director
- 🎓 Insurance Operations Associate
- 🎓 Packaged Application Development Associate Manager
- 🎓 Procurement Operations Associate
- 🎓 Technology Architecture Associate Manager

## Accenture — Hyderabad
<https://www.accenture.com/in-en/careers/jobsearch?fl=Hyderabad>

- 🎓 Business Advisory New Associate
- 🎓 Business Advisory New Associate-Voice
- 💻 Custom Software Engineer
- 🎓 Delivery Lead Associate Director
- 🎓 Insurance Operations Associate
- 🎓 Packaged Application Development Associate Manager
- 🎓 Procurement Operations Associate
- 🎓 Technology Architecture Associate Manager

## Accenture — Pune
<https://www.accenture.com/in-en/careers/jobsearch?fl=Pune>

- 🎓 Business Advisory New Associate
- 🎓 Business Advisory New Associate-Voice
- 💻 Custom Software Engineer
- 🎓 Delivery Lead Associate Director
- 🎓 Insurance Operations Associate
- 🎓 Packaged Application Development Associate Manager
- 🎓 Procurement Operations Associate
- 🎓 Technology Architecture Associate Manager

## Accenture — Gurugram
<https://www.accenture.com/in-en/careers/jobsearch?fl=Gurugram>

- 🎓 Business Advisory New Associate
- 🎓 Business Advisory New Associate-Voice
- 💻 Custom Software Engineer
- 🎓 Delivery Lead Associate Director
- 🎓 Insurance Operations Associate
- 🎓 Packaged Application Development Associate Manager
- 🎓 Procurement Operations Associate
- 🎓 Technology Architecture Associate Manager

## Capgemini — India
<https://www.capgemini.com/in-en/careers/join-capgemini/job-search/>

- 🤖 Palantir Developer Chennai (ex Madras), Bangalore, Mumbai, Hyderabad, Pune Data & AI Permanent Experienced Professionals

## IBM — India
<https://www.ibm.com/in-en/careers/career-opportunities>

- 🎓 🤖 Entry Level Sales Specialist - Data & AI
- 🎓 Entry level Technical Sales Specialist Data - IBM Denmark (incl. Assignment in Valencia)

## ShareChat — Bengaluru
<https://sharechat.com/careers>

- 🎓 Accounts Associate - Finance

## Meesho — Bengaluru
<https://www.meesho.io/jobs>

- Deputy Manager - Business Finance Finance, Legal & PR Bangalore, Karnataka

## Internshala (ML) — India
<https://internshala.com/internships/machine-learning-internship/>

- 🎓 🤖 Machine Learning Internships: Find 132 Machine Learning Intern Jobs

## Internshala (SDE) — India
<https://internshala.com/internships/software-development-internship/>

- 🎓 💻 Software Development Internships: 217+ Software Development Intern Jobs

## Internshala (AI) — India
<https://internshala.com/internships/artificial-intelligence-internship/>

- 🎓 🤖 AI Tools & Onboarding Intern OR AI Automation Intern — Onboarding & Integrations
- 🎓 🤖 Artificial intelligence Internships: Find 156 Artificial intelligence Intern Jobs

## YCombinator Jobs — Bengaluru
<https://www.ycombinator.com/jobs/location/bengaluru>

- 🤖 Vahan (S19) • AI recruiter for India's massive blue-collar workforce ( about 21 hours ago)

## Tabby — Dubai
<https://tabby.ai/careers>

- 🎓 DBA Intern
- 🎓 DevOps Intern

## Internshala Noida — Noida
<https://internshala.com/internships/internship-in-noida/>

- 🎓 Finance & Accounting Associate
- 🎓 Marketing Intern
- 🎓 Social Media Marketing Intern

## Internshala Gurgaon — Gurugram
<https://internshala.com/internships/internship-in-gurgaon/>

- 🎓 Finance & Accounting Associate
- 🎓 Marketing Intern
- 🎓 Social Media Marketing Intern

## Gramener — Hyderabad
<https://gramener.com/careers/>

- 🤖 Data Scientist
- 🤖 Data Scientist Bangalore Validate the models developed against statistical robustness and business sense.
- 🎓 Internship is processed with technical assessment followed by discussion with the hiring manager.
- 🎓 Junior UI/UX Engineer Hyderabad/ Collaborate with marketing and sales teams to design and implement website updates and landing pages.
- 🤖 Lead Data Science Engineer at Gramener
- 🤖 Lead Data Scientist – SFE Analytics Hyderabad Worked extensively on SFE Analytics (Pharma preferred).
- 🤖 Python Developer – GenAI/NLP Integration Hyderabad/Bangalore Core Python Development: 4–8 years of hands-on experience.
- 💻 Senior Full-Stack Developer Bangalore AWS or Azure cloud, Server management with basic visualization.
- 🎓 What is your process for Campus Hiring?

## To The New — Noida
<https://www.tothenew.com/careers>

- 💻 Software Engineer-ReactNative
- 💻 Software Engineer-ReactNative 2-4 years Noida

## Internshala (Data Science) — India
<https://internshala.com/internships/data-science-internship/>

- 🎓 🤖 Data Science Internships: Find 317 Data Science Intern Jobs

## Internshala (Web Dev) — India
<https://internshala.com/internships/web-development-internship/>

- 🎓 💻 Associate Frontend Developer (Framer Only)
- 💻 Fullstack Developer (MERN)
- 💻 SaaS Engineering (Full-Stack Development & DevOps)
- 🎓 Web Development Internships: 318+ Web Development Intern Jobs

## Internshala (Python) — India
<https://internshala.com/internships/python-internship/>

- 🎓 Python Internships: Find 246 Python Intern Jobs

## Internshala (Full Stack) — India
<https://internshala.com/internships/full-stack-development-internship/>

- 🎓 💻 Full Stack Development Internships: 101+ Full Stack Development Intern Jobs
- 💻 Fullstack Developer (MERN)
- 💻 SaaS Engineering (Full-Stack Development & DevOps)

## Internshala (Backend) — India
<https://internshala.com/internships/back-end-development-internship/>

- 🎓 💻 Backend Development Internships: Find 119 Backend Development Intern Jobs
- 💻 Fullstack Developer (MERN)

## Internshala (App Dev) — India
<https://internshala.com/internships/mobile-app-development-internship/>

- 🎓 Mobile App Development Internships: Find 65 Mobile App Development Intern Jobs

## Internshala (Ahmedabad) — Ahmedabad
<https://internshala.com/internships/internship-in-ahmedabad/>

- 🎓 🤖 AI Tools & Onboarding Intern OR AI Automation Intern — Onboarding & Integrations

## FreshersWorld — India
<https://www.freshersworld.com/jobs/jobsearch/internship-jobs>

- 🎓 0 (Fresher)
- 🎓 49 Fresher Internship Job vacancies 2026
- 🎓 49 Latest Internship Training 2026 (Internship & Jobs). Updated on 7 July 2026)
- 🤖 AI Developer
- 🤖 AI Developer Jobs
- 🤖 AI ML Engineer
- 🤖 AI ML Engineer Jobs
- 🎓 ARE YOU A FRESHER?
- 🎓 ASSOCIATE
- 🎓 ASSOCIATE CSR
- 🎓 ASSOCIATE CSR Jobs
- 🎓 ASSOCIATE Jobs
- 🎓 Accountant Trainee Jobs Opening in Pearl Lemon at Central Delhi, Delhi Cantt., Delhi-Others, Bangalore, Mumbai, Delhi
- 🎓 Accounting Associate
- 🎓 Accounting Associate Jobs
- 🎓 Accounts Trainee
- 🎓 Accounts Trainee Jobs
- 🎓 Actuarial Associate
- 🎓 Actuarial Associate Jobs
- 💻 Analyst Programmer
- 💻 Analyst Programmer Jobs
- 🎓 Analytical Associate
- 🎓 Analytical Associate Jobs
- 🎓 Apply to Accountant Trainee Jobs in Pearl Lemon, Bangalo...
- 🎓 Apply to B2B Sales Intern Jobs in Uniserv.Tech, Mumbai f...
- 🎓 Apply to B2B Sales Intern Jobs in Value Score Business S...
- 🎓 Apply to Marketing Intern Jobs in P3 Infotech Solutions ...
- 🎓 Apply to Music-Tech Studio Fellow / Intern Jobs in Nath...
- 🎓 Apply to Operations Intern Jobs in Exson proptech privat...
- 🎓 Apply to QA Intern Jobs in Instawork, Bangalore from 0 t...
- 🤖 Apply to Software AI Testing Jobs in PRAM EDUCATE IT SO...
- 🎓 Apply to Software Tester Trainee Jobs in Spraxa Solution...
- 🎓 Apply to the Latest Internship Now on Freshersworld!
- 🎓 Apprentice trainee
- 🎓 Apprentice trainee Jobs
- 🎓 Apprentice trainee engineering
- 🎓 Apprentice trainee engineering Jobs
- 🎓 Associate - Logistics
- 🎓 Associate - Logistics Jobs
- 🎓 Associate - Supply Chain
- 🎓 Associate - Supply Chain Jobs
- 🎓 Associate -HR
- 🎓 Associate -HR Jobs
- 🎓 Associate Accounts Payble
- 🎓 Associate Accounts Payble Jobs
- 🎓 Associate Banking Operations
- 🎓 Associate Banking Operations Jobs
- 🎓 Associate Business Analyst
- 🎓 Associate Business Analyst Jobs
- 🎓 Associate Consultant
- 🎓 Associate Consultant Jobs
- 🎓 Associate Customer
- 🎓 Associate Customer Jobs
- 🎓 Associate Customer Support
- 🎓 Associate Customer Support Jobs
- 🎓 Associate Data Analyst
- 🎓 Associate Data Analyst Jobs
- 🎓 Associate Finance
- 🎓 Associate Finance Jobs
- 🎓 Associate HR
- 🎓 Associate HR Jobs
- 🎓 Associate Hire to Retire
- 🎓 Associate Hire to Retire Jobs
- 🎓 Associate In Process Quality
- 🎓 Associate In Process Quality Jobs
- 🎓 Associate MIS
- 🎓 Associate MIS Jobs
- 🎓 Associate Maintenance
- 🎓 Associate Maintenance Jobs
- 🎓 Associate Network Business Analytics
- 🎓 Associate Network Business Analytics Jobs
- 🎓 Associate Product Manager
- 🎓 Associate Quality Testing
- 🎓 Associate Quality Testing Jobs
- 🎓 Associate Recruiter
- 🎓 Associate Recruiter Jobs
- 🎓 💻 Associate Software Development
- 🎓 💻 Associate Software Development Jobs
- 🎓 Associate UI/UX Designer
- 🎓 Associate UI/UX Designer Jobs
- 🎓 Associate-HR
- 🎓 Associate-HR Jobs
- 🎓 Associate-Procurement
- 🎓 Associate-Procurement Jobs
- 🎓 B2B Sales Intern Jobs Opening in Uniserv.Tech at Goregaon West, Mumbai
- 🎓 B2B Sales Intern Jobs Opening in Value Score Business Solutions LLP at Andheri East, Mumbai
- 💻 Back End Developer
- 🎓 Back office Associate
- 🎓 Back office Associate Jobs
- 🎓 💻 Backend Associate
- 🎓 💻 Backend Associate Jobs
- 🎓 Browse All Internship Vacancies on Freshersworld
- 🎓 Browse these internship roles and find your ideal internship job on Freshersworld.
- 🎓 Campus Hiring Officer
- 🎓 Campus Hiring Officer Jobs
- 🎓 Campus Recruiter
- 🎓 Campus Recruiter Jobs
- 🎓 Can freshers without any prior experience get an internship in India?
- 🤖 Consultant – AI & Data Scientist
- 🤖 Consultant – AI & Data Scientist Jobs
- 💻 Content Management Web Developer
- 💻 Content Management Web Developer Jobs
- 🎓 Credit Card Associate
- 🎓 Credit Card Associate Jobs
- 🎓 Customer Support Associate
- 🎓 Customer Support Associate Jobs
- 🎓 Data Analyst Internship
- 🎓 Data Analyst Internship Jobs
- 🎓 🤖 Data Science Internship
- 🎓 🤖 Data Science Internship Jobs
- 🤖 Data Scientist
- 🤖 Data Scientist Jobs
- 🎓 Digital Associate
- 🎓 Digital Associate Jobs
- 🎓 Digital Content Management New Associate
- 🎓 Digital Content Management New Associate Jobs
- 🎓 Digital Marketing Internship
- 🎓 Digital Marketing Internship Jobs
- 🎓 Enterprise Sales Associate
- 🎓 Enterprise Sales Associate Jobs
- 🎓 Explore some of the most in-demand internship roles and internship programs available this year:
- 🎓 Field Sales Associate
- 🎓 Field Sales Associate Jobs
- 🎓 Finance Internship
- 🎓 Finance Internship Jobs
- 🎓 Floor Associate
- 🎓 Floor Associate Jobs
- 🎓 For Quality Associate
- 🎓 For Quality Associate Jobs
- 🎓 Freshersworld updates its internship listings daily with verified roles from:
- 💻 Full Stack Developer
- 💻 Fullstack Developer
- 💻 Fullstack Developer Jobs
- 🎓 GCPR Sales Associate
- 🎓 GCPR Sales Associate Jobs
- 🎓 Get notified instantly when new internship roles matching your profile are posted.
- 🎓 HR And Admin Trainee
- 🎓 HR And Admin Trainee Jobs
- 🎓 HR Associate
- 🎓 HR Associate Jobs
- 🎓 HR Service Delivery New Associate
- 🎓 HR Service Delivery New Associate Jobs
- 🎓 How important are online certifications for securing an internship?
- 🎓 Inclusive Insurance Associate
- 🎓 Inclusive Insurance Associate Jobs
- 🎓 Internship
- 🎓 Internship Jobs
- 🎓 Internship Jobs In Ahmedabad
- 🎓 Internship Jobs In Bangalore
- 🎓 Internship Jobs In Chennai
- 🎓 Internship Jobs In Delhi
- 🎓 Internship Jobs In Gurgaon
- 🎓 Internship Jobs In Hyderabad
- 🎓 Internship Jobs In Kolkata
- 🎓 Internship Jobs In Mumbai
- 🎓 Internship Jobs In Noida
- 🎓 Internship Jobs In Pune
- 🎓 Internship Jobs in your city
- 🎓 Internship Opportunities by City
- 🎓 Internship Vacancies – Your Gateway to the Latest Internships in India for Freshers
- 🎓 Inventory Squad Associate
- 🎓 Inventory Squad Associate Jobs
- 💻 Java Fullstack Developer
- 💻 Java Fullstack Developer Jobs
- 🎓 Jr Associate
- 🎓 Jr Associate Jobs
- 🎓 💻 Junior Software Developer
- 🎓 💻 Junior Software Developer Jobs
- 🎓 Keep it short, professional, and specific to each internship application.
- 🎓 Latest 49 Internship Jobs Openings 2026
- 🎓 Latest Internship Jobs
- 🎓 Latest Internship Openings on Freshersworld
- 🎓 Legal Associate Legal Completions
- 🎓 Legal Associate Legal Completions Jobs
- 🎓 Loader Operation Associate
- 🎓 Loader Operation Associate Jobs
- 🎓 MANGEMENT ASSOCIATE
- 🎓 MANGEMENT ASSOCIATE Jobs
- 🤖 ML Engineer
- 🤖 ML Engineer Jobs
- 🤖 Machine Learning Engineer
- 🤖 Machine Learning Engineer Jobs
- 🤖 Machine Learning Scientist
- 🤖 Machine Learning Scientist Jobs
- 🎓 Machining Associate
- 🎓 Machining Associate Jobs
- 🎓 Management Trainee
- 🎓 Management Trainee Jobs
- 🎓 Many companies offer Pre-Placement Offers (PPOs) to top-performing interns, converting your internship into a permanent role.
- 🎓 Market Research Associate
- 🎓 Market Research Associate Jobs
- 🎓 Market Research Trainee
- 🎓 Market Research Trainee Jobs
- 🎓 Marketing Intern Jobs Opening in P3 Infotech Solutions Pvt Ltd at Gurgaon-Others, Gurgaon
- 🎓 Mechanical Trainee
- 🎓 Mechanical Trainee Jobs
- 🎓 Middle Office Risk Support Associate
- 🎓 Middle Office Risk Support Associate Jobs
- 🎓 Music-Tech Studio Fellow / Intern Jobs Opening in Nathaniel School of Music at Bangalore
- 🎓 Naps /WILP Trainee ( Production
- 🎓 Naps /WILP Trainee ( Production Jobs
- 🎓 Operations Intern Jobs Opening in Exson proptech private limited at Bhopal-Others, Bhopal
- 🎓 Other Graduate
- 🎓 Other Post Graduate
- 🎓 PTP Associate
- 🎓 PTP Associate Jobs
- 🎓 Paid Internship
- 🎓 Paid Internship Jobs
- 💻 Principal Software Engineer IT
- 💻 Principal Software Engineer IT Jobs
- 🎓 Process Associate Trainee
- 🎓 Process Associate Trainee Jobs
- 🎓 Procure to Pay Associate
- 🎓 Procure to Pay Associate Jobs
- 🎓 Procure to Pay New Associate
- 🎓 Procure to Pay New Associate Jobs
- 🎓 Procurement Associate
- 🎓 Procurement Associate Jobs
- 🎓 Production Trainee
- 🎓 Production Trainee Jobs
- 🎓 Program Management Associate
- 🎓 Program Management Associate Jobs
- 🎓 Project Management Associate
- 🎓 Project Management Associate Jobs
- 🎓 QA Intern Jobs Opening in Instawork at Koramangala, Bangalore
- 🎓 Quality Assurance Trainee
- 🎓 Quality Assurance Trainee Jobs
- 🎓 Regulatory Affairs associate
- 🎓 Regulatory Affairs associate Jobs
- 🎓 Regulatory Associate
- 🎓 Regulatory Associate Jobs
- 🎓 Regulatory Operation Associate
- 🎓 Regulatory Operation Associate Jobs
- 🎓 Regulatory Operations Associate
- 🎓 Regulatory Operations Associate Jobs
- 💻 Remote Front End Developer
- 💻 Remote Front End Developer Jobs
- 💻 Remote Software Developer
- 💻 Remote Software Developer Jobs
- 💻 Remote Software Engineer
- 💻 Remote Software Engineer Jobs
- 💻 Remote Web Developer
- 💻 Remote Web Developer Jobs
- 🎓 SAP FICO Associate Consultant
- 🎓 SAP FICO Associate Consultant Jobs
- 🎓 Sales Associate
- 🎓 Sales Associate FMCG
- 🎓 Sales Associate FMCG Jobs
- 🎓 Sales Associate Jobs
- 🎓 Sales Trainee
- 🎓 Sales Trainee Jobs
- 🎓 Salesforce Trainee
- 🎓 Salesforce Trainee Jobs
- 🎓 Senior Associate
- 🎓 Senior Associate - HR
- 🎓 Senior Associate - HR Jobs
- 🎓 Senior Associate Jobs
- 🎓 Senior Associate Order to Cash
- 🎓 Senior Associate Order to Cash Jobs
- 💻 Senior Front End Developer
- 💻 Senior Front End Developer Jobs
- 💻 Senior Full Stack Developer
- 💻 Senior Full Stack Developer Jobs
- 🎓 Senior Sales Associate
- 🎓 Senior Sales Associate Jobs
- 💻 Senior Software Developer
- 💻 Senior Software Developer Jobs
- 💻 Senior Software Engineer
- 💻 Senior Software Engineer Jobs
- 🎓 Senior sale associate
- 🎓 Senior sale associate Jobs
- 🤖 Software AI Testing Jobs Opening in PRAM EDUCATE IT SOFTWARE LLP at Wakad, Pune-Others, Pune
- 💻 Software Developer
- 💻 Software Developer Jobs
- 💻 Software Engineer
- 🎓 💻 Software Engineer - Trainee
- 🎓 💻 Software Engineer - Trainee Jobs
- 💻 Software Engineer II
- 💻 Software Engineer II Jobs
- 💻 Software Engineer Jobs
- 🎓 Software Tester Trainee Jobs Opening in Spraxa Solutions Pvt Ltd. at Noida City Centre, Sector 15, Noida, Sector 18, Noida, Noida
- 💻 Sr Software Engineer
- 💻 Sr Software Engineer Jobs
- 🎓 Summer Internship
- 🎓 Summer Internship Jobs
- 🎓 Supply chain trainee
- 🎓 Supply chain trainee Jobs
- 🎓 Technical Associate
- 🎓 Technical Associate Jobs
- 🎓 Technical Support Associate
- 🎓 Technical Support Associate Jobs
- 🎓 Tele Calling Associate Sales A
- 🎓 Tele Calling Associate Sales A Jobs
- 🎓 Tips to Get Selected for an Internship
- 🎓 To stand out in the competitive landscape of internship applications:
- 🎓 Top Internship Roles Hiring in India (2026)
- 🎓 Trainee Apprentice
- 🎓 Trainee Apprentice Jobs
- 🎓 Trainee EGC
- 🎓 Trainee EGC Jobs
- 🎓 Trainee Engineer
- 🎓 Trainee Engineer Jobs
- 🎓 Trainee Operator
- 🎓 Trainee Operator Jobs
- 🎓 Trainee Store Risk Management
- 🎓 Trainee Store Risk Management Jobs
- 🎓 Transaction Processing New Associate
- 🎓 Transaction Processing New Associate Jobs
- 🎓 Transaction processing associate
- 🎓 Transaction processing associate Jobs
- 💻 Web Developer
- 💻 Web Developer Jobs
- 🎓 What is the best way to find verified internship opportunities in India?
- 🎓 Work From Home Internship
- 🎓 Work From Home Internship Jobs
- 🎓 franchise associate
- 🎓 franchise associate Jobs
- 🎓 internship vacancies
- 🎓 production trainee
- 🎓 production trainee Jobs
- 🎓 transaction new associate
- 🎓 transaction new associate Jobs

## YC Work at a Startup — Remote
<https://www.workatastartup.com/jobs>

- 💻 Frontend Engineer

## AICTE Internship Portal — India
<https://internship.aicte-india.org/>

- 🎓 1 Crore Internship By 2027 | 79,57,193+ Internships | 82229 Companies

## Airwallex — Singapore
<https://www.airwallex.com/careers>

- 🤖 💻 Senior Backend Engineer, Agentic AI Engineering San Francisco
- 🤖 Senior Manager, Operations Strategy (AI Enablement) Operations Management Operations Management • London EMEA , London London
- 🤖 Staff Data Scientist, Algorithm (Payments Fraud & Optimization) Product Product • Singapore APAC , Singapore Singapore
- 🤖 Staff Product Manager, AI Growth Product Product • San Francisco Americas , San Francisco San Francisco
- 💻 Staff Software Engineer, Infrastructure & Productivity Engineering Engineering • Shanghai APAC , Shanghai Shanghai

## Glints — Singapore
<https://glints.com/careers>

- 🎓 Marketing Operations Intern (B2C)

# 🔔 New career-page entries — 2026-07-07T19:55:35

## Accenture — Bengaluru
<https://www.accenture.com/in-en/careers/jobsearch?fl=Bengaluru>

- 🎓 Campaign Management Associate
- 🎓 Order to Cash Operations Associate
- 🎓 Procurement Practice New Associate

## Accenture — Hyderabad
<https://www.accenture.com/in-en/careers/jobsearch?fl=Hyderabad>

- 🎓 Campaign Management Associate
- 🎓 Order to Cash Operations Associate
- 🎓 Procurement Practice New Associate

## Accenture — Pune
<https://www.accenture.com/in-en/careers/jobsearch?fl=Pune>

- 🎓 Campaign Management Associate
- 🎓 Order to Cash Operations Associate
- 🎓 Procurement Practice New Associate

## Accenture — Gurugram
<https://www.accenture.com/in-en/careers/jobsearch?fl=Gurugram>

- 🎓 Campaign Management Associate
- 🎓 Order to Cash Operations Associate
- 🎓 Procurement Practice New Associate

## Capgemini — India
<https://www.capgemini.com/in-en/careers/join-capgemini/job-search/>

- 💻 Lead Software Engineer Navi Mumbai Software Engineering Permanent Experienced Professionals
- 🤖 Python Developer Mumbai (ex Bombay), Bangalore, Pune, Chennai (ex Madras), Hyderabad Data & AI Permanent Experienced Professionals

## Internshala (SDE) — India
<https://internshala.com/internships/software-development-internship/>

- 🎓 💻 Software Development Internships: 219+ Software Development Intern Jobs

## Internshala (AI) — India
<https://internshala.com/internships/artificial-intelligence-internship/>

- 🎓 🤖 Artificial intelligence Internships: Find 157 Artificial intelligence Intern Jobs

## YCombinator Jobs — Bengaluru
<https://www.ycombinator.com/jobs/location/bengaluru>

- 🤖 Vahan (S19) • AI recruiter for India's massive blue-collar workforce ( 1 day ago)

## Qualcomm — India
<https://careers.qualcomm.com/careers>

- 💻 2. Senior Software Engineer
- 💻 3. Lead Software Engineer
- 💻 4. Software Engineer
- 🤖 Automotive AI Software Support Engineer Tokyo, Tokyo, Japan Software Applications Engineering Posted 20 hours ago
- 💻 IT Software Developer
- 🎓 Interim Engineering Intern - SW
- 🎓 Interim Intern
- 🎓 Intern

## AMD India — Bengaluru
<https://careers.amd.com/careers-home>

- 🤖 Forward Deployed AI Engineer
- 🤖 Forward Deployed AI Research Scientist

## Tabby — Dubai
<https://tabby.ai/careers>

- 🎓 Information Security Intern

## Internshala Gandhinagar — Gandhinagar
<https://internshala.com/internships/internship-in-gandhinagar/>

- 🎓 Fresher Jobs in Gandhinagar for Freshers
- 🎓 Latest Intern Jobs in Gandhinagar
- 🎓 Q. Do I need to pay to apply for an internship in Gandhinagar on Internshala?
- 🎓 Q. How can I apply for an internship in Gandhinagar on Internshala?
- 🎓 There are 100+ internship categories available in Gandhinagar. Here are the top 5 categories for internships in Gandhinagar-
- 💻 Web Developer Internships in Gandhinagar
- 🎓 You can apply for an internship in Gandhinagar or internship jobs in Gandhinagar on Internshala using the following steps-

## Grab — Singapore
<https://grab.careers/>

- 🎓 Intern, Marketing, One Grab
- 🎓 Omni Jabo Acquisition Senior Associate
- 💻 Senior Software Engineer, Mobile

## Pine Labs — Noida
<https://www.pinelabs.com/careers>

- 🎓 Management Trainee Program
- 🎓 Our flagship summer internship program for students from premier B-schools.
- 🎓 Sales Trainee Program

## Tekion — Bengaluru
<https://tekion.com/careers>

- 💻 Architect, Software Engineering - Frontend - Integration

## NICE — Pune
<https://www.nice.com/careers>

- 🤖 pageVisits-_glossary%2Fautomating-qa-with-ai
- 🤖 pageVisits-_info%2Ftop-trends-in-automating-qa-with-ai-what-you-need-to-know
- 🤖 pageVisits-_resources%2F5-executive-priorities-to-scale-agentic-ai-for-enterprise-value
- 🤖 pageVisits-_resources%2Fanalyst-backed-strategies-10-cx-ai-insights-for-executive-decision-makers
- 🤖 pageVisits-_resources%2Ftop-10-ai-first-cx-trends-to-lead-in-2026

## Internshala (Data Science) — India
<https://internshala.com/internships/data-science-internship/>

- 🎓 🤖 Data Science Internships: Find 320 Data Science Intern Jobs

## Internshala (Web Dev) — India
<https://internshala.com/internships/web-development-internship/>

- 🎓 1. Work on our clients projects along with senior developers 2. Complete daily tasks 3. Get certificate for internship
- 🎓 Web Development Internships: 319+ Web Development Intern Jobs

## Internshala (Full Stack) — India
<https://internshala.com/internships/full-stack-development-internship/>

- 🎓 1. Work on our clients projects along with senior developers 2. Complete daily tasks 3. Get certificate for internship
- 🎓 💻 Full Stack Development Internships: 102+ Full Stack Development Intern Jobs

## Internshala (Frontend) — India
<https://internshala.com/internships/front-end-development-internship/>

- 🎓 1. Work on our clients projects along with senior developers 2. Complete daily tasks 3. Get certificate for internship
- 🎓 💻 Associate Frontend Developer (Framer Only)
- 🎓 💻 Front End Development Internship in Bengaluru
- 🎓 💻 Front End Development Internship in Coimbatore
- 🎓 💻 Front End Development Internship in Delhi
- 🎓 💻 Front End Development Internship in Gurgaon
- 🎓 💻 Front End Development Internship in Hyderabad
- 🎓 💻 Front End Development Internship in Kolkata
- 🎓 💻 Front End Development Internships: Find 108 Front End Development Intern Jobs
- 🤖 💻 Frontend Developer & Artificial Intelligence
- 🎓 💻 Latest Front End Development Intern Jobs
- 💻 MERN Stack Web Developer
- 🎓 💻 Q. How can I apply for a front end development internship on Internshala?
- 🎓 💻 You can apply for a front end development internship or front end development intern job using the following steps-
- 🎓 post internship

## Internshala (App Dev) — India
<https://internshala.com/internships/mobile-app-development-internship/>

- 🎓 Mobile App Development Internships: Find 64 Mobile App Development Intern Jobs

## YC Work at a Startup — Remote
<https://www.workatastartup.com/jobs>

- 💻 Staff Software Engineer, SMS Team (Fullstack)

## AICTE Internship Portal — India
<https://internship.aicte-india.org/>

- 🎓 1 Crore Internship By 2027 | 79,57,193+ Internships | 82232 Companies

## Airwallex — Singapore
<https://www.airwallex.com/careers>

- 🎓 Associate, Account Risk Operations Operations Management Operations Management • San Francisco Americas , San Francisco San Francisco
- 🤖 Senior Data Scientist, Anaytics (Risk & Compliance) Product Product • Singapore APAC , Singapore Singapore
- 💻 Staff Software Engineer, Lending Platform Engineering Engineering • Singapore APAC , Singapore Singapore
- 💻 Staff Software Engineer, New Products Engineering London

# 🔔 New career-page entries — 2026-07-08T02:41:05

## Accenture — Bengaluru
<https://www.accenture.com/in-en/careers/jobsearch?fl=Bengaluru>

- 🤖 Enterprise AI Value Strategy Manager
- 💻 Full Stack Engineering Senior Manager
- 🤖 IMU - AI & Data Manager
- 🎓 Strategy Innovation Associate Director
- 🎓 Workplace Service Delivery Associate Manager
- 🎓 Workplace Service Delivery Associate Manager-Events

## Accenture — Hyderabad
<https://www.accenture.com/in-en/careers/jobsearch?fl=Hyderabad>

- 🤖 Enterprise AI Value Strategy Manager
- 💻 Full Stack Engineering Senior Manager
- 🤖 IMU - AI & Data Manager
- 🎓 Strategy Innovation Associate Director
- 🎓 Workplace Service Delivery Associate Manager
- 🎓 Workplace Service Delivery Associate Manager-Events

## Accenture — Pune
<https://www.accenture.com/in-en/careers/jobsearch?fl=Pune>

- 🤖 Enterprise AI Value Strategy Manager
- 💻 Full Stack Engineering Senior Manager
- 🤖 IMU - AI & Data Manager
- 🎓 Strategy Innovation Associate Director
- 🎓 Workplace Service Delivery Associate Manager
- 🎓 Workplace Service Delivery Associate Manager-Events

## Accenture — Gurugram
<https://www.accenture.com/in-en/careers/jobsearch?fl=Gurugram>

- 🤖 Enterprise AI Value Strategy Manager
- 💻 Full Stack Engineering Senior Manager
- 🤖 IMU - AI & Data Manager
- 🎓 Strategy Innovation Associate Director
- 🎓 Workplace Service Delivery Associate Manager
- 🎓 Workplace Service Delivery Associate Manager-Events

## Capgemini — India
<https://www.capgemini.com/in-en/careers/join-capgemini/job-search/>

- 🤖 Palantir Developer Hyderabad, Mumbai, Chennai (ex Madras), Bangalore, Pune Data & AI Permanent Experienced Professionals

## Tech Mahindra — India
<https://careers.techmahindra.com/>

- 💻 SDET- Test Lead

## Keka HR — Hyderabad
<https://www.keka.com/careers>

- Hiring & Onboarding
- Hiring & Onboarding Create a great candidate experience before and after joining
- Hiring Software
- We are hiring !

## Peoplebox — Bengaluru
<https://www.peoplebox.ai/careers>

- 🎓 Associate Product Manager (APM) 63 days ago BANGALORE Full Time
- Content Marketing Manager 338 days ago BANGALORE 4-6 Full Time
- SEO Lead 222 days ago BANGALORE 4-6 Full Time
- 💻 Senior Backend Engineer 334 days ago BANGALORE 5-9 Full Time
- Talent Acquisition Lead 112 days ago BANGALORE 5+ Full Time

## Internshala (ML) — India
<https://internshala.com/internships/machine-learning-internship/>

- 🎓 Content Writing (Research Associate In Computer Science)
- 🎓 🤖 Machine Learning Internships: Find 133 Machine Learning Intern Jobs

## Internshala (SDE) — India
<https://internshala.com/internships/software-development-internship/>

- 🎓 💻 Software Development Internships: 218+ Software Development Intern Jobs

## Internshala (AI) — India
<https://internshala.com/internships/artificial-intelligence-internship/>

- 🎓 🤖 Artificial intelligence Internships: Find 156 Artificial intelligence Intern Jobs

## YCombinator Jobs — Bengaluru
<https://www.ycombinator.com/jobs/location/bengaluru>

- 🤖 Vahan (S19) • AI recruiter for India's massive blue-collar workforce ( 15 days ago)

## Qualcomm — India
<https://careers.qualcomm.com/careers>

- 🎓 Intern - Purchasing Intern - (Sao Paolo) Sao Paulo, São Paulo, Brazil Interim Intern Posted a day ago

## Wadhwani AI — India
<https://www.wadhwaniai.org/careers/>

- 🎓 Partnerships Intern

## AMD India — Bengaluru
<https://careers.amd.com/careers-home>

- 🤖 Principal Enterprise AI/HPC GPU Systems Architect

## Synopsys — Bengaluru
<https://careers.synopsys.com/>

- 💻 Staff Software Engineer

## Cashfree — Bengaluru
<https://www.cashfree.com/careers/>

- 🎓 Associate Director - Banking & Alliance Product
- 💻 Software Development Engineer - 3

## Signzy — Bengaluru
<https://www.signzy.com/careers/>

- 🎓 Associate Director - Enterprise Sales 869 days ago Chennai 7 years - 10 years Full Time
- 🎓 Sales Associate 15 days ago Mumbai 1 - 2 years Full Time

## Gramener — Hyderabad
<https://gramener.com/careers/>

- 🤖 Data Scientist
- 🤖 Data Scientist Bangalore Validate the models developed against statistical robustness and business sense.
- 🎓 Internship is processed with technical assessment followed by discussion with the hiring manager.
- 🎓 Junior UI/UX Engineer Hyderabad/ Collaborate with marketing and sales teams to design and implement website updates and landing pages.
- 🤖 Lead Data Science Engineer at Gramener
- 🤖 Lead Data Scientist – SFE Analytics Hyderabad Worked extensively on SFE Analytics (Pharma preferred).
- 🤖 Python Developer – GenAI/NLP Integration Hyderabad/Bangalore Core Python Development: 4–8 years of hands-on experience.
- 💻 Senior Full-Stack Developer Bangalore AWS or Azure cloud, Server management with basic visualization.
- 🎓 What is your process for Campus Hiring?

## Wingify — Pune
<https://wingify.com/careers/>

- 🤖 GenAI Engineer
- 💻 Senior Software Engineer - Backend & Search
- 💻 Senior Software Engineer - Client Services
- 💻 Software Engineer - QA (Client Services team)
- 💻 Software Engineer – Backend (Commerce)
- 💻 Software Engineer – Full Stack

## Thunes — Singapore
<https://www.thunes.com/careers/>

- 🎓 Enterprise Singapore Graduate Scheme

## Internshala (Python) — India
<https://internshala.com/internships/python-internship/>

- 🎓 Content Writing (Research Associate In Computer Science)

## FreshersWorld — India
<https://www.freshersworld.com/jobs/jobsearch/internship-jobs>

- 🎓 0 (Fresher)
- 🎓 49 Fresher Internship Job vacancies 2026
- 🎓 49 Latest Internship Training 2026 (Internship & Jobs). Updated on 8 July 2026)
- 🤖 AI Developer
- 🤖 AI Developer Jobs
- 🤖 AI ML Engineer
- 🤖 AI ML Engineer Jobs
- 🎓 ARE YOU A FRESHER?
- 🎓 ASSOCIATE
- 🎓 ASSOCIATE CSR
- 🎓 ASSOCIATE CSR Jobs
- 🎓 ASSOCIATE Jobs
- 🎓 Accountant Trainee Jobs Opening in Pearl Lemon at Central Delhi, Delhi Cantt., Delhi-Others, Bangalore, Mumbai, Delhi
- 🎓 Accounting Associate
- 🎓 Accounting Associate Jobs
- 🎓 Accounts Trainee
- 🎓 Accounts Trainee Jobs
- 🎓 Actuarial Associate
- 🎓 Actuarial Associate Jobs
- 💻 Analyst Programmer
- 💻 Analyst Programmer Jobs
- 🎓 Analytical Associate
- 🎓 Analytical Associate Jobs
- 🎓 Apply to Accountant Trainee Jobs in Pearl Lemon, Bangalo...
- 🎓 Apply to B2B Sales Intern Jobs in Uniserv.Tech, Mumbai f...
- 🎓 Apply to B2B Sales Intern Jobs in Value Score Business S...
- 🎓 Apply to Marketing Intern Jobs in P3 Infotech Solutions ...
- 🎓 Apply to Music-Tech Studio Fellow / Intern Jobs in Nath...
- 🎓 Apply to Operations Intern Jobs in Exson proptech privat...
- 🎓 Apply to QA Intern Jobs in Instawork, Bangalore from 0 t...
- 🤖 Apply to Software AI Testing Jobs in PRAM EDUCATE IT SO...
- 🎓 Apply to Software Tester Trainee Jobs in Spraxa Solution...
- 🎓 Apply to the Latest Internship Now on Freshersworld!
- 🎓 Apprentice trainee
- 🎓 Apprentice trainee Jobs
- 🎓 Apprentice trainee engineering
- 🎓 Apprentice trainee engineering Jobs
- 🎓 Associate - Logistics
- 🎓 Associate - Logistics Jobs
- 🎓 Associate - Supply Chain
- 🎓 Associate - Supply Chain Jobs
- 🎓 Associate -HR
- 🎓 Associate -HR Jobs
- 🎓 Associate Accounts Payble
- 🎓 Associate Accounts Payble Jobs
- 🎓 Associate Banking Operations
- 🎓 Associate Banking Operations Jobs
- 🎓 Associate Business Analyst
- 🎓 Associate Business Analyst Jobs
- 🎓 Associate Consultant
- 🎓 Associate Consultant Jobs
- 🎓 Associate Customer
- 🎓 Associate Customer Jobs
- 🎓 Associate Customer Support
- 🎓 Associate Customer Support Jobs
- 🎓 Associate Data Analyst
- 🎓 Associate Data Analyst Jobs
- 🎓 Associate Finance
- 🎓 Associate Finance Jobs
- 🎓 Associate HR
- 🎓 Associate HR Jobs
- 🎓 Associate Hire to Retire
- 🎓 Associate Hire to Retire Jobs
- 🎓 Associate In Process Quality
- 🎓 Associate In Process Quality Jobs
- 🎓 Associate MIS
- 🎓 Associate MIS Jobs
- 🎓 Associate Maintenance
- 🎓 Associate Maintenance Jobs
- 🎓 Associate Network Business Analytics
- 🎓 Associate Network Business Analytics Jobs
- 🎓 Associate Product Manager
- 🎓 Associate Quality Testing
- 🎓 Associate Quality Testing Jobs
- 🎓 Associate Recruiter
- 🎓 Associate Recruiter Jobs
- 🎓 💻 Associate Software Development
- 🎓 💻 Associate Software Development Jobs
- 🎓 Associate UI/UX Designer
- 🎓 Associate UI/UX Designer Jobs
- 🎓 Associate-HR
- 🎓 Associate-HR Jobs
- 🎓 Associate-Procurement
- 🎓 Associate-Procurement Jobs
- 🎓 B2B Sales Intern Jobs Opening in Uniserv.Tech at Goregaon West, Mumbai
- 🎓 B2B Sales Intern Jobs Opening in Value Score Business Solutions LLP at Andheri East, Mumbai
- 💻 Back End Developer
- 🎓 Back office Associate
- 🎓 Back office Associate Jobs
- 🎓 💻 Backend Associate
- 🎓 💻 Backend Associate Jobs
- 🎓 Browse All Internship Vacancies on Freshersworld
- 🎓 Browse these internship roles and find your ideal internship job on Freshersworld.
- 🎓 Campus Hiring Officer
- 🎓 Campus Hiring Officer Jobs
- 🎓 Campus Recruiter
- 🎓 Campus Recruiter Jobs
- 🎓 Can freshers without any prior experience get an internship in India?
- 🤖 Consultant – AI & Data Scientist
- 🤖 Consultant – AI & Data Scientist Jobs
- 💻 Content Management Web Developer
- 💻 Content Management Web Developer Jobs
- 🎓 Credit Card Associate
- 🎓 Credit Card Associate Jobs
- 🎓 Customer Support Associate
- 🎓 Customer Support Associate Jobs
- 🎓 Data Analyst Internship
- 🎓 Data Analyst Internship Jobs
- 🎓 🤖 Data Science Internship
- 🎓 🤖 Data Science Internship Jobs
- 🤖 Data Scientist
- 🤖 Data Scientist Jobs
- 🎓 Digital Associate
- 🎓 Digital Associate Jobs
- 🎓 Digital Content Management New Associate
- 🎓 Digital Content Management New Associate Jobs
- 🎓 Digital Marketing Internship
- 🎓 Digital Marketing Internship Jobs
- 🎓 Enterprise Sales Associate
- 🎓 Enterprise Sales Associate Jobs
- 🎓 Explore some of the most in-demand internship roles and internship programs available this year:
- 🎓 Field Sales Associate
- 🎓 Field Sales Associate Jobs
- 🎓 Finance Internship
- 🎓 Finance Internship Jobs
- 🎓 Floor Associate
- 🎓 Floor Associate Jobs
- 🎓 For Quality Associate
- 🎓 For Quality Associate Jobs
- 🎓 Freshersworld updates its internship listings daily with verified roles from:
- 💻 Full Stack Developer
- 💻 Fullstack Developer
- 💻 Fullstack Developer Jobs
- 🎓 GCPR Sales Associate
- 🎓 GCPR Sales Associate Jobs
- 🎓 Get notified instantly when new internship roles matching your profile are posted.
- 🎓 HR And Admin Trainee
- 🎓 HR And Admin Trainee Jobs
- 🎓 HR Associate
- 🎓 HR Associate Jobs
- 🎓 HR Service Delivery New Associate
- 🎓 HR Service Delivery New Associate Jobs
- 🎓 How important are online certifications for securing an internship?
- 🎓 Inclusive Insurance Associate
- 🎓 Inclusive Insurance Associate Jobs
- 🎓 Internship
- 🎓 Internship Jobs
- 🎓 Internship Jobs In Ahmedabad
- 🎓 Internship Jobs In Bangalore
- 🎓 Internship Jobs In Chennai
- 🎓 Internship Jobs In Delhi
- 🎓 Internship Jobs In Gurgaon
- 🎓 Internship Jobs In Hyderabad
- 🎓 Internship Jobs In Kolkata
- 🎓 Internship Jobs In Mumbai
- 🎓 Internship Jobs In Noida
- 🎓 Internship Jobs In Pune
- 🎓 Internship Jobs in your city
- 🎓 Internship Opportunities by City
- 🎓 Internship Vacancies – Your Gateway to the Latest Internships in India for Freshers
- 🎓 Inventory Squad Associate
- 🎓 Inventory Squad Associate Jobs
- 💻 Java Fullstack Developer
- 💻 Java Fullstack Developer Jobs
- 🎓 Jr Associate
- 🎓 Jr Associate Jobs
- 🎓 💻 Junior Software Developer
- 🎓 💻 Junior Software Developer Jobs
- 🎓 Keep it short, professional, and specific to each internship application.
- 🎓 Latest 49 Internship Jobs Openings 2026
- 🎓 Latest Internship Jobs
- 🎓 Latest Internship Openings on Freshersworld
- 🎓 Legal Associate Legal Completions
- 🎓 Legal Associate Legal Completions Jobs
- 🎓 Loader Operation Associate
- 🎓 Loader Operation Associate Jobs
- 🎓 MANGEMENT ASSOCIATE
- 🎓 MANGEMENT ASSOCIATE Jobs
- 🤖 ML Engineer
- 🤖 ML Engineer Jobs
- 🤖 Machine Learning Engineer
- 🤖 Machine Learning Engineer Jobs
- 🤖 Machine Learning Scientist
- 🤖 Machine Learning Scientist Jobs
- 🎓 Machining Associate
- 🎓 Machining Associate Jobs
- 🎓 Management Trainee
- 🎓 Management Trainee Jobs
- 🎓 Many companies offer Pre-Placement Offers (PPOs) to top-performing interns, converting your internship into a permanent role.
- 🎓 Market Research Associate
- 🎓 Market Research Associate Jobs
- 🎓 Market Research Trainee
- 🎓 Market Research Trainee Jobs
- 🎓 Marketing Intern Jobs Opening in P3 Infotech Solutions Pvt Ltd at Gurgaon-Others, Gurgaon
- 🎓 Mechanical Trainee
- 🎓 Mechanical Trainee Jobs
- 🎓 Middle Office Risk Support Associate
- 🎓 Middle Office Risk Support Associate Jobs
- 🎓 Music-Tech Studio Fellow / Intern Jobs Opening in Nathaniel School of Music at Bangalore
- 🎓 Naps /WILP Trainee ( Production
- 🎓 Naps /WILP Trainee ( Production Jobs
- 🎓 Operations Intern Jobs Opening in Exson proptech private limited at Bhopal-Others, Bhopal
- 🎓 Other Graduate
- 🎓 Other Post Graduate
- 🎓 PTP Associate
- 🎓 PTP Associate Jobs
- 🎓 Paid Internship
- 🎓 Paid Internship Jobs
- 💻 Principal Software Engineer IT
- 💻 Principal Software Engineer IT Jobs
- 🎓 Process Associate Trainee
- 🎓 Process Associate Trainee Jobs
- 🎓 Procure to Pay Associate
- 🎓 Procure to Pay Associate Jobs
- 🎓 Procure to Pay New Associate
- 🎓 Procure to Pay New Associate Jobs
- 🎓 Procurement Associate
- 🎓 Procurement Associate Jobs
- 🎓 Production Trainee
- 🎓 Production Trainee Jobs
- 🎓 Program Management Associate
- 🎓 Program Management Associate Jobs
- 🎓 Project Management Associate
- 🎓 Project Management Associate Jobs
- 🎓 QA Intern Jobs Opening in Instawork at Koramangala, Bangalore
- 🎓 Quality Assurance Trainee
- 🎓 Quality Assurance Trainee Jobs
- 🎓 Regulatory Affairs associate
- 🎓 Regulatory Affairs associate Jobs
- 🎓 Regulatory Associate
- 🎓 Regulatory Associate Jobs
- 🎓 Regulatory Operation Associate
- 🎓 Regulatory Operation Associate Jobs
- 🎓 Regulatory Operations Associate
- 🎓 Regulatory Operations Associate Jobs
- 💻 Remote Front End Developer
- 💻 Remote Front End Developer Jobs
- 💻 Remote Software Developer
- 💻 Remote Software Developer Jobs
- 💻 Remote Software Engineer
- 💻 Remote Software Engineer Jobs
- 💻 Remote Web Developer
- 💻 Remote Web Developer Jobs
- 🎓 SAP FICO Associate Consultant
- 🎓 SAP FICO Associate Consultant Jobs
- 🎓 Sales Associate
- 🎓 Sales Associate FMCG
- 🎓 Sales Associate FMCG Jobs
- 🎓 Sales Associate Jobs
- 🎓 Sales Trainee
- 🎓 Sales Trainee Jobs
- 🎓 Salesforce Trainee
- 🎓 Salesforce Trainee Jobs
- 🎓 Senior Associate
- 🎓 Senior Associate - HR
- 🎓 Senior Associate - HR Jobs
- 🎓 Senior Associate Jobs
- 🎓 Senior Associate Order to Cash
- 🎓 Senior Associate Order to Cash Jobs
- 💻 Senior Front End Developer
- 💻 Senior Front End Developer Jobs
- 💻 Senior Full Stack Developer
- 💻 Senior Full Stack Developer Jobs
- 🎓 Senior Sales Associate
- 🎓 Senior Sales Associate Jobs
- 💻 Senior Software Developer
- 💻 Senior Software Developer Jobs
- 💻 Senior Software Engineer
- 💻 Senior Software Engineer Jobs
- 🎓 Senior sale associate
- 🎓 Senior sale associate Jobs
- 🤖 Software AI Testing Jobs Opening in PRAM EDUCATE IT SOFTWARE LLP at Wakad, Pune-Others, Pune
- 💻 Software Developer
- 💻 Software Developer Jobs
- 💻 Software Engineer
- 🎓 💻 Software Engineer - Trainee
- 🎓 💻 Software Engineer - Trainee Jobs
- 💻 Software Engineer II
- 💻 Software Engineer II Jobs
- 💻 Software Engineer Jobs
- 🎓 Software Tester Trainee Jobs Opening in Spraxa Solutions Pvt Ltd. at Noida City Centre, Sector 15, Noida, Sector 18, Noida, Noida
- 💻 Sr Software Engineer
- 💻 Sr Software Engineer Jobs
- 🎓 Summer Internship
- 🎓 Summer Internship Jobs
- 🎓 Supply chain trainee
- 🎓 Supply chain trainee Jobs
- 🎓 Technical Associate
- 🎓 Technical Associate Jobs
- 🎓 Technical Support Associate
- 🎓 Technical Support Associate Jobs
- 🎓 Tele Calling Associate Sales A
- 🎓 Tele Calling Associate Sales A Jobs
- 🎓 Tips to Get Selected for an Internship
- 🎓 To stand out in the competitive landscape of internship applications:
- 🎓 Top Internship Roles Hiring in India (2026)
- 🎓 Trainee Apprentice
- 🎓 Trainee Apprentice Jobs
- 🎓 Trainee EGC
- 🎓 Trainee EGC Jobs
- 🎓 Trainee Engineer
- 🎓 Trainee Engineer Jobs
- 🎓 Trainee Operator
- 🎓 Trainee Operator Jobs
- 🎓 Trainee Store Risk Management
- 🎓 Trainee Store Risk Management Jobs
- 🎓 Transaction Processing New Associate
- 🎓 Transaction Processing New Associate Jobs
- 🎓 Transaction processing associate
- 🎓 Transaction processing associate Jobs
- 💻 Web Developer
- 💻 Web Developer Jobs
- 🎓 What is the best way to find verified internship opportunities in India?
- 🎓 Work From Home Internship
- 🎓 Work From Home Internship Jobs
- 🎓 franchise associate
- 🎓 franchise associate Jobs
- 🎓 internship vacancies
- 🎓 production trainee
- 🎓 production trainee Jobs
- 🎓 transaction new associate
- 🎓 transaction new associate Jobs

## YC Work at a Startup — Remote
<https://www.workatastartup.com/jobs>

- 💻 Fullstack Engineer
- 💻 Senior Software Engineer, Email Team

## Airwallex — Singapore
<https://www.airwallex.com/careers>

- 🤖 Engineering Manager, AI Tooling Engineering Engineering • Sydney APAC , Sydney Sydney
- 🤖 Senior Data Scientist, Analytics (Regulatory Reporting) Product Product • Singapore APAC , Singapore Singapore
- 💻 Senior Software Engineer, Scale Engineering London

## Entropik — Bengaluru
<https://www.entropik.io/careers>

- 🤖 AI Engineer 15 days ago Chennai 2-3 years Full Time
- 🤖 Senior AI Engineer 19 days ago Chennai 4-6 years Full Time
- 💻 Senior Backend Engineer 2 days ago Chennai , Chennai 3-6 years Full Time
- 💻 Senior Software Engineer - Backend + DevOps 5 days ago Chennai 3-6 years Full Time

## Nevina Infotech — Ahmedabad
<https://nevinainfotech.com/career>

- 💻 Hire Web Developer

## NectarBits — Ahmedabad
<https://nectarbits.com/career>

- 💻 Cost to Hire Full Stack Developer

## Bitcot — Ahmedabad
<https://www.bitcot.com/careers/>

- 💻 Hire Full Stack Developer
- 🎓 Junior NodeJS Developer
- 🎓 Junior PHP Developer
- 🎓 Junior ReactJS Developer
- 🎓 Junior WordPress Developer
- 💻 Senior Web Developer

## Nettechnocrats — Ahmedabad
<https://www.nettechnocrats.com/careers/>

- 💻 We develop innovative digital solutions that enhance Software Development, Cloud & DevOps etc.

# 🔔 New career-page entries — 2026-07-08T08:28:18

## Capgemini — India
<https://www.capgemini.com/in-en/careers/join-capgemini/job-search/>

- 🎓 Associate Business Advisor Noida Business Analysis Permanent Experienced Professionals
- 💻 Lead Software Engineer Navi Mumbai Software Engineering Permanent Experienced Professionals

## IBM — India
<https://www.ibm.com/in-en/careers/search>

- 🎓 🤖 Cloud Duales Studium 2027 Bachelor@IBM: Wirtschaftsinformatik - Data Science (f,m,x) Internship Ehningen, DE
- 🎓 Cloud Master@IBM IBM Cloud Technical Sales Specialist (f/m/x) Internship KOELN, DE
- 🤖 Consulting Technical Consultant-AI Integration Professional Bangalore, IN
- 🎓 Consulting Threat Intelligence Consultant-Threat Analysis Internship ABU DHABI, AE
- 🎓 Infrastructure & Technology Package Specialist 2026- Workday HCM & Compensation Entry Level Multiple Cities
- 🎓 Internship (103)
- 🎓 Sales Apprenti.e 'Metropole Program' Business développement – Ecosystème - IBM France - H/F Internship Bois Colombes Cedex, FR
- 🎓 Sales Brand Technical Specialist Entry Level Esch-sur-Alzette, LU
- 🎓 Sales Entry Level Technical Sales Specialist Entry Level Bucharest, RO
- 💻 Software Engineering Application Developer-Cloud FullStack Professional Bangalore, IN
- 💻 Software Engineering Application Developer-Cloud FullStack Professional Hyderabad, IN
- 🎓 Software Engineering IBM Consulting Interns Internship QUEZON CITY, PH

## Cognizant — India
<https://careers.cognizant.com/global-en/jobs/>

- 🤖 GenAI Test Automation Lead

## Tech Mahindra — India
<https://careers.techmahindra.com/>

- 💻 Sr. Software Engineer

## Cognizant — India
<https://careers.cognizant.com/india-en/jobs/>

- 🤖 GenAI Test Automation Lead

## Swiggy — Bengaluru
<https://careers.swiggy.com/>

- Executive - Training & Quality

## Internshala (ML) — India
<https://internshala.com/internships/machine-learning-internship/>

- 🤖 AI Research Engineer
- 🎓 🤖 Machine Learning Internships: Find 135 Machine Learning Intern Jobs

## Internshala (AI) — India
<https://internshala.com/internships/artificial-intelligence-internship/>

- 🤖 AI Engineer
- 🎓 🤖 Artificial intelligence Internships: Find 155 Artificial intelligence Intern Jobs

## Amazon India — India
<https://www.amazon.jobs/en/search?base_query=intern&loc_query=India>

- 🎓 💻 Software Development Intern, Intech

## Qualcomm — India
<https://careers.qualcomm.com/careers>

- 💻 1. Software Engineer
- 💻 4. Senior Software Engineer
- 💻 5. Lead Software Engineer

## Atlassian — Bengaluru
<https://www.atlassian.com/company/careers/all-jobs>

- 🤖 AI GTM Engineer, AI & Digital Natives
- 🎓 Account Associate, LATAM (Portuguese Speaking)
- 🎓 Associate Customer Success Manager
- 🎓 Associate Solution Engineer, Mid Market (West)
- 🤖 Principal Machine Learning Engineer
- 🤖 Principal Machine Learning Systems Engineer
- 🤖 Senior Account Executive , AI & Digital Natives (Bay Area)
- 🤖 Senior Account Executive , AI and Digital Native (NYC)
- 🤖 Senior Design Manager, AI
- 🤖 Senior Design Manager, Jira AI
- 🤖 Senior Manager, AI & Digital Natives
- 🤖 Senior Solution Consultant, Teamwork Foundations + AI
- 🤖 Senior Systems Engineer — AI Code Metrics Daemon
- 💻 Software Engineer

## Micron India — Hyderabad
<https://careers.micron.com/careers>

- 🎓 Intern

## Grab — Singapore
<https://grab.careers/>

- 🎓 Marketing Associate - Mex Marketing

## MyCareersFuture (SDE) — Singapore
<https://www.mycareersfuture.gov.sg/search?search=software+engineer&sortBy=new_posting_date>

- 🎓 If you are a fresh graduate looking for a traineeship opportunity
- 🎓 Junior Executive

## Pine Labs — Noida
<https://www.pinelabs.com/careers>

- 🎓 Management Trainee Program
- 🎓 Our flagship summer internship program for students from premier B-schools.
- 🎓 Sales Trainee Program

## Synechron — Pune
<https://www.synechron.com/careers>

- 🤖 GenAI Engineer | LLMs & AWS Pune - Hinjewadi (Ascendas), India JR1041344
- 💻 Java Full-Stack Developer | Spring Boot & Rea... Bengaluru - Bellandur (GTP), India JR1040667
- 💻 Python Full-Stack Developer | React & Cloud Bengaluru - Bellandur (GTP), India JR1040651

## Internshala (Data Science) — India
<https://internshala.com/internships/data-science-internship/>

- 🤖 AI Engineer
- 🤖 AI Research Engineer
- 🎓 🤖 Data Science Internships: Find 323 Data Science Intern Jobs

## Internshala (Web Dev) — India
<https://internshala.com/internships/web-development-internship/>

- 🎓 Web Development Internships: 318+ Web Development Intern Jobs

## Internshala (Python) — India
<https://internshala.com/internships/python-internship/>

- 🤖 AI Engineer
- 🎓 Python Internships: Find 248 Python Intern Jobs

## Internshala (Full Stack) — India
<https://internshala.com/internships/full-stack-development-internship/>

- 🎓 💻 Full Stack Development Internships: 101+ Full Stack Development Intern Jobs

## Internshala (Frontend) — India
<https://internshala.com/internships/front-end-development-internship/>

- 🎓 💻 Frontend development Internship in Bengaluru
- 🎓 💻 Frontend development Internship in Coimbatore
- 🎓 💻 Frontend development Internship in Delhi
- 🎓 💻 Frontend development Internship in Gurgaon
- 🎓 💻 Frontend development Internship in Hyderabad
- 🎓 💻 Frontend development Internship in Kolkata
- 🎓 💻 Frontend development Internships: Find 9 Frontend development Intern Jobs
- 🎓 💻 Latest Frontend development Intern Jobs
- 🎓 💻 Q. How can I apply for a frontend development internship on Internshala?
- 🤖 💻 Software Developer – Dashboard, AI/LLM & Automation
- 🎓 💻 You can apply for a frontend development internship or frontend development intern job using the following steps-

## Internshala (Backend) — India
<https://internshala.com/internships/back-end-development-internship/>

- 🎓 💻 Backend Development Internships: Find 116 Backend Development Intern Jobs

## Internshala (Bangalore) — Bengaluru
<https://internshala.com/internships/internship-in-bangalore/>

- 🎓 Brand Acquisition (Sales Internship) - In App Marketing

## YC Work at a Startup — Remote
<https://www.workatastartup.com/jobs>

- 🎓 Engineering Intern
- 🎓 Intern
- 🎓 Software Engineering Intern
- 💻 Staff Software Engineer, SMS Team (Fullstack)

## HealthKart — Gurugram
<https://www.healthkart.com/careers>

- 💻 Senior Java Software Engineer

## Innominds — Hyderabad
<https://www.innominds.com/careers>

- 🎓 Associate Manager – Quality Engineering
- 🎓 Most Promising Associate of the Year
- 💻 Technical Lead, Software Engineer, UI
- 🎓 Trainee – Connected Devices

## Airwallex — Singapore
<https://www.airwallex.com/careers>

- 🤖 Senior Data Scientist, Anaytics (Risk & Compliance) Product Singapore
- 💻 Senior Frontend Engineer, Regulatory Reporting Engineering Engineering • Singapore APAC , Singapore Singapore
- 💻 Staff Software Engineer, Search Platform Engineering Singapore
- 🤖 Staff/Senior Data Scientist, Analytics (Payments) Product APAC, Singapore

## Glints — Singapore
<https://glints.com/careers>

- 🎓 Agent Video Banking Bank Milik Negara - Tangerang (BSD) Rp5.5M - Rp6M Contract Minimum Associate Degree Call Center Help Desk + 5
- 🎓 Lead Generation Intern

## Softweb Solutions — Ahmedabad
<https://www.softwebsolutions.com/careers.html>

- 🎓 Intern
- 💻 Software Developer

## Radixweb — Ahmedabad
<https://radixweb.com/current-openings>

- 🎓 Associate Content Marketer More Details
- 🤖 Senior AI Engineer More Details
- 🤖 Senior AI/ML Engineer (Data Science & MLOps) More Details
- 🤖 Senior AI/ML Engineer (LLM & Agentic Systems) More Details
- 💻 Senior Software Engineer - Python/React More Details
- 🎓 💻 Trainee Software Engineer More Details

# 🔔 New career-page entries — 2026-07-08T14:07:02

## Capgemini — India
<https://www.capgemini.com/in-en/careers/join-capgemini/job-search/>

- 🤖 GCP Data Engineer Pune Data & AI Permanent Experienced Professionals

## IBM — India
<https://www.ibm.com/in-en/careers/career-opportunities>

- 🎓 Associate Business Transformation Consultant-Enterprise Strategy
- 🎓 Entry level Technical Sales Specialist Data - IBM Denmark (incl. Assignment in Valencia)

## IBM — India
<https://www.ibm.com/in-en/careers/search>

- 🎓 Consulting Business Transformation Consultant-Banking Internship Islamabad, PK
- 🎓 Internship (105)
- 🎓 Project Management Estágio na área de Internal Controls Internship HORTOLANDIA, BR
- 🎓 Sales Entry level Technical Sales Specialist Data - IBM Denmark (incl. Assignment in Valencia) Entry Level COPENHAGEN, DK

## Swiggy — Bengaluru
<https://careers.swiggy.com/>

- Engineering Manager
- Lead - Supply Planning

## Internshala (ML) — India
<https://internshala.com/internships/machine-learning-internship/>

- 🎓 🤖 Machine Learning Internships: Find 137 Machine Learning Intern Jobs

## Internshala (SDE) — India
<https://internshala.com/internships/software-development-internship/>

- 🎓 💻 Software Development Internships: 220+ Software Development Intern Jobs

## Internshala (AI) — India
<https://internshala.com/internships/artificial-intelligence-internship/>

- 🎓 🤖 Artificial intelligence Internships: Find 160 Artificial intelligence Intern Jobs

## YCombinator Jobs — Bengaluru
<https://www.ycombinator.com/jobs/location/bengaluru>

- 🤖 AI Platform Engineering Specialist
- 🤖 Vahan (S19) • AI recruiter for India's massive blue-collar workforce ( 2 days ago)

## Qualcomm — India
<https://careers.qualcomm.com/careers>

- 💻 CPU Software Engineer Senior Bangalore, Karnataka, India Software Engineering Posted 14 hours ago
- 💻 Telematics Platform Senior Software Engineer Bangalore, Karnataka, India Software Engineering Posted 14 hours ago

## Kore.ai — Hyderabad
<https://kore.ai/careers/>

- 🤖 AI Solution Sales Specialist
- 🤖 Lead AI Customer Engineer — Fanatic Customer Support
- 💻 Software Engineer/Senior Software Engineer - Technical Support

## Tabby — Dubai
<https://tabby.ai/careers>

- 🎓 💻 Intern Backend (Go) Engineer
- 🎓 Intern QA Engineer

## Internshala Pune — Pune
<https://internshala.com/internships/internship-in-pune/>

- 🎓 E-Commerce Operations & Marketing Intern
- 🎓 Founders Office Intern - Growth & GTM
- 🎓 HR Trainee

## Synechron — Pune
<https://www.synechron.com/careers>

- 🤖 GenAI Engineer | LLMs, NLP & AWS Bengaluru - Bellandur (GTP), India JR1041204
- 🤖 GenAI Engineer | LLMs, NLP & AWS Bengaluru - Thanissandra (BCIT), India JR1040815
- 💻 Java Full-Stack Developer | Spring Boot & Rea... Bengaluru - Bellandur (GTP), India JR1040670
- 💻 Java Full-Stack Developer | Spring/Hibernate/... Bengaluru - Bellandur (GTP), India JR1040676

## Internshala (Data Science) — India
<https://internshala.com/internships/data-science-internship/>

- 🎓 🤖 Data Science Internships: Find 331 Data Science Intern Jobs
- 🎓 Trainee - Consumer Insights

## Internshala (Web Dev) — India
<https://internshala.com/internships/web-development-internship/>

- 💻 Full Stack Web Developer (React.js + Node.js)
- 🎓 Web Development Internships: 324+ Web Development Intern Jobs

## Internshala (Python) — India
<https://internshala.com/internships/python-internship/>

- 🎓 Python Internships: Find 251 Python Intern Jobs

## Internshala (Full Stack) — India
<https://internshala.com/internships/full-stack-development-internship/>

- 🎓 💻 Full Stack Development Internships: 103+ Full Stack Development Intern Jobs
- 💻 Full Stack Web Developer (React.js + Node.js)

## Internshala (Frontend) — India
<https://internshala.com/internships/front-end-development-internship/>

- 🎓 💻 Frontend development Internships: Find 10 Frontend development Intern Jobs
- 💻 Full Stack Web Developer (React.js + Node.js)

## Internshala (Backend) — India
<https://internshala.com/internships/back-end-development-internship/>

- 🎓 💻 Backend Development Internships: Find 118 Backend Development Intern Jobs
- 💻 Full Stack Web Developer (React.js + Node.js)

## Internshala (App Dev) — India
<https://internshala.com/internships/mobile-app-development-internship/>

- 🎓 Mobile App Development Internships: Find 67 Mobile App Development Intern Jobs

## Internshala (Bangalore) — Bengaluru
<https://internshala.com/internships/internship-in-bangalore/>

- 🎓 Growth And Marketing Intern
- 🎓 MBA HR (Campus Hiring)
- 🎓 Marketing (Trainee)

## Internshala (Ahmedabad) — Ahmedabad
<https://internshala.com/internships/internship-in-ahmedabad/>

- 🎓 Social Media & Marketing Executive - Fresher

## YC Work at a Startup — Remote
<https://www.workatastartup.com/jobs>

- 💻 Founding Backend Engineer
- 🤖 ML Engineer
- 💻 Senior Software Engineer, Journeys Team (Fullstack)

## AICTE Internship Portal — India
<https://internship.aicte-india.org/>

- 🎓 1 Crore Internship By 2027 | 79,57,193+ Internships | 82235 Companies

## Rupeek — Bengaluru
<https://rupeek.com/careers>

- 💻 Software Development Engineer III Location: Bengaluru, Karnataka, India 3 weeks ago

## Airwallex — Singapore
<https://www.airwallex.com/careers>

- 🤖 Staff Product Manager, AI Growth Product Product • San Francisco Americas , San Francisco San Francisco

# 🔔 New career-page entries — 2026-07-08T19:25:38

## Capgemini — India
<https://www.capgemini.com/in-en/careers/join-capgemini/job-search/>

- 🤖 GCP Data Engineer Noida, Pune, Salem, Tiruchirapalli, Tiruchirappalli + 13 Data & AI Permanent Experienced Professionals
- 🤖 Palantir Developer Chennai (ex Madras), Mumbai, Hyderabad, Bangalore, Pune Data & AI Permanent Experienced Professionals

## IBM — India
<https://www.ibm.com/in-en/careers/career-opportunities>

- 💻 Senior Software Engineer - Confluent Cloud Traffic

## Tech Mahindra — India
<https://careers.techmahindra.com/>

- 💻 Backend Java Developer
- 💻 Java Full Stack Developer

## Internshala (ML) — India
<https://internshala.com/internships/machine-learning-internship/>

- 🎓 🤖 Machine Learning Internships: Find 135 Machine Learning Intern Jobs

## Internshala (SDE) — India
<https://internshala.com/internships/software-development-internship/>

- 🎓 💻 Software Development Internships: 213+ Software Development Intern Jobs

## Internshala (AI) — India
<https://internshala.com/internships/artificial-intelligence-internship/>

- 🎓 🤖 Artificial intelligence Internships: Find 159 Artificial intelligence Intern Jobs

## Qualcomm — India
<https://careers.qualcomm.com/careers>

- 🎓 2026 Intern(3 months)-Venture Intern Beijing, Beijing, China Interim Intern Posted 19 hours ago
- 💻 CPU Software Engineer Senior Bangalore, Karnataka, India Software Engineering Posted 19 hours ago
- 💻 Telematics Platform Senior Software Engineer Bangalore, Karnataka, India Software Engineering Posted 19 hours ago

## Fractal Analytics — India
<https://fractal.ai/careers/>

- 🤖 hiring@fractal.ai

## AMD India — Bengaluru
<https://careers.amd.com/careers-home>

- 🎓 Co-Op/ Intern
- 🤖 Project Manager - Firmware Architecture and AI
- 🎓 Student / Intern / Temp

## Talabat — Dubai
<https://careers.talabat.com/>

- 🎓 Associate Compliance

## Internshala Noida — Noida
<https://internshala.com/internships/internship-in-noida/>

- 🎓 Busniess Devlopment Associate

## Internshala Gurgaon — Gurugram
<https://internshala.com/internships/internship-in-gurgaon/>

- 🎓 Busniess Devlopment Associate

## Grab — Singapore
<https://grab.careers/>

- 🎓 Marketing Associate - Mex Marketing
- 💻 Software Engineer, Backend - FinID

## MyCareersFuture (ML) — Singapore
<https://www.mycareersfuture.gov.sg/search?search=machine+learning&sortBy=new_posting_date>

- 🎓 If you are a fresh graduate looking for a traineeship opportunity
- 🎓 Junior Executive

## Gramener — Hyderabad
<https://gramener.com/careers/>

- 🤖 Data Scientist
- 🤖 Data Scientist Bangalore Validate the models developed against statistical robustness and business sense.
- 🎓 Internship is processed with technical assessment followed by discussion with the hiring manager.
- 🎓 Junior UI/UX Engineer Hyderabad/ Collaborate with marketing and sales teams to design and implement website updates and landing pages.
- 🤖 Lead Data Science Engineer at Gramener
- 🤖 Lead Data Scientist – SFE Analytics Hyderabad Worked extensively on SFE Analytics (Pharma preferred).
- 🤖 Python Developer – GenAI/NLP Integration Hyderabad/Bangalore Core Python Development: 4–8 years of hands-on experience.
- 💻 Senior Full-Stack Developer Bangalore AWS or Azure cloud, Server management with basic visualization.
- 🎓 What is your process for Campus Hiring?

## Wingify — Pune
<https://wingify.com/careers/>

- 🤖 GenAI Engineer
- 💻 Senior Software Engineer - Backend & Search
- 💻 Senior Software Engineer - Client Services
- 💻 Software Engineer - QA (Client Services team)
- 💻 Software Engineer – Backend (Commerce)
- 💻 Software Engineer – Full Stack

## Pine Labs — Noida
<https://www.pinelabs.com/careers>

- 🎓 Management Trainee Program
- 🎓 Our flagship summer internship program for students from premier B-schools.
- 🎓 Sales Trainee Program

## Thunes — Singapore
<https://www.thunes.com/careers/>

- 🎓 Enterprise Singapore Graduate Scheme

## Internshala (Data Science) — India
<https://internshala.com/internships/data-science-internship/>

- 🎓 🤖 Data Science Internships: Find 330 Data Science Intern Jobs

## Internshala (Web Dev) — India
<https://internshala.com/internships/web-development-internship/>

- 🎓 Web Development Internships: 314+ Web Development Intern Jobs

## Internshala (Python) — India
<https://internshala.com/internships/python-internship/>

- 🎓 Python Internships: Find 243 Python Intern Jobs

## Internshala (Full Stack) — India
<https://internshala.com/internships/full-stack-development-internship/>

- 🎓 💻 Full Stack Development Internships: 100+ Full Stack Development Intern Jobs

## Internshala (Frontend) — India
<https://internshala.com/internships/front-end-development-internship/>

- 🎓 💻 Associate Frontend Developer (Framer Only)
- 🎓 💻 Front End Development Internship in Bengaluru
- 🎓 💻 Front End Development Internship in Coimbatore
- 🎓 💻 Front End Development Internship in Delhi
- 🎓 💻 Front End Development Internship in Gurgaon
- 🎓 💻 Front End Development Internship in Hyderabad
- 🎓 💻 Front End Development Internship in Kolkata
- 🎓 💻 Front End Development Internships: Find 106 Front End Development Intern Jobs
- 🤖 💻 Frontend Developer & Artificial Intelligence
- 🎓 💻 Latest Front End Development Intern Jobs
- 💻 MERN Stack Web Developer
- 🎓 💻 Q. How can I apply for a front end development internship on Internshala?
- 🎓 💻 You can apply for a front end development internship or front end development intern job using the following steps-
- 🎓 post internship

## Internshala (Backend) — India
<https://internshala.com/internships/back-end-development-internship/>

- 🎓 💻 Backend Development Internships: Find 116 Backend Development Intern Jobs

## Internshala (App Dev) — India
<https://internshala.com/internships/mobile-app-development-internship/>

- 🎓 Mobile App Development Internships: Find 64 Mobile App Development Intern Jobs

## FreshersWorld — India
<https://www.freshersworld.com/jobs/jobsearch/internship-jobs>

- 🎓 0 (Fresher)
- 🎓 49 Fresher Internship Job vacancies 2026
- 🎓 49 Latest Internship Training 2026 (Internship & Jobs). Updated on 9 July 2026)
- 🤖 AI Developer
- 🤖 AI Developer Jobs
- 🤖 AI ML Engineer
- 🤖 AI ML Engineer Jobs
- 🎓 ARE YOU A FRESHER?
- 🎓 ASSOCIATE
- 🎓 ASSOCIATE CSR
- 🎓 ASSOCIATE CSR Jobs
- 🎓 ASSOCIATE Jobs
- 🎓 Accountant Trainee Jobs Opening in Pearl Lemon at Central Delhi, Delhi Cantt., Delhi-Others, Bangalore, Mumbai, Delhi
- 🎓 Accounting Associate
- 🎓 Accounting Associate Jobs
- 🎓 Accounts Trainee
- 🎓 Accounts Trainee Jobs
- 🎓 Actuarial Associate
- 🎓 Actuarial Associate Jobs
- 💻 Analyst Programmer
- 💻 Analyst Programmer Jobs
- 🎓 Analytical Associate
- 🎓 Analytical Associate Jobs
- 🎓 Apply to Accountant Trainee Jobs in Pearl Lemon, Bangalo...
- 🎓 Apply to B2B Sales Intern Jobs in Uniserv.Tech, Mumbai f...
- 🎓 Apply to B2B Sales Intern Jobs in Value Score Business S...
- 🎓 Apply to Marketing Intern Jobs in P3 Infotech Solutions ...
- 🎓 Apply to Music-Tech Studio Fellow / Intern Jobs in Nath...
- 🎓 Apply to Operations Intern Jobs in Exson proptech privat...
- 🎓 Apply to QA Intern Jobs in Instawork, Bangalore from 0 t...
- 🤖 Apply to Software AI Testing Jobs in PRAM EDUCATE IT SO...
- 🎓 Apply to Software Tester Trainee Jobs in Spraxa Solution...
- 🎓 Apply to the Latest Internship Now on Freshersworld!
- 🎓 Apprentice trainee
- 🎓 Apprentice trainee Jobs
- 🎓 Apprentice trainee engineering
- 🎓 Apprentice trainee engineering Jobs
- 🎓 Associate - Logistics
- 🎓 Associate - Logistics Jobs
- 🎓 Associate - Supply Chain
- 🎓 Associate - Supply Chain Jobs
- 🎓 Associate -HR
- 🎓 Associate -HR Jobs
- 🎓 Associate Accounts Payble
- 🎓 Associate Accounts Payble Jobs
- 🎓 Associate Banking Operations
- 🎓 Associate Banking Operations Jobs
- 🎓 Associate Business Analyst
- 🎓 Associate Business Analyst Jobs
- 🎓 Associate Consultant
- 🎓 Associate Consultant Jobs
- 🎓 Associate Customer
- 🎓 Associate Customer Jobs
- 🎓 Associate Customer Support
- 🎓 Associate Customer Support Jobs
- 🎓 Associate Data Analyst
- 🎓 Associate Data Analyst Jobs
- 🎓 Associate Finance
- 🎓 Associate Finance Jobs
- 🎓 Associate HR
- 🎓 Associate HR Jobs
- 🎓 Associate Hire to Retire
- 🎓 Associate Hire to Retire Jobs
- 🎓 Associate In Process Quality
- 🎓 Associate In Process Quality Jobs
- 🎓 Associate MIS
- 🎓 Associate MIS Jobs
- 🎓 Associate Maintenance
- 🎓 Associate Maintenance Jobs
- 🎓 Associate Network Business Analytics
- 🎓 Associate Network Business Analytics Jobs
- 🎓 Associate Product Manager
- 🎓 Associate Quality Testing
- 🎓 Associate Quality Testing Jobs
- 🎓 Associate Recruiter
- 🎓 Associate Recruiter Jobs
- 🎓 💻 Associate Software Development
- 🎓 💻 Associate Software Development Jobs
- 🎓 Associate UI/UX Designer
- 🎓 Associate UI/UX Designer Jobs
- 🎓 Associate-HR
- 🎓 Associate-HR Jobs
- 🎓 Associate-Procurement
- 🎓 Associate-Procurement Jobs
- 🎓 B2B Sales Intern Jobs Opening in Uniserv.Tech at Goregaon West, Mumbai
- 🎓 B2B Sales Intern Jobs Opening in Value Score Business Solutions LLP at Andheri East, Mumbai
- 💻 Back End Developer
- 🎓 Back office Associate
- 🎓 Back office Associate Jobs
- 🎓 💻 Backend Associate
- 🎓 💻 Backend Associate Jobs
- 🎓 Browse All Internship Vacancies on Freshersworld
- 🎓 Browse these internship roles and find your ideal internship job on Freshersworld.
- 🎓 Campus Hiring Officer
- 🎓 Campus Hiring Officer Jobs
- 🎓 Campus Recruiter
- 🎓 Campus Recruiter Jobs
- 🎓 Can freshers without any prior experience get an internship in India?
- 🤖 Consultant – AI & Data Scientist
- 🤖 Consultant – AI & Data Scientist Jobs
- 💻 Content Management Web Developer
- 💻 Content Management Web Developer Jobs
- 🎓 Credit Card Associate
- 🎓 Credit Card Associate Jobs
- 🎓 Customer Support Associate
- 🎓 Customer Support Associate Jobs
- 🎓 Data Analyst Internship
- 🎓 Data Analyst Internship Jobs
- 🎓 🤖 Data Science Internship
- 🎓 🤖 Data Science Internship Jobs
- 🤖 Data Scientist
- 🤖 Data Scientist Jobs
- 🎓 Digital Associate
- 🎓 Digital Associate Jobs
- 🎓 Digital Content Management New Associate
- 🎓 Digital Content Management New Associate Jobs
- 🎓 Digital Marketing Internship
- 🎓 Digital Marketing Internship Jobs
- 🎓 Enterprise Sales Associate
- 🎓 Enterprise Sales Associate Jobs
- 🎓 Explore some of the most in-demand internship roles and internship programs available this year:
- 🎓 Field Sales Associate
- 🎓 Field Sales Associate Jobs
- 🎓 Finance Internship
- 🎓 Finance Internship Jobs
- 🎓 Floor Associate
- 🎓 Floor Associate Jobs
- 🎓 For Quality Associate
- 🎓 For Quality Associate Jobs
- 🎓 Freshersworld updates its internship listings daily with verified roles from:
- 💻 Full Stack Developer
- 💻 Fullstack Developer
- 💻 Fullstack Developer Jobs
- 🎓 GCPR Sales Associate
- 🎓 GCPR Sales Associate Jobs
- 🎓 Get notified instantly when new internship roles matching your profile are posted.
- 🎓 HR And Admin Trainee
- 🎓 HR And Admin Trainee Jobs
- 🎓 HR Associate
- 🎓 HR Associate Jobs
- 🎓 HR Service Delivery New Associate
- 🎓 HR Service Delivery New Associate Jobs
- 🎓 How important are online certifications for securing an internship?
- 🎓 Inclusive Insurance Associate
- 🎓 Inclusive Insurance Associate Jobs
- 🎓 Internship
- 🎓 Internship Jobs
- 🎓 Internship Jobs In Ahmedabad
- 🎓 Internship Jobs In Bangalore
- 🎓 Internship Jobs In Chennai
- 🎓 Internship Jobs In Delhi
- 🎓 Internship Jobs In Gurgaon
- 🎓 Internship Jobs In Hyderabad
- 🎓 Internship Jobs In Kolkata
- 🎓 Internship Jobs In Mumbai
- 🎓 Internship Jobs In Noida
- 🎓 Internship Jobs In Pune
- 🎓 Internship Jobs in your city
- 🎓 Internship Opportunities by City
- 🎓 Internship Vacancies – Your Gateway to the Latest Internships in India for Freshers
- 🎓 Inventory Squad Associate
- 🎓 Inventory Squad Associate Jobs
- 💻 Java Fullstack Developer
- 💻 Java Fullstack Developer Jobs
- 🎓 Jr Associate
- 🎓 Jr Associate Jobs
- 🎓 💻 Junior Software Developer
- 🎓 💻 Junior Software Developer Jobs
- 🎓 Keep it short, professional, and specific to each internship application.
- 🎓 Latest 49 Internship Jobs Openings 2026
- 🎓 Latest Internship Jobs
- 🎓 Latest Internship Openings on Freshersworld
- 🎓 Legal Associate Legal Completions
- 🎓 Legal Associate Legal Completions Jobs
- 🎓 Loader Operation Associate
- 🎓 Loader Operation Associate Jobs
- 🎓 MANGEMENT ASSOCIATE
- 🎓 MANGEMENT ASSOCIATE Jobs
- 🤖 ML Engineer
- 🤖 ML Engineer Jobs
- 🤖 Machine Learning Engineer
- 🤖 Machine Learning Engineer Jobs
- 🤖 Machine Learning Scientist
- 🤖 Machine Learning Scientist Jobs
- 🎓 Machining Associate
- 🎓 Machining Associate Jobs
- 🎓 Management Trainee
- 🎓 Management Trainee Jobs
- 🎓 Many companies offer Pre-Placement Offers (PPOs) to top-performing interns, converting your internship into a permanent role.
- 🎓 Market Research Associate
- 🎓 Market Research Associate Jobs
- 🎓 Market Research Trainee
- 🎓 Market Research Trainee Jobs
- 🎓 Marketing Intern Jobs Opening in P3 Infotech Solutions Pvt Ltd at Gurgaon-Others, Gurgaon
- 🎓 Mechanical Trainee
- 🎓 Mechanical Trainee Jobs
- 🎓 Middle Office Risk Support Associate
- 🎓 Middle Office Risk Support Associate Jobs
- 🎓 Music-Tech Studio Fellow / Intern Jobs Opening in Nathaniel School of Music at Bangalore
- 🎓 Naps /WILP Trainee ( Production
- 🎓 Naps /WILP Trainee ( Production Jobs
- 🎓 Operations Intern Jobs Opening in Exson proptech private limited at Bhopal-Others, Bhopal
- 🎓 Other Graduate
- 🎓 Other Post Graduate
- 🎓 PTP Associate
- 🎓 PTP Associate Jobs
- 🎓 Paid Internship
- 🎓 Paid Internship Jobs
- 💻 Principal Software Engineer IT
- 💻 Principal Software Engineer IT Jobs
- 🎓 Process Associate Trainee
- 🎓 Process Associate Trainee Jobs
- 🎓 Procure to Pay Associate
- 🎓 Procure to Pay Associate Jobs
- 🎓 Procure to Pay New Associate
- 🎓 Procure to Pay New Associate Jobs
- 🎓 Procurement Associate
- 🎓 Procurement Associate Jobs
- 🎓 Production Trainee
- 🎓 Production Trainee Jobs
- 🎓 Program Management Associate
- 🎓 Program Management Associate Jobs
- 🎓 Project Management Associate
- 🎓 Project Management Associate Jobs
- 🎓 QA Intern Jobs Opening in Instawork at Koramangala, Bangalore
- 🎓 Quality Assurance Trainee
- 🎓 Quality Assurance Trainee Jobs
- 🎓 Regulatory Affairs associate
- 🎓 Regulatory Affairs associate Jobs
- 🎓 Regulatory Associate
- 🎓 Regulatory Associate Jobs
- 🎓 Regulatory Operation Associate
- 🎓 Regulatory Operation Associate Jobs
- 🎓 Regulatory Operations Associate
- 🎓 Regulatory Operations Associate Jobs
- 💻 Remote Front End Developer
- 💻 Remote Front End Developer Jobs
- 💻 Remote Software Developer
- 💻 Remote Software Developer Jobs
- 💻 Remote Software Engineer
- 💻 Remote Software Engineer Jobs
- 💻 Remote Web Developer
- 💻 Remote Web Developer Jobs
- 🎓 SAP FICO Associate Consultant
- 🎓 SAP FICO Associate Consultant Jobs
- 🎓 Sales Associate
- 🎓 Sales Associate FMCG
- 🎓 Sales Associate FMCG Jobs
- 🎓 Sales Associate Jobs
- 🎓 Sales Trainee
- 🎓 Sales Trainee Jobs
- 🎓 Salesforce Trainee
- 🎓 Salesforce Trainee Jobs
- 🎓 Senior Associate
- 🎓 Senior Associate - HR
- 🎓 Senior Associate - HR Jobs
- 🎓 Senior Associate Jobs
- 🎓 Senior Associate Order to Cash
- 🎓 Senior Associate Order to Cash Jobs
- 💻 Senior Front End Developer
- 💻 Senior Front End Developer Jobs
- 💻 Senior Full Stack Developer
- 💻 Senior Full Stack Developer Jobs
- 🎓 Senior Sales Associate
- 🎓 Senior Sales Associate Jobs
- 💻 Senior Software Developer
- 💻 Senior Software Developer Jobs
- 💻 Senior Software Engineer
- 💻 Senior Software Engineer Jobs
- 🎓 Senior sale associate
- 🎓 Senior sale associate Jobs
- 🤖 Software AI Testing Jobs Opening in PRAM EDUCATE IT SOFTWARE LLP at Wakad, Pune-Others, Pune
- 💻 Software Developer
- 💻 Software Developer Jobs
- 💻 Software Engineer
- 🎓 💻 Software Engineer - Trainee
- 🎓 💻 Software Engineer - Trainee Jobs
- 💻 Software Engineer II
- 💻 Software Engineer II Jobs
- 💻 Software Engineer Jobs
- 🎓 Software Tester Trainee Jobs Opening in Spraxa Solutions Pvt Ltd. at Noida City Centre, Sector 15, Noida, Sector 18, Noida, Noida
- 💻 Sr Software Engineer
- 💻 Sr Software Engineer Jobs
- 🎓 Summer Internship
- 🎓 Summer Internship Jobs
- 🎓 Supply chain trainee
- 🎓 Supply chain trainee Jobs
- 🎓 Technical Associate
- 🎓 Technical Associate Jobs
- 🎓 Technical Support Associate
- 🎓 Technical Support Associate Jobs
- 🎓 Tele Calling Associate Sales A
- 🎓 Tele Calling Associate Sales A Jobs
- 🎓 Tips to Get Selected for an Internship
- 🎓 To stand out in the competitive landscape of internship applications:
- 🎓 Top Internship Roles Hiring in India (2026)
- 🎓 Trainee Apprentice
- 🎓 Trainee Apprentice Jobs
- 🎓 Trainee EGC
- 🎓 Trainee EGC Jobs
- 🎓 Trainee Engineer
- 🎓 Trainee Engineer Jobs
- 🎓 Trainee Operator
- 🎓 Trainee Operator Jobs
- 🎓 Trainee Store Risk Management
- 🎓 Trainee Store Risk Management Jobs
- 🎓 Transaction Processing New Associate
- 🎓 Transaction Processing New Associate Jobs
- 🎓 Transaction processing associate
- 🎓 Transaction processing associate Jobs
- 💻 Web Developer
- 💻 Web Developer Jobs
- 🎓 What is the best way to find verified internship opportunities in India?
- 🎓 Work From Home Internship
- 🎓 Work From Home Internship Jobs
- 🎓 franchise associate
- 🎓 franchise associate Jobs
- 🎓 internship vacancies
- 🎓 production trainee
- 🎓 production trainee Jobs
- 🎓 transaction new associate
- 🎓 transaction new associate Jobs

## YC Work at a Startup — Remote
<https://www.workatastartup.com/jobs>

- 💻 Founding Software Engineer
- 💻 Frontend Engineer
- 💻 Staff Software Engineer, SMS Team (Fullstack)

## Solverminds — Chennai
<https://www.solverminds.com/careers/>

- 🎓 Associate Cloud Engineer Chennai Full time View role & apply
- 🎓 💻 Associate Software Engineer Chennai Full time View role & apply
- 🎓 Associate Test Engineer Chennai Full time View role & apply

## Awign — Gurugram
<https://www.awign.com/careers>

- 🎓 Data annotation and labelling for Awign- Associate

## Airwallex — Singapore
<https://www.airwallex.com/careers>

- 🎓 Issuing Risk Operations Associate Operations Management EMEA, London
- 🎓 Senior Associate, Revenue Strategy & Enablement, EMEA Operations Management London
- 💻 Senior Software Engineer, Developer Experience Engineering APAC, Singapore
- 💻 Senior Software Engineer, Edge Team Engineering Engineering • Singapore APAC , Singapore Singapore
- 🤖 Staff Product Manager, AI Enablement Product San Francisco
- 💻 Staff Software Engineer, Productivity Engineering Engineering • Seattle Americas , Seattle Seattle

# 🔔 New career-page entries — 2026-07-09T03:17:33

## Accenture — Bengaluru
<https://www.accenture.com/in-en/careers/jobsearch?fl=Bengaluru>

- 🤖 AI/ML Computational Science Team Lead/Consultant
- 💻 Custom Software Engineer
- 🎓 Delivery Operations Associate Manager
- 🤖 💻 LLM Full Stack Engineer
- 🎓 Packaged Application Development Associate Manager

## Accenture — Hyderabad
<https://www.accenture.com/in-en/careers/jobsearch?fl=Hyderabad>

- 🤖 AI/ML Computational Science Team Lead/Consultant
- 💻 Custom Software Engineer
- 🎓 Delivery Operations Associate Manager
- 🤖 💻 LLM Full Stack Engineer
- 🎓 Packaged Application Development Associate Manager

## Accenture — Pune
<https://www.accenture.com/in-en/careers/jobsearch?fl=Pune>

- 🤖 AI/ML Computational Science Team Lead/Consultant
- 💻 Custom Software Engineer
- 🎓 Delivery Operations Associate Manager
- 🤖 💻 LLM Full Stack Engineer
- 🎓 Packaged Application Development Associate Manager

## Accenture — Gurugram
<https://www.accenture.com/in-en/careers/jobsearch?fl=Gurugram>

- 🤖 AI/ML Computational Science Team Lead/Consultant
- 💻 Custom Software Engineer
- 🎓 Delivery Operations Associate Manager
- 🤖 💻 LLM Full Stack Engineer
- 🎓 Packaged Application Development Associate Manager

## IBM — India
<https://www.ibm.com/in-en/careers/career-opportunities>

- 💻 Back-End Developer

## IBM — India
<https://www.ibm.com/in-en/careers/search>

- 🎓 🤖 Cloud Duales Studium 2027 Bachelor@IBM: Wirtschaftsinformatik - Data Science (f,m,x) Internship Ehningen, DE
- 🎓 Cloud Master@IBM IBM Cloud Technical Sales Specialist (f/m/x) Internship KOELN, DE
- 🎓 Consulting Business Transformation Consultant-Banking Internship Islamabad, PK
- 🤖 Consulting Technical Consultant-AI Integration Professional Bangalore, IN
- 🎓 Infrastructure & Technology Package Specialist 2026- Workday HCM & Compensation Entry Level Multiple Cities
- 🎓 Internship (104)
- 🎓 Sales Apprenti.e 'Metropole Program' Business développement – Ecosystème - IBM France - H/F Internship Bois Colombes Cedex, FR
- 🎓 Sales Brand Technical Specialist Entry Level Esch-sur-Alzette, LU
- 🎓 Sales Entry Level Technical Sales Specialist Entry Level Bucharest, RO
- 💻 Software Engineering Application Developer-Cloud FullStack Professional Bangalore, IN
- 💻 Software Engineering Application Developer-Cloud FullStack Professional Hyderabad, IN
- 🎓 Software Engineering IBM Consulting Interns Internship QUEZON CITY, PH

## Cognizant — India
<https://careers.cognizant.com/global-en/jobs/>

- 💻 Senior Full Stack Developer – Java, Spring Boot, Angular & AWS (Remote)

## Cognizant — India
<https://careers.cognizant.com/india-en/jobs/>

- 💻 Senior Full Stack Developer – Java, Spring Boot, Angular & AWS (Remote)

## Zenskar — Bengaluru
<https://www.zenskar.com/careers>

- Account Executive-Mid Market(US)
- 🎓 Content Marketing Intern
- Customer Success & Solutions Manager
- 🎓 Customer Success Intern
- Engineering Manager
- Enterprise Account Executive (US)
- Finance Executive
- Forward Deployed Engineer
- 🎓 Intern @ Zenskar
- Product Manager
- Product Security Engineer
- 🎓 Revenue Operations Intern
- Senior Forward Deployed Engineer
- 🤖 Senior GenAI Engineer
- Senior Solutions Engineer (US)
- Solutions Consultant
- 💻 Tech Lead - Backend
- Technical Support Engineer
- We're hiring across every function. Here's where we're building right now.
- or apply via our careers page here:

## Peoplebox — Bengaluru
<https://www.peoplebox.ai/careers>

- 🎓 Associate Product Manager (APM) 64 days ago BANGALORE Full Time
- Content Marketing Manager 339 days ago BANGALORE 4-6 Full Time
- SEO Lead 223 days ago BANGALORE 4-6 Full Time
- 💻 Senior Backend Engineer 335 days ago BANGALORE 5-9 Full Time
- Talent Acquisition Lead 113 days ago BANGALORE 5+ Full Time

## Internshala (SDE) — India
<https://internshala.com/internships/software-development-internship/>

- 🎓 💻 Software Development Internships: 214+ Software Development Intern Jobs

## Internshala (AI) — India
<https://internshala.com/internships/artificial-intelligence-internship/>

- 🎓 🤖 Artificial intelligence Internships: Find 160 Artificial intelligence Intern Jobs

## YCombinator Jobs — Bengaluru
<https://www.ycombinator.com/jobs/location/bengaluru>

- 🤖 Vahan (S19) • AI recruiter for India's massive blue-collar workforce ( 16 days ago)

## Qualcomm — India
<https://careers.qualcomm.com/careers>

- 🎓 2. Associate Engineer
- 💻 Telematics Platform Senior Software Engineer Bangalore, Karnataka, India Software Engineering Posted a day ago

## Arcesium — Bengaluru
<https://careers.arcesium.com/>

- 💻 Software Engineer

## Kore.ai — Hyderabad
<https://kore.ai/careers/>

- 🤖 AI Solution Sales Specialist
- 🤖 Lead AI Customer Engineer — Fanatic Customer Support
- 💻 Software Engineer/Senior Software Engineer - Technical Support

## Optiver — Mumbai
<https://www.optiver.com/working-at-optiver/career-opportunities/>

- 🤖 AI Engineer

## AMD India — Bengaluru
<https://careers.amd.com/careers-home>

- 🤖 AI Engineer, Recursive Self-Improvement for Compute
- 🤖 AI/ML Platform Engineer
- 🤖 Applied AI Engineer, Top Hardware Priorities
- 🤖 ML Systems Research Engineer, RL / Inference / Evaluation
- 🤖 Principal Server and AI Product Architect

## Grab — Singapore
<https://grab.careers/>

- 🎓 💻 Intern, Software Engineer Mobile (iOS)
- 🎓 Internship

## Signzy — Bengaluru
<https://www.signzy.com/careers/>

- 🎓 Associate Director - Enterprise Sales 870 days ago Chennai 7 years - 10 years Full Time
- 🎓 Lead Generation Associate 1 day ago Bangalore 1 to 3 Full Time
- 🎓 Partnership Intern 1 day ago Mumbai 0 to 1 Full Time
- 🎓 Sales Associate 16 days ago Mumbai 1 - 2 years Full Time

## Yulu — Bengaluru
<https://www.yulu.bike/careers/>

- 🎓 Associate Director

## Internshala (Data Science) — India
<https://internshala.com/internships/data-science-internship/>

- 🎓 🤖 Data Science Internships: Find 329 Data Science Intern Jobs

## Internshala (Full Stack) — India
<https://internshala.com/internships/full-stack-development-internship/>

- 🎓 💻 Full Stack Development Internships: 99+ Full Stack Development Intern Jobs

## Internshala (Frontend) — India
<https://internshala.com/internships/front-end-development-internship/>

- 🎓 💻 Front End Development Internships: Find 107 Front End Development Intern Jobs

## Internshala (Backend) — India
<https://internshala.com/internships/back-end-development-internship/>

- 🎓 💻 Backend Development Internships: Find 117 Backend Development Intern Jobs

## YC Work at a Startup — Remote
<https://www.workatastartup.com/jobs>

- 💻 Founding Backend Engineer
- 💻 Senior Software Engineer, Email Team

## Airwallex — Singapore
<https://www.airwallex.com/careers>

- 🎓 Issuing Risk Operations Associate Operations Management Operations Management • London EMEA , London London
- 🎓 Senior Associate, Revenue Strategy & Enablement, EMEA Operations Management Amsterdam
- 💻 Senior Software Engineer, Global Treasury Payment Network Engineering Engineering • Singapore APAC , Singapore Singapore
- 💻 Staff Software Engineer Backend, Billing Engineering Singapore
- 🤖 💻 Staff Software Engineer, Infrastructure (Data & AI) Engineering Engineering • Singapore APAC , Singapore Singapore

## Entropik — Bengaluru
<https://www.entropik.io/careers>

- 🤖 AI Engineer 16 days ago Chennai 2-3 years Full Time
- 🤖 Senior AI Engineer 20 days ago Chennai 4-6 years Full Time
- 💻 Senior Backend Engineer 3 days ago Chennai , Chennai 3-6 years Full Time
- 💻 Senior Software Engineer - Backend + DevOps 6 days ago Chennai 3-6 years Full Time

# 🔔 New career-page entries — 2026-07-09T09:39:55

## Accenture — Bengaluru
<https://www.accenture.com/in-en/careers/jobsearch?fl=Bengaluru>

- 🎓 Business Advisory Associate
- 🎓 Business Advisory Associate-Voice
- 🎓 Order to Cash Operations Associate
- 🎓 Software/Application/Cloud Tech Support Associate

## Accenture — Hyderabad
<https://www.accenture.com/in-en/careers/jobsearch?fl=Hyderabad>

- 🎓 Business Advisory Associate
- 🎓 Business Advisory Associate-Voice
- 🎓 Order to Cash Operations Associate
- 🎓 Software/Application/Cloud Tech Support Associate

## Accenture — Pune
<https://www.accenture.com/in-en/careers/jobsearch?fl=Pune>

- 🎓 Business Advisory Associate
- 🎓 Business Advisory Associate-Voice
- 🎓 Order to Cash Operations Associate
- 🎓 Software/Application/Cloud Tech Support Associate

## Accenture — Gurugram
<https://www.accenture.com/in-en/careers/jobsearch?fl=Gurugram>

- 🎓 Business Advisory Associate
- 🎓 Business Advisory Associate-Voice
- 🎓 Order to Cash Operations Associate
- 🎓 Software/Application/Cloud Tech Support Associate

## Capgemini — India
<https://www.capgemini.com/in-en/careers/join-capgemini/job-search/>

- 🤖 GCP Data Engineer Pune, Salem, Tiruchirapalli, Tiruchirappalli, Bangalore + 13 Data & AI Permanent Experienced Professionals

## IBM — India
<https://www.ibm.com/in-en/careers/search>

- 🎓 Internship (102)

## Tech Mahindra — India
<https://careers.techmahindra.com/>

- 💻 Sr. Software Engineer

## Swiggy — Bengaluru
<https://careers.swiggy.com/>

- Software Dev Engineer II (iOS)

## Internshala (ML) — India
<https://internshala.com/internships/machine-learning-internship/>

- 🎓 🤖 AI Engineer Intern
- 🤖 Generative AI Developer
- 🎓 🤖 Machine Learning Internships: Find 141 Machine Learning Intern Jobs

## Internshala (SDE) — India
<https://internshala.com/internships/software-development-internship/>

- 🎓 🤖 AI Engineer Intern
- 🤖 Generative AI Developer
- 💻 Software Developer
- 🎓 💻 Software Development Internships: 220+ Software Development Intern Jobs

## Internshala (AI) — India
<https://internshala.com/internships/artificial-intelligence-internship/>

- 🤖 AI Graphic Designer
- 🎓 🤖 Artificial intelligence Internships: Find 163 Artificial intelligence Intern Jobs

## YCombinator Jobs — Bengaluru
<https://www.ycombinator.com/jobs/location/bengaluru>

- 🤖 Vahan (S19) • AI recruiter for India's massive blue-collar workforce ( 3 days ago)

## Qualcomm — India
<https://careers.qualcomm.com/careers>

- 💻 #Senior Sensors Software Engineer San Diego, California, United States of America Software Engineering Posted 10 days ago
- 💻 2. Senior Software Engineer
- 💻 5. Principal Software Engineer
- 🤖 AI Performance Engineer (Competitive & Network Analysis) - Riyadh, KSA Riyadh, Saudi Arabia Systems Engineering Posted 10 hours ago
- 💻 Embedded NPU Software Engineer, Senior San Diego, California, United States of America DSP Architecture and Design Posted 4 months ago
- 🤖 Sr Staff DFT Engineer - NPU/AI Processor Bangalore, Karnātaka, India Hardware Engineering Posted 10 hours ago
- 🤖 Staff Engineer-C++ , Embedded, AI/ML, GenAI,edge aing Hyderabad, Telangana, India Software Engineering Posted 10 hours ago
- 🤖 Voice AI Systems Engineer Shanghai, Shanghai, China Systems Engineering Posted 2 months ago

## AMD India — Bengaluru
<https://careers.amd.com/careers-home>

- 🎓 Graduate Trainee - Systems Design Engineer
- 🤖 Principal AI Performance Engineer - LLM Inference (SGLang)
- 🤖 Senior AI Performance Engineer - LLM Inference (vLLM)

## Tabby — Dubai
<https://tabby.ai/careers>

- 🎓 Risk Associate

## Internshala Chennai — Chennai
<https://internshala.com/internships/internship-in-chennai/>

- 🎓 Junior System Administrator Trainee
- 🎓 SEO & GEO Intern

## Internshala Noida — Noida
<https://internshala.com/internships/internship-in-noida/>

- 🎓 Business Operations Intern
- 🎓 Creative Design & Social Media Intern
- 🎓 Host & Anchor Internship

## Internshala Gurgaon — Gurugram
<https://internshala.com/internships/internship-in-gurgaon/>

- 🎓 Business Operations Intern
- 🎓 Creative Design & Social Media Intern
- 🎓 Host & Anchor Internship

## Internshala Dehradun — Dehradun
<https://internshala.com/internships/internship-in-dehradun/>

- 🤖 AI Graphic Designer

## MyCareersFuture (SDE) — Singapore
<https://www.mycareersfuture.gov.sg/search?search=software+engineer&sortBy=new_posting_date>

- 🎓 If you are a fresh graduate looking for a traineeship opportunity
- 🎓 Junior Executive

## Pine Labs — Noida
<https://www.pinelabs.com/careers>

- 🎓 Management Trainee Program
- 🎓 Our flagship summer internship program for students from premier B-schools.
- 🎓 Sales Trainee Program

## Perfios — Bengaluru
<https://www.perfios.com/careers/>

- 🎓 Associate Director - Administration

## Synechron — Pune
<https://www.synechron.com/careers>

- 🎓 ACI MTS Developer | COBOL/Mainframe & Banking... Bengaluru - EC-2 Gateway campus, India JR1040683
- 🎓 ACI MTS Technical Consultant | Payments Middl... Bengaluru - EC-2 Gateway campus, India JR1040684
- 🤖 GenAI Engineer | LLMs & AWS Pune - Hinjewadi (Ascendas), India JR1041344
- 🤖 GenAI Engineer | LLMs, NLP & AWS Bengaluru - Bellandur (GTP), India JR1041204
- 🤖 GenAI Engineer | LLMs, NLP & AWS Bengaluru - Thanissandra (BCIT), India JR1040815
- 🤖 GenAI Engineer | LLMs, NLP & Cloud (MLOps) Gurugram, India JR1041686
- 🎓 Graduate scheme.
- 💻 Java Full-Stack Developer | Spring Boot & Rea... Bengaluru - Bellandur (GTP), India JR1040670
- 💻 Java Full-Stack Developer | Spring Boot & Rea... Hyderabad Eco Park, India JR1040667
- 💻 Java Full-Stack Developer | Spring/Hibernate/... Bengaluru - Bellandur (GTP), India JR1040676
- 💻 Node.js & React Full-Stack Developer Chennai - Taramani (Ascendas), India JR1039607

## Internshala (Data Science) — India
<https://internshala.com/internships/data-science-internship/>

- 🤖 AI Graphic Designer
- 🎓 🤖 Data Science Internships: Find 335 Data Science Intern Jobs
- 🤖 Generative AI Developer

## Internshala (Web Dev) — India
<https://internshala.com/internships/web-development-internship/>

- 💻 Full Stack Developer - Female Only
- 🤖 Generative AI Developer
- 🎓 Junior System Administrator Trainee
- 🎓 Web Development Internships: 319+ Web Development Intern Jobs

## Internshala (Python) — India
<https://internshala.com/internships/python-internship/>

- 🤖 Generative AI Developer
- 🎓 Python Internships: Find 252 Python Intern Jobs
- 💻 Software Developer

## Internshala (Full Stack) — India
<https://internshala.com/internships/full-stack-development-internship/>

- 💻 Full Stack Developer - Female Only
- 🎓 💻 Full Stack Development Internships: 101+ Full Stack Development Intern Jobs

## Internshala (Frontend) — India
<https://internshala.com/internships/front-end-development-internship/>

- 🎓 💻 Front End Development Internships: Find 105 Front End Development Intern Jobs

## Internshala (Backend) — India
<https://internshala.com/internships/back-end-development-internship/>

- 🎓 🤖 AI Engineer Intern
- 🎓 💻 Backend Development Internships: Find 118 Backend Development Intern Jobs
- 🤖 Generative AI Developer

## Internshala (Hyderabad) — Hyderabad
<https://internshala.com/internships/internship-in-hyderabad/>

- 🎓 Content Creation (Telugu) - Internship
- 🎓 Sales Associate (BSc Agriculture)

## YC Work at a Startup — Remote
<https://www.workatastartup.com/jobs>

- 💻 Fullstack Engineer

## AICTE Internship Portal — India
<https://internship.aicte-india.org/>

- 🎓 1 Crore Internship By 2027 | 79,57,193+ Internships | 82236 Companies

## Airwallex — Singapore
<https://www.airwallex.com/careers>

- 💻 Senior Frontend Engineer, Expenses Engineering Americas, San Francisco
- 💻 Senior Software Engineer, Issuing Platform Engineering APAC, Singapore
- 💻 Staff Software Engineer, Ecosystem Engineering Engineering • Singapore APAC , Singapore Singapore

## Glints — Singapore
<https://glints.com/careers>

- 🎓 Digital Marketing and Social Media Intern Rp1M Internship Minimum Associate Degree Search Engine Optimization (SEO) Digital Marketing + 4
- 🎓 Graphic Design Intern Rp1M Internship Minimum Associate Degree Graphic Design Adobe Illustrator + 2

## Digicorp — Ahmedabad
<https://www.digi-corp.com/careers>

- 💻 Software Developer
- 💻 Sr. Software Developer

## Softweb Solutions — Ahmedabad
<https://www.softwebsolutions.com/careers.html>

- 🎓 Intern

# 🔔 New career-page entries — 2026-07-09T14:59:29

## Accenture — Bengaluru
<https://www.accenture.com/in-en/careers/jobsearch?fl=Bengaluru>

- 🤖 Enterprise AI Value Strategy Manager
- 🤖 Enterprise AI Value Strategy Senior Manager
- 💻 Full Stack Engineering Senior Manager
- 🤖 IMU - AI & Data Manager
- 🎓 Strategy Innovation Associate Director
- 🎓 Workplace Service Delivery Associate Manager
- 🎓 Workplace Service Delivery Associate Manager-Events

## Accenture — Hyderabad
<https://www.accenture.com/in-en/careers/jobsearch?fl=Hyderabad>

- 🤖 Enterprise AI Value Strategy Manager
- 🤖 Enterprise AI Value Strategy Senior Manager
- 💻 Full Stack Engineering Senior Manager
- 🤖 IMU - AI & Data Manager
- 🎓 Strategy Innovation Associate Director
- 🎓 Workplace Service Delivery Associate Manager
- 🎓 Workplace Service Delivery Associate Manager-Events

## Accenture — Pune
<https://www.accenture.com/in-en/careers/jobsearch?fl=Pune>

- 🤖 Enterprise AI Value Strategy Manager
- 🤖 Enterprise AI Value Strategy Senior Manager
- 💻 Full Stack Engineering Senior Manager
- 🤖 IMU - AI & Data Manager
- 🎓 Strategy Innovation Associate Director
- 🎓 Workplace Service Delivery Associate Manager
- 🎓 Workplace Service Delivery Associate Manager-Events

## Accenture — Gurugram
<https://www.accenture.com/in-en/careers/jobsearch?fl=Gurugram>

- 🤖 Enterprise AI Value Strategy Manager
- 🤖 Enterprise AI Value Strategy Senior Manager
- 💻 Full Stack Engineering Senior Manager
- 🤖 IMU - AI & Data Manager
- 🎓 Strategy Innovation Associate Director
- 🎓 Workplace Service Delivery Associate Manager
- 🎓 Workplace Service Delivery Associate Manager-Events

## Capgemini — India
<https://www.capgemini.com/in-en/careers/join-capgemini/job-search/>

- 💻 Front-End Developer Bangalore Manufacturing & Operations Engineering Permanent Experienced Professionals
- 💻 Lead Software Engineer Pune Software Engineering Permanent Experienced Professionals
- 💻 Senior Software Engineer Bangalore Software Engineering Permanent Executives
- 💻 Senior Software Engineer Pune Software Engineering Permanent Experienced Professionals

## IBM — India
<https://www.ibm.com/in-en/careers/career-opportunities>

- 🎓 Entry Level Sales Specialist Storage - Netherlands
- 🎓 Entry level Technical Sales Specialist Automation IBM Finland (incl. Assignment in Valencia)
- 🎓 Entry level Technical Sales Specialist Automation IBM Sweden (incl. Assignment in Valencia)

## Internshala (ML) — India
<https://internshala.com/internships/machine-learning-internship/>

- 🎓 🤖 Machine Learning Internships: Find 143 Machine Learning Intern Jobs

## Internshala (SDE) — India
<https://internshala.com/internships/software-development-internship/>

- 🤖 AI Engineer
- 🎓 💻 Software Development Internships: 222+ Software Development Intern Jobs

## Internshala (AI) — India
<https://internshala.com/internships/artificial-intelligence-internship/>

- 🎓 🤖 Artificial intelligence Internships: Find 167 Artificial intelligence Intern Jobs

## Amazon India — India
<https://www.amazon.jobs/en/search?base_query=intern&loc_query=India>

- 🎓 Solution Architect Intern

## Qualcomm — India
<https://careers.qualcomm.com/careers>

- 🤖 AI Performance Engineer (Competitive & Network Analysis) - Riyadh, KSA Riyadh, Saudi Arabia Systems Engineering Posted 15 hours ago
- 🎓 Engineering Intern
- 🤖 Sr Staff DFT Engineer - NPU/AI Processor Bangalore, Karnātaka, India Hardware Engineering Posted 15 hours ago
- 🤖 Staff Engineer-C++ , Embedded, AI/ML, GenAI,edge aing Hyderabad, Telangana, India Software Engineering Posted 15 hours ago

## Arcesium — Bengaluru
<https://careers.arcesium.com/>

- 💻 Software Engineer

## Quadeye — Gurugram
<https://www.quadeye.com/careers>

- 🎓 Intern - Quant Strategist
- 🎓 💻 Intern - Software Developer (Product)
- 🎓 Intern - Systems Engineer
- 🎓 Internship

## AMD India — Bengaluru
<https://careers.amd.com/careers-home>

- 🤖 Senior Machine Learning Data Engineer
- 💻 c++ Software Development Engineer

## Internshala Pune — Pune
<https://internshala.com/internships/internship-in-pune/>

- 🎓 Business Development Trainee - IT Sales

## Signzy — Bengaluru
<https://www.signzy.com/careers/>

- 🎓 Associate Director - Enterprise Sales 870 days ago Chennai 7 years - 10 years Full Time
- 🎓 Lead Generation Associate 1 day ago Bangalore 1 to 3 Full Time
- 🎓 Partnership Intern 1 day ago Mumbai 0 to 1 Full Time
- 🎓 Sales Associate 16 days ago Mumbai 1 - 2 years Full Time

## Turno — Hyderabad
<https://www.turno.club/careers>

- 🎓 Junior Embedded Engineer

## eSparkBiz — Ahmedabad
<https://www.esparkinfo.com/careers>

- 🤖 Hire AI Solutions Architect

## Synechron — Pune
<https://www.synechron.com/careers>

- 🤖 Machine Learning Engineer Belgrade, Serbia JR1041717
- 🤖 Machine Learning Engineer Novi Sad, Serbia JR1041716

## Internshala (Data Science) — India
<https://internshala.com/internships/data-science-internship/>

- 🎓 🤖 Data Science Internships: Find 342 Data Science Intern Jobs

## Internshala (Web Dev) — India
<https://internshala.com/internships/web-development-internship/>

- 🤖 AI Engineer
- 🎓 Web Development Internships: 331+ Web Development Intern Jobs

## Internshala (Python) — India
<https://internshala.com/internships/python-internship/>

- 🎓 Python Internships: Find 261 Python Intern Jobs

## Internshala (Full Stack) — India
<https://internshala.com/internships/full-stack-development-internship/>

- 🎓 💻 Full Stack Development Internships: 103+ Full Stack Development Intern Jobs

## Internshala (Frontend) — India
<https://internshala.com/internships/front-end-development-internship/>

- 🎓 💻 Front End Development Internships: Find 109 Front End Development Intern Jobs

## Internshala (Backend) — India
<https://internshala.com/internships/back-end-development-internship/>

- 🤖 AI Engineer
- 🎓 💻 Backend Development Internships: Find 122 Backend Development Intern Jobs

## Internshala (App Dev) — India
<https://internshala.com/internships/mobile-app-development-internship/>

- 🎓 Mobile App Development Internships: Find 66 Mobile App Development Intern Jobs

## Internshala (Bangalore) — Bengaluru
<https://internshala.com/internships/internship-in-bangalore/>

- 🎓 Event Management - Game Host - Internship (Part Time)

## Internshala (Hyderabad) — Hyderabad
<https://internshala.com/internships/internship-in-hyderabad/>

- 🎓 Trainee Counsellor

## Internshala (Ahmedabad) — Ahmedabad
<https://internshala.com/internships/internship-in-ahmedabad/>

- 🎓 Business Growth And Operations Internship

## YC Work at a Startup — Remote
<https://www.workatastartup.com/jobs>

- 🤖 ML Engineer

## AICTE Internship Portal — India
<https://internship.aicte-india.org/>

- 🎓 1 Crore Internship By 2027 | 79,57,193+ Internships | 82240 Companies

## Airwallex — Singapore
<https://www.airwallex.com/careers>

- 🎓 Senior Associate, Revenue Strategy & Enablement, EMEA Operations Management Operations Management • Amsterdam Amsterdam , EMEA Amsterdam
- 💻 Senior Software Engineer, Infrastructure (Cloud Governance) Engineering Engineering • Singapore APAC , Singapore Singapore
- 💻 Senior Software Engineer, Yield Engineering Engineering • Sydney APAC , Sydney Sydney

# 🔔 New career-page entries — 2026-07-09T19:46:45

## Accenture — Bengaluru
<https://www.accenture.com/in-en/careers/jobsearch?fl=Bengaluru>

- 🎓 Business Advisory Associate
- 🎓 Business Advisory Associate-Voice
- 💻 Custom Software Engineer
- 🎓 Order to Cash Operations Associate
- 🎓 Software/Application/Cloud Tech Support Associate

## Accenture — Hyderabad
<https://www.accenture.com/in-en/careers/jobsearch?fl=Hyderabad>

- 🎓 Business Advisory Associate
- 🎓 Business Advisory Associate-Voice
- 💻 Custom Software Engineer
- 🎓 Order to Cash Operations Associate
- 🎓 Software/Application/Cloud Tech Support Associate

## Accenture — Pune
<https://www.accenture.com/in-en/careers/jobsearch?fl=Pune>

- 🎓 Business Advisory Associate
- 🎓 Business Advisory Associate-Voice
- 💻 Custom Software Engineer
- 🎓 Order to Cash Operations Associate
- 🎓 Software/Application/Cloud Tech Support Associate

## Accenture — Gurugram
<https://www.accenture.com/in-en/careers/jobsearch?fl=Gurugram>

- 🎓 Business Advisory Associate
- 🎓 Business Advisory Associate-Voice
- 💻 Custom Software Engineer
- 🎓 Order to Cash Operations Associate
- 🎓 Software/Application/Cloud Tech Support Associate

## Capgemini — India
<https://www.capgemini.com/in-en/careers/join-capgemini/job-search/>

- 🤖 GCP Data Engineer Bangalore, Bhubaneswar, Chennai (ex Madras), Coimbatore, Gandhinagar + 13 Data & AI Permanent Experienced Professionals

## IBM — India
<https://www.ibm.com/in-en/careers/career-opportunities>

- 🎓 Entry Level Technical Sales Specialist Automation - Netherlands

## Cognizant — India
<https://careers.cognizant.com/global-en/jobs/>

- 🤖 Consulting Manager – Change Management, AI Adoption & Copilot Enablement
- 🎓 🤖 Entry-Level Engineer – Python, Data Analytics & Generative AI Life Sciences Commercial

## Tech Mahindra — India
<https://careers.techmahindra.com/>

- 💻 Senior full Stack Developer
- 💻 Sr Software Developer

## Cognizant — India
<https://careers.cognizant.com/india-en/jobs/>

- 🤖 Consulting Manager – Change Management, AI Adoption & Copilot Enablement
- 🎓 🤖 Entry-Level Engineer – Python, Data Analytics & Generative AI Life Sciences Commercial

## Internshala (ML) — India
<https://internshala.com/internships/machine-learning-internship/>

- 🎓 🤖 Machine Learning Internships: Find 139 Machine Learning Intern Jobs

## Internshala (SDE) — India
<https://internshala.com/internships/software-development-internship/>

- 🎓 💻 Software Development Internships: 211+ Software Development Intern Jobs

## Internshala (AI) — India
<https://internshala.com/internships/artificial-intelligence-internship/>

- 🎓 🤖 Artificial intelligence Internships: Find 160 Artificial intelligence Intern Jobs

## Amazon India — India
<https://www.amazon.jobs/en/search?base_query=intern&loc_query=India>

- 🎓 💻 Software Development Intern, Intech

## Qualcomm — India
<https://careers.qualcomm.com/careers>

- 🤖 AI Performance Engineer (Competitive & Network Analysis) - Riyadh, KSA Riyadh, Saudi Arabia Systems Engineering Posted 20 hours ago
- 🤖 Infrastructure & Site Reliability Engineer – Datacentre AI Engineering - Riyadh, KSA
- 🤖 Sr Staff DFT Engineer - NPU/AI Processor Bangalore, Karnātaka, India Hardware Engineering Posted 20 hours ago
- 🤖 Staff Engineer-C++ , Embedded, AI/ML, GenAI,edge aing Hyderabad, Telangana, India Software Engineering Posted 20 hours ago

## Kore.ai — Hyderabad
<https://kore.ai/careers/>

- 🤖 Lead AI Customer Engineer — Fanatic Customer Support

## AMD India — Bengaluru
<https://careers.amd.com/careers-home>

- 🤖 💻 GenAI Software Development Architect
- 🤖 💻 GenAI Software Development Engineer
- 🤖 Senior Manager - HPC & AI System Application Performance Engineering

## Cashfree — Bengaluru
<https://www.cashfree.com/careers/>

- 🎓 Associate Director - Banking & Alliance Product
- 💻 Software Development Engineer - 3

## Thunes — Singapore
<https://www.thunes.com/careers/>

- 🎓 Enterprise Singapore Graduate Scheme

## Internshala (Data Science) — India
<https://internshala.com/internships/data-science-internship/>

- 🎓 🤖 Data Science Internships: Find 333 Data Science Intern Jobs

## Internshala (Web Dev) — India
<https://internshala.com/internships/web-development-internship/>

- 🎓 Web Development Internships: 317+ Web Development Intern Jobs

## Internshala (Python) — India
<https://internshala.com/internships/python-internship/>

- 🎓 Python Internships: Find 249 Python Intern Jobs

## Internshala (Full Stack) — India
<https://internshala.com/internships/full-stack-development-internship/>

- 🎓 💻 Full Stack Development Internships: 96+ Full Stack Development Intern Jobs

## Internshala (Frontend) — India
<https://internshala.com/internships/front-end-development-internship/>

- 🎓 💻 Front End Development Internships: Find 105 Front End Development Intern Jobs

## Internshala (Backend) — India
<https://internshala.com/internships/back-end-development-internship/>

- 🎓 💻 Backend Development Internships: Find 111 Backend Development Intern Jobs

## Internshala (App Dev) — India
<https://internshala.com/internships/mobile-app-development-internship/>

- 🎓 Mobile App Development Internships: Find 64 Mobile App Development Intern Jobs

## YC Work at a Startup — Remote
<https://www.workatastartup.com/jobs>

- 🎓 Electrical Engineering Intern
- 💻 Fullstack Engineer
- 🎓 Intern
- 🎓 Software Engineering Intern
- 💻 Staff Software Engineer, SMS Team (Fullstack)

## AICTE Internship Portal — India
<https://internship.aicte-india.org/>

- 🎓 1 Crore Internship By 2027 | 79,57,193+ Internships | 82241 Companies

## Airwallex — Singapore
<https://www.airwallex.com/careers>

- 🎓 Associate Director, Obligations Management Regulatory & Compliance Regulatory & Compliance • London EMEA , London London
- 🎓 Senior Associate, Revenue Strategy & Enablement, EMEA Operations Management London
- 💻 Staff Software Engineer, Scale Engineering London

## Moon Technolabs — Ahmedabad
<https://www.moontechnolabs.com/career-with-us/>

- 🎓 Experience: Fresher
- 🎓 Trainee Business Development Executive
- 🎓 Trainee Product Sales Executive
- 🎓 Trainee Video Creator

# 🔔 New career-page entries — 2026-07-10T09:42:53

## GIFT City (aggregator) — Gandhinagar
<https://giftgujarat.in/company-job-openings>

- Deputy Manager - Manager

## Accenture — Bengaluru
<https://www.accenture.com/in-en/careers/jobsearch?fl=Bengaluru>

- 🤖 Enterprise AI Value Strategy Manager
- 🤖 Enterprise AI Value Strategy Senior Manager
- 💻 Full Stack Engineering Senior Manager
- 🤖 IMU - AI & Data Manager
- 🎓 Strategy Innovation Associate Director
- 🎓 Workplace Service Delivery Associate Manager
- 🎓 Workplace Service Delivery Associate Manager-Events

## Accenture — Hyderabad
<https://www.accenture.com/in-en/careers/jobsearch?fl=Hyderabad>

- 🤖 Enterprise AI Value Strategy Manager
- 🤖 Enterprise AI Value Strategy Senior Manager
- 💻 Full Stack Engineering Senior Manager
- 🤖 IMU - AI & Data Manager
- 🎓 Strategy Innovation Associate Director
- 🎓 Workplace Service Delivery Associate Manager
- 🎓 Workplace Service Delivery Associate Manager-Events

## Accenture — Pune
<https://www.accenture.com/in-en/careers/jobsearch?fl=Pune>

- 🤖 Enterprise AI Value Strategy Manager
- 🤖 Enterprise AI Value Strategy Senior Manager
- 💻 Full Stack Engineering Senior Manager
- 🤖 IMU - AI & Data Manager
- 🎓 Strategy Innovation Associate Director
- 🎓 Workplace Service Delivery Associate Manager
- 🎓 Workplace Service Delivery Associate Manager-Events

## Accenture — Gurugram
<https://www.accenture.com/in-en/careers/jobsearch?fl=Gurugram>

- 🤖 Enterprise AI Value Strategy Manager
- 🤖 Enterprise AI Value Strategy Senior Manager
- 💻 Full Stack Engineering Senior Manager
- 🤖 IMU - AI & Data Manager
- 🎓 Strategy Innovation Associate Director
- 🎓 Workplace Service Delivery Associate Manager
- 🎓 Workplace Service Delivery Associate Manager-Events

## Capgemini — India
<https://www.capgemini.com/in-en/careers/join-capgemini/job-search/>

- 🎓 Associate Business Advisor Chennai (ex Madras) Business Analysis Permanent Experienced Professionals
- 🎓 Associate Record to Analyze Process Expert Noida Finance Permanent Experienced Professionals

## IBM — India
<https://www.ibm.com/in-en/careers/career-opportunities>

- 🎓 🤖 Graduate / Associate - SAP AI Orchestration Consultant
- 🎓 🤖 Graduate/Associate - SAP AI Platform Consultant
- 🎓 🤖 Junior Data Scientist / AI Engineer

## IBM — India
<https://www.ibm.com/in-en/careers/search>

- 🎓 Cloud Master@IBM IBM Cloud Technical Sales Specialist (f/m/x) Internship KOELN, DE
- 🎓 Consulting Business Transformation Consultant-Banking Internship Islamabad, PK
- 🤖 Consulting Technical Consultant-AI Integration Professional Bangalore, IN
- 🎓 Infrastructure & Technology Associate Technical SAP Package Specialist (September 2026 - Calgary) Entry Level Calgary, CA
- 🎓 Internship (98)
- 🎓 Project Management Estágio na área de Internal Controls Internship HORTOLANDIA, BR
- 🎓 Sales Brand Technical Specialist Entry Level Esch-sur-Alzette, LU
- 🎓 Sales Entry Level Technical Sales Specialist Entry Level Bucharest, RO
- 🎓 Sales Entry level Technical Sales Specialist Data - IBM Denmark (incl. Assignment in Valencia) Entry Level COPENHAGEN, DK
- 💻 Software Engineering Application Developer-Cloud FullStack Professional Hyderabad, IN

## Cognizant — India
<https://careers.cognizant.com/global-en/jobs/>

- 🤖 Gen AI Automation Architect
- 💻 Software Engineer
- 🎓 🤖 Sr Associate-Data Science

## Tech Mahindra — India
<https://careers.techmahindra.com/>

- 💻 Sr. Software Engineer

## Cognizant — India
<https://careers.cognizant.com/india-en/jobs/>

- 🤖 Gen AI Automation Architect
- 💻 Software Engineer
- 🎓 🤖 Sr Associate-Data Science

## Swiggy — Bengaluru
<https://careers.swiggy.com/>

- Key Account Manager II

## IOCL — India
<https://iocl.com/latest-job-openings>

- 🎓 Mozilla/5.0 (compatible; CareerWatch/1.0; internship-outreach)

## Internshala (ML) — India
<https://internshala.com/internships/machine-learning-internship/>

- 🎓 🤖 Machine Learning Internships: Find 140 Machine Learning Intern Jobs

## Internshala (SDE) — India
<https://internshala.com/internships/software-development-internship/>

- 🎓 💻 Associate Software Engineer
- 💻 Full Stack Developer
- 🎓 💻 Software Development Internships: 219+ Software Development Intern Jobs

## Internshala (AI) — India
<https://internshala.com/internships/artificial-intelligence-internship/>

- 🎓 🤖 Artificial intelligence Internships: Find 162 Artificial intelligence Intern Jobs
- 🎓 💻 Associate Software Engineer
- 🎓 Founding Business Development And Marketing Associate

## YCombinator Jobs — Bengaluru
<https://www.ycombinator.com/jobs/location/bengaluru>

- 🤖 Vahan (S19) • AI recruiter for India's massive blue-collar workforce ( 17 days ago)
- 🤖 Vahan (S19) • AI recruiter for India's massive blue-collar workforce ( 4 days ago)

## Qualcomm — India
<https://careers.qualcomm.com/careers>

- 🎓 🤖 Engineer/Associate Engineer - AI Platform Hyderabad, Telangana, India Software Engineering Posted 10 hours ago

## Arcesium — Bengaluru
<https://careers.arcesium.com/>

- 💻 Software Engineer

## Kore.ai — Hyderabad
<https://kore.ai/careers/>

- 🤖 AI Solution Sales Specialist
- 💻 Software Engineer/Senior Software Engineer - Technical Support

## AMD India — Bengaluru
<https://careers.amd.com/careers-home>

- 💻 Senior Software Development Engineer

## KPIT — Pune
<https://www.kpit.com/careers/>

- 🎓 Mozilla/5.0 (compatible; CareerWatch/1.0; internship-outreach)

## Internshala Noida — Noida
<https://internshala.com/internships/internship-in-noida/>

- 🎓 Sales Executive Intern

## Internshala Gurgaon — Gurugram
<https://internshala.com/internships/internship-in-gurgaon/>

- 🎓 Internships in Gurgaon: Top 3282 Paid Internship in Gurgaon
- 🎓 Sales Executive Intern

## Grab — Singapore
<https://grab.careers/>

- 🎓 Account Executive Associate
- 🎓 Credit Operation Associate
- 🎓 GRIT Trainee

## MyCareersFuture (SDE) — Singapore
<https://www.mycareersfuture.gov.sg/search?search=software+engineer&sortBy=new_posting_date>

- 🎓 If you are a fresh graduate looking for a traineeship opportunity
- 🎓 Junior Executive

## Wingify — Pune
<https://wingify.com/careers/>

- 🤖 GenAI Engineer
- 💻 Senior Software Engineer - Backend & Search
- 💻 Senior Software Engineer - Client Services
- 💻 Software Engineer - QA (Client Services team)
- 💻 Software Engineer – Backend (Commerce)
- 💻 Software Engineer – Full Stack

## Seclore — Pune
<https://www.seclore.com/company/careers/>

- 🎓 Mozilla/5.0 (compatible; CareerWatch/1.0; internship-outreach)

## Baraka — Dubai
<https://getbaraka.com/careers>

- 🎓 Mozilla/5.0 (compatible; CareerWatch/1.0; internship-outreach)

## Internshala (Data Science) — India
<https://internshala.com/internships/data-science-internship/>

- 🎓 💻 Associate Software Engineer
- 🎓 🤖 Data Science Internships: Find 337 Data Science Intern Jobs
- 🎓 MIS Intern

## Internshala (Web Dev) — India
<https://internshala.com/internships/web-development-internship/>

- 🎓 💻 Associate Software Engineer
- 💻 Full Stack Developer
- 🎓 Web Development Internships: 321+ Web Development Intern Jobs

## Internshala (Python) — India
<https://internshala.com/internships/python-internship/>

- 🎓 💻 Associate Software Engineer
- 🎓 Python Internships: Find 258 Python Intern Jobs

## Internshala (Full Stack) — India
<https://internshala.com/internships/full-stack-development-internship/>

- 🎓 💻 Associate Software Engineer
- 💻 Full Stack Developer
- 🎓 💻 Full Stack Development Internships: 100+ Full Stack Development Intern Jobs

## Internshala (Frontend) — India
<https://internshala.com/internships/front-end-development-internship/>

- 🎓 💻 Front End Development Internships: Find 103 Front End Development Intern Jobs
- 💻 Full Stack Developer

## Internshala (Backend) — India
<https://internshala.com/internships/back-end-development-internship/>

- 🎓 💻 Associate Software Engineer
- 🎓 💻 Backend Development Internships: Find 110 Backend Development Intern Jobs

## Internshala (App Dev) — India
<https://internshala.com/internships/mobile-app-development-internship/>

- 🎓 Mobile App Development Internships: Find 66 Mobile App Development Intern Jobs

## YC Work at a Startup — Remote
<https://www.workatastartup.com/jobs>

- 💻 Founding Software Engineer
- 💻 Senior Software Engineer, Journeys Team (Fullstack)

## Rupeek — Bengaluru
<https://rupeek.com/careers>

- 🎓 Senior Manager/ Associate Director - Lender Partnerships Location: Bengaluru, Karnataka, India 31 minutes ago

## Airwallex — Singapore
<https://www.airwallex.com/careers>

- 🤖 Engineering Lead, Infrastructure (Data & AI) Engineering Engineering • Singapore APAC , Singapore Singapore
- 💻 Staff Software Engineer, Onboarding Team Engineering Engineering • Singapore APAC , Singapore Singapore

## Entropik — Bengaluru
<https://www.entropik.io/careers>

- 🤖 AI Engineer 17 days ago Chennai 2-3 years Full Time
- 🤖 Senior AI Engineer 21 days ago Chennai 4-6 years Full Time
- 💻 Senior Backend Engineer 4 days ago Chennai , Chennai 3-6 years Full Time
- 💻 Senior Software Engineer - Backend + DevOps 7 days ago Chennai 3-6 years Full Time

## Softweb Solutions — Ahmedabad
<https://www.softwebsolutions.com/careers.html>

- 🎓 Intern

## Moon Technolabs — Ahmedabad
<https://www.moontechnolabs.com/career-with-us/>

- 💻 Full Stack Developer

# 🔔 New career-page entries — 2026-07-10T14:26:42

## Capgemini — India
<https://www.capgemini.com/in-en/careers/join-capgemini/job-search/>

- 💻 Lead Software Engineer Bangalore Software Engineering Permanent Experienced Professionals
- 💻 Lead Software Engineer Hyderabad Software Engineering Permanent Experienced Professionals
- 💻 Lead Software Engineer Pune Software Engineering Permanent Experienced Professionals
- 💻 Senior Software Engineer Bangalore Software Engineering Permanent Experienced Professionals

## Keka HR — Hyderabad
<https://www.keka.com/careers>

- Hiring & Onboarding
- Hiring & Onboarding Create a great candidate experience before and after joining
- Hiring Software
- We are hiring !

## Peoplebox — Bengaluru
<https://www.peoplebox.ai/careers>

- 🎓 Associate Product Manager (APM) 65 days ago BANGALORE Full Time
- Content Marketing Manager 340 days ago BANGALORE 4-6 Full Time
- SEO Lead 224 days ago BANGALORE 4-6 Full Time
- 💻 Senior Backend Engineer 336 days ago BANGALORE 5-9 Full Time
- Talent Acquisition Lead 114 days ago BANGALORE 5+ Full Time

## Swiggy — Bengaluru
<https://careers.swiggy.com/>

- Senior Executive - Customer Delight
- Senior Executive - ORM

## Meesho — Bengaluru
<https://www.meesho.io/jobs>

- Assistant Manager - Business Finance Finance, Legal & PR Bangalore, Karnataka

## Internshala (ML) — India
<https://internshala.com/internships/machine-learning-internship/>

- 🎓 🤖 Machine Learning Internships: Find 142 Machine Learning Intern Jobs

## Internshala (SDE) — India
<https://internshala.com/internships/software-development-internship/>

- 🎓 💻 Software Development Internships: 223+ Software Development Intern Jobs

## Internshala (AI) — India
<https://internshala.com/internships/artificial-intelligence-internship/>

- 🎓 🤖 Artificial intelligence Internships: Find 166 Artificial intelligence Intern Jobs

## YCombinator Jobs — Bengaluru
<https://www.ycombinator.com/jobs/location/bengaluru>

- 🎓 Internship

## Qualcomm — India
<https://careers.qualcomm.com/careers>

- 🤖 Machine Learning Engineer Xian, Shaanxi, China + 1 more Software Engineering Posted 14 hours ago

## Wadhwani AI — India
<https://www.wadhwaniai.org/careers/>

- 🎓 Senior Associate, Capacity Building

## Optiver — Mumbai
<https://www.optiver.com/working-at-optiver/career-opportunities/>

- 💻 Software Engineer - Research Infrastructure

## AMD India — Bengaluru
<https://careers.amd.com/careers-home>

- 🎓 Graduate Trainee - Financial Accountant (Rebate)

## KPIT — Pune
<https://www.kpit.com/careers/>

- 🎓 Whether you're an experienced professional or a recent graduate, find your next opportunity and join our dynamic team today!

## Internshala Chennai — Chennai
<https://internshala.com/internships/internship-in-chennai/>

- 🎓 Intern – Accounts

## Internshala Noida — Noida
<https://internshala.com/internships/internship-in-noida/>

- 🎓 Graphic Design Trainee

## Internshala Gurgaon — Gurugram
<https://internshala.com/internships/internship-in-gurgaon/>

- 🎓 Graphic Design Trainee
- 🎓 Internships in Gurgaon: Top 3351 Paid Internship in Gurgaon

## Cashfree — Bengaluru
<https://www.cashfree.com/careers/>

- 🎓 Associate Director - Banking & Alliance Product
- 💻 Software Development Engineer - 3

## Signzy — Bengaluru
<https://www.signzy.com/careers/>

- 🎓 Associate Director - Enterprise Sales 871 days ago Chennai 7 years - 10 years Full Time
- 🎓 Lead Generation Associate 2 days ago Bangalore 1 to 3 Full Time
- 🎓 Partnership Intern 2 days ago Mumbai 0 to 1 Full Time
- 🎓 Sales Associate 17 days ago Mumbai 1 - 2 years Full Time

## Thunes — Singapore
<https://www.thunes.com/careers/>

- 🎓 Enterprise Singapore Graduate Scheme

## Yulu — Bengaluru
<https://www.yulu.bike/careers/>

- 🎓 Associate Director

## Tekion — Bengaluru
<https://tekion.com/careers>

- 💻 Architect, Software Engineering - Frontend - Integration

## eSparkBiz — Ahmedabad
<https://www.esparkinfo.com/careers>

- 🤖 Hire AI Solution Architect

## Internshala (Data Science) — India
<https://internshala.com/internships/data-science-internship/>

- 🎓 🤖 Data Science Internships: Find 341 Data Science Intern Jobs

## Internshala (Web Dev) — India
<https://internshala.com/internships/web-development-internship/>

- 🎓 Web Development Internships: 329+ Web Development Intern Jobs

## Internshala (Python) — India
<https://internshala.com/internships/python-internship/>

- 🎓 Python Internships: Find 261 Python Intern Jobs

## Internshala (Frontend) — India
<https://internshala.com/internships/front-end-development-internship/>

- 🎓 💻 Front End Development Internships: Find 104 Front End Development Intern Jobs
- 💻 MERN Stack Web Developer

## Internshala (Backend) — India
<https://internshala.com/internships/back-end-development-internship/>

- 🎓 💻 Backend Development Internships: Find 111 Backend Development Intern Jobs

## Internshala (App Dev) — India
<https://internshala.com/internships/mobile-app-development-internship/>

- 🎓 Mobile App Development Internships: Find 67 Mobile App Development Intern Jobs

## YC Work at a Startup — Remote
<https://www.workatastartup.com/jobs>

- 🎓 Intern
- 🤖 ML Engineer
- 💻 Senior Software Engineer, Email Team
- 🎓 Software Engineering Intern

## AICTE Internship Portal — India
<https://internship.aicte-india.org/>

- 🎓 1 Crore Internship By 2027 | 79,57,193+ Internships | 82243 Companies

## Rupeek — Bengaluru
<https://rupeek.com/careers>

- 🎓 Associate Product Manager Location: Bengaluru, Karnataka, India 3 weeks ago
- 🎓 Senior Manager/ Associate Director - Lender Partnerships Location: Bengaluru, Karnataka, India 7 hours ago

## Nitor Infotech — Pune
<https://www.nitorinfotech.com/careers/>

- 🎓 Associate Director
- 🎓 Associate Engineering Manager
- 💻 Software Engineer
- 🎓 💻 Trainee Software Engineer

## Airwallex — Singapore
<https://www.airwallex.com/careers>

- 🎓 Senior Associate, Revenue Strategy & Enablement, EMEA Operations Management Amsterdam
- 💻 Senior Backend Engineer, Spend Team (Cards) Engineering Engineering • Melbourne APAC , Melbourne Melbourne
- 🤖 Senior Data Scientist, GTM Engineering Engineering • San Francisco Americas , San Francisco San Francisco

## Wysa — Bengaluru
<https://www.wysa.com/careers>

- 🎓 💻 Associate Full Stack Engineer

## Nevina Infotech — Ahmedabad
<https://nevinainfotech.com/career>

- 💻 Hire Web Developer

## NectarBits — Ahmedabad
<https://nectarbits.com/career>

- 💻 Cost to Hire Full Stack Developer

## Bitcot — Ahmedabad
<https://www.bitcot.com/careers/>

- 💻 Hire Full Stack Developer
- 🎓 Junior NodeJS Developer
- 🎓 Junior PHP Developer
- 🎓 Junior ReactJS Developer
- 🎓 Junior WordPress Developer
- 💻 Senior Web Developer

## Nettechnocrats — Ahmedabad
<https://www.nettechnocrats.com/careers/>

- 💻 We develop innovative digital solutions that enhance Software Development, Cloud & DevOps etc.

## Nevina Infotech — Ahmedabad
<https://www.nevinainfotech.com/careers>

- 🎓 Fresher
- 💻 Hire Web Developer
- 🤖 Job Title: Content Marketing & Link Building Specialist (AI-Driven SEO Expert)
- 🤖 SEO - Content Marketing & Link Building Specialist (AI-Driven SEO Expert)

## Alian Software — Ahmedabad
<https://www.aliansoftware.com/careers/>

- 🤖 AI product designer
- 💻 Full-stack engineer
- 🤖 Senior AI / ML engineer

## Mindpath Technology — Ahmedabad
<https://www.mindpathtech.com/careers/>

- 🎓 Business Development Intern
- 🎓 Employment Type - Internship
- 🎓 💻 Frontend Developer Intern
- 🎓 Python Intern

## Appventurez — Noida
<https://www.appventurez.com/careers>

- 🤖 AI/ML Engineer
- 🤖 Data Scientist
- 🎓 From Intern to Expert: Your Growth Journey with Appventurez

# 🔔 New career-page entries — 2026-07-10T19:27:28

## Capgemini — India
<https://www.capgemini.com/in-en/careers/join-capgemini/job-search/>

- 🤖 GCP Data Engineer Bangalore, Bhubaneswar, Chennai (ex Madras), Coimbatore, Gandhinagar + 13 Data & AI Permanent Experienced Professionals
- 🤖 Python Developer Pune, Chennai (ex Madras), Hyderabad, Mumbai (ex Bombay), Bangalore Data & AI Permanent Experienced Professionals

## Cognizant — India
<https://careers.cognizant.com/global-en/jobs/>

- 🤖 Kore. Ai Developer
- 🤖 Senior Developer Conversational AI

## Cognizant — India
<https://careers.cognizant.com/india-en/jobs/>

- 🤖 Kore. Ai Developer
- 🤖 Senior Developer Conversational AI

## Internshala (ML) — India
<https://internshala.com/internships/machine-learning-internship/>

- 🎓 🤖 Machine Learning Internships: Find 134 Machine Learning Intern Jobs

## Internshala (SDE) — India
<https://internshala.com/internships/software-development-internship/>

- 🎓 💻 Software Development Internships: 216+ Software Development Intern Jobs

## Internshala (AI) — India
<https://internshala.com/internships/artificial-intelligence-internship/>

- 🎓 🤖 Artificial intelligence Internships: Find 162 Artificial intelligence Intern Jobs

## Qualcomm — India
<https://careers.qualcomm.com/careers>

- 💻 Data Centre Software Engineer - Rack Management - Riyadh, KSA Riyadh, Saudi Arabia Software Engineering Posted 19 hours ago
- 🤖 Machine Learning & Generative AI Engineer, up to Staff Hsinchu City, Hsinchu City, Taiwan Hardware Engineering Posted 19 hours ago
- 💻 QGOV Security Software Engineer San Diego, California, United States of America Software Engineering Posted 19 hours ago

## Arcesium — Bengaluru
<https://careers.arcesium.com/>

- 💻 Software Engineer

## Kore.ai — Hyderabad
<https://kore.ai/careers/>

- 🤖 AI Solution Sales Specialist
- 💻 Software Engineer/Senior Software Engineer - Technical Support

## AMD India — Bengaluru
<https://careers.amd.com/careers-home>

- 🤖 Sr Agentic AI Solutions Engineer

## Tabby — Dubai
<https://tabby.ai/careers>

- 🎓 🤖 AI Intern KSA
- 🎓 AML Associate KSA
- 🎓 Compliance Associate Egypt
- 🎓 DBA Intern KSA
- 🎓 DevOps Intern KSA
- 🎓 FinOps Associate KSA
- 🎓 Information Security Intern KSA
- 🎓 💻 Intern Backend (Go) Engineer KSA
- 🎓 Intern QA Engineer KSA
- 🎓 Risk Associate Egypt
- 💻 Senior Backend Engineer II Remote
- 🎓 Senior Tax Associate KSA
- 🤖 Technical Project Manager (AI focus) Remote

## MyCareersFuture (SDE) — Singapore
<https://www.mycareersfuture.gov.sg/search?search=software+engineer&sortBy=new_posting_date>

- 🎓 If you are a fresh graduate looking for a traineeship opportunity
- 🎓 Junior Executive

## Gramener — Hyderabad
<https://gramener.com/careers/>

- 🤖 Data Scientist
- 🤖 Data Scientist Bangalore Validate the models developed against statistical robustness and business sense.
- 🎓 Internship is processed with technical assessment followed by discussion with the hiring manager.
- 🎓 Junior UI/UX Engineer Hyderabad/ Collaborate with marketing and sales teams to design and implement website updates and landing pages.
- 🤖 Lead Data Science Engineer at Gramener
- 🤖 Lead Data Scientist – SFE Analytics Hyderabad Worked extensively on SFE Analytics (Pharma preferred).
- 🤖 Python Developer – GenAI/NLP Integration Hyderabad/Bangalore Core Python Development: 4–8 years of hands-on experience.
- 💻 Senior Full-Stack Developer Bangalore AWS or Azure cloud, Server management with basic visualization.
- 🎓 What is your process for Campus Hiring?

## To The New — Noida
<https://www.tothenew.com/careers>

- 🎓 Associate Quality Engineering Lead
- 🎓 Associate Quality Engineering Lead 6-8 years Noida

## Internshala (Data Science) — India
<https://internshala.com/internships/data-science-internship/>

- 🎓 🤖 Data Science Internships: Find 324 Data Science Intern Jobs

## Internshala (Web Dev) — India
<https://internshala.com/internships/web-development-internship/>

- 🎓 Web Development Internships: 318+ Web Development Intern Jobs

## Internshala (Python) — India
<https://internshala.com/internships/python-internship/>

- 🎓 Python Internships: Find 252 Python Intern Jobs

## Internshala (Full Stack) — India
<https://internshala.com/internships/full-stack-development-internship/>

- 🎓 💻 Full Stack Development Internships: 94+ Full Stack Development Intern Jobs

## Internshala (Frontend) — India
<https://internshala.com/internships/front-end-development-internship/>

- 🎓 💻 Front End Development Internships: Find 98 Front End Development Intern Jobs

## Internshala (Backend) — India
<https://internshala.com/internships/back-end-development-internship/>

- 🎓 💻 Backend Development Internships: Find 106 Backend Development Intern Jobs

## Internshala (App Dev) — India
<https://internshala.com/internships/mobile-app-development-internship/>

- 🎓 Mobile App Development Internships: Find 68 Mobile App Development Intern Jobs

## FreshersWorld — India
<https://www.freshersworld.com/jobs/jobsearch/internship-jobs>

- 🎓 0 (Fresher)
- 🎓 45 Fresher Internship Job vacancies 2026
- 🎓 45 Latest Internship Training 2026 (Internship & Jobs). Updated on 11 July 2026)
- 🤖 AI Developer
- 🤖 AI Developer Jobs
- 🤖 AI ML Engineer
- 🤖 AI ML Engineer Jobs
- 🎓 ARE YOU A FRESHER?
- 🎓 ASSOCIATE
- 🎓 ASSOCIATE CSR
- 🎓 ASSOCIATE CSR Jobs
- 🎓 ASSOCIATE Jobs
- 🎓 Accountant Trainee Jobs Opening in Pearl Lemon at Central Delhi, Delhi Cantt., Delhi-Others, Bangalore, Mumbai, Delhi
- 🎓 Accounting Associate
- 🎓 Accounting Associate Jobs
- 🎓 Accounts Trainee
- 🎓 Accounts Trainee Jobs
- 🎓 Actuarial Associate
- 🎓 Actuarial Associate Jobs
- 💻 Analyst Programmer
- 💻 Analyst Programmer Jobs
- 🎓 Analytical Associate
- 🎓 Analytical Associate Jobs
- 🎓 Apply to Accountant Trainee Jobs in Pearl Lemon, Bangalo...
- 🎓 Apply to B2B Sales Intern Jobs in Uniserv.Tech, Mumbai f...
- 🎓 Apply to B2B Sales Intern Jobs in Value Score Business S...
- 🎓 Apply to Marketing Intern Jobs in P3 Infotech Solutions ...
- 🎓 Apply to Music-Tech Studio Fellow / Intern Jobs in Nath...
- 🎓 Apply to Outreach Intern Rojgaar Jobs in Rojgaar, Mumba...
- 🎓 Apply to QA Intern Jobs in Instawork, Bangalore from 0 t...
- 🤖 Apply to Software AI Testing Jobs in PRAM EDUCATE IT SO...
- 🎓 Apply to Software Tester Trainee Jobs in Spraxa Solution...
- 🎓 Apply to the Latest Internship Now on Freshersworld!
- 🎓 Apprentice trainee
- 🎓 Apprentice trainee Jobs
- 🎓 Apprentice trainee engineering
- 🎓 Apprentice trainee engineering Jobs
- 🎓 Associate - Logistics
- 🎓 Associate - Logistics Jobs
- 🎓 Associate - Supply Chain
- 🎓 Associate - Supply Chain Jobs
- 🎓 Associate -HR
- 🎓 Associate -HR Jobs
- 🎓 Associate Accounts Payble
- 🎓 Associate Accounts Payble Jobs
- 🎓 Associate Banking Operations
- 🎓 Associate Banking Operations Jobs
- 🎓 Associate Business Analyst
- 🎓 Associate Business Analyst Jobs
- 🎓 Associate Consultant
- 🎓 Associate Consultant Jobs
- 🎓 Associate Customer
- 🎓 Associate Customer Jobs
- 🎓 Associate Customer Support
- 🎓 Associate Customer Support Jobs
- 🎓 Associate Data Analyst
- 🎓 Associate Data Analyst Jobs
- 🎓 Associate Finance
- 🎓 Associate Finance Jobs
- 🎓 Associate HR
- 🎓 Associate HR Jobs
- 🎓 Associate Hire to Retire
- 🎓 Associate Hire to Retire Jobs
- 🎓 Associate In Process Quality
- 🎓 Associate In Process Quality Jobs
- 🎓 Associate MIS
- 🎓 Associate MIS Jobs
- 🎓 Associate Maintenance
- 🎓 Associate Maintenance Jobs
- 🎓 Associate Network Business Analytics
- 🎓 Associate Network Business Analytics Jobs
- 🎓 Associate Product Manager
- 🎓 Associate Quality Testing
- 🎓 Associate Quality Testing Jobs
- 🎓 Associate Recruiter
- 🎓 Associate Recruiter Jobs
- 🎓 💻 Associate Software Development
- 🎓 💻 Associate Software Development Jobs
- 🎓 Associate UI/UX Designer
- 🎓 Associate UI/UX Designer Jobs
- 🎓 Associate-HR
- 🎓 Associate-HR Jobs
- 🎓 Associate-Procurement
- 🎓 Associate-Procurement Jobs
- 🎓 B2B Sales Intern Jobs Opening in Uniserv.Tech at Goregaon West, Mumbai
- 🎓 B2B Sales Intern Jobs Opening in Value Score Business Solutions LLP at Andheri East, Mumbai
- 💻 Back End Developer
- 🎓 Back office Associate
- 🎓 Back office Associate Jobs
- 🎓 💻 Backend Associate
- 🎓 💻 Backend Associate Jobs
- 🎓 Browse All Internship Vacancies on Freshersworld
- 🎓 Browse these internship roles and find your ideal internship job on Freshersworld.
- 🎓 Campus Hiring Officer
- 🎓 Campus Hiring Officer Jobs
- 🎓 Campus Recruiter
- 🎓 Campus Recruiter Jobs
- 🎓 Can freshers without any prior experience get an internship in India?
- 🤖 Consultant – AI & Data Scientist
- 🤖 Consultant – AI & Data Scientist Jobs
- 💻 Content Management Web Developer
- 💻 Content Management Web Developer Jobs
- 🎓 Credit Card Associate
- 🎓 Credit Card Associate Jobs
- 🎓 Customer Support Associate
- 🎓 Customer Support Associate Jobs
- 🎓 Data Analyst Internship
- 🎓 Data Analyst Internship Jobs
- 🎓 🤖 Data Science Internship
- 🎓 🤖 Data Science Internship Jobs
- 🤖 Data Scientist
- 🤖 Data Scientist Jobs
- 🎓 Digital Associate
- 🎓 Digital Associate Jobs
- 🎓 Digital Content Management New Associate
- 🎓 Digital Content Management New Associate Jobs
- 🎓 Digital Marketing Internship
- 🎓 Digital Marketing Internship Jobs
- 🎓 Enterprise Sales Associate
- 🎓 Enterprise Sales Associate Jobs
- 🎓 Explore some of the most in-demand internship roles and internship programs available this year:
- 🎓 Field Sales Associate
- 🎓 Field Sales Associate Jobs
- 🎓 Finance Internship
- 🎓 Finance Internship Jobs
- 🎓 Floor Associate
- 🎓 Floor Associate Jobs
- 🎓 For Quality Associate
- 🎓 For Quality Associate Jobs
- 🎓 Freshersworld updates its internship listings daily with verified roles from:
- 💻 Full Stack Developer
- 💻 Fullstack Developer
- 💻 Fullstack Developer Jobs
- 🎓 GCPR Sales Associate
- 🎓 GCPR Sales Associate Jobs
- 🎓 Get notified instantly when new internship roles matching your profile are posted.
- 🎓 HR And Admin Trainee
- 🎓 HR And Admin Trainee Jobs
- 🎓 HR Associate
- 🎓 HR Associate Jobs
- 🎓 HR Service Delivery New Associate
- 🎓 HR Service Delivery New Associate Jobs
- 🎓 How important are online certifications for securing an internship?
- 🎓 Inclusive Insurance Associate
- 🎓 Inclusive Insurance Associate Jobs
- 🎓 Internship
- 🎓 Internship Jobs
- 🎓 Internship Jobs In Ahmedabad
- 🎓 Internship Jobs In Bangalore
- 🎓 Internship Jobs In Chennai
- 🎓 Internship Jobs In Delhi
- 🎓 Internship Jobs In Gurgaon
- 🎓 Internship Jobs In Hyderabad
- 🎓 Internship Jobs In Kolkata
- 🎓 Internship Jobs In Mumbai
- 🎓 Internship Jobs In Noida
- 🎓 Internship Jobs In Pune
- 🎓 Internship Jobs in your city
- 🎓 Internship Opportunities by City
- 🎓 Internship Vacancies – Your Gateway to the Latest Internships in India for Freshers
- 🎓 Inventory Squad Associate
- 🎓 Inventory Squad Associate Jobs
- 💻 Java Fullstack Developer
- 💻 Java Fullstack Developer Jobs
- 🎓 Jr Associate
- 🎓 Jr Associate Jobs
- 🎓 💻 Junior Software Developer
- 🎓 💻 Junior Software Developer Jobs
- 🎓 Keep it short, professional, and specific to each internship application.
- 🎓 Latest Internship Job Openings 2026
- 🎓 Latest Internship Jobs
- 🎓 Latest Internship Openings on Freshersworld
- 🎓 Legal Associate Legal Completions
- 🎓 Legal Associate Legal Completions Jobs
- 🎓 Loader Operation Associate
- 🎓 Loader Operation Associate Jobs
- 🎓 MANGEMENT ASSOCIATE
- 🎓 MANGEMENT ASSOCIATE Jobs
- 🤖 ML Engineer
- 🤖 ML Engineer Jobs
- 🤖 Machine Learning Engineer
- 🤖 Machine Learning Engineer Jobs
- 🤖 Machine Learning Scientist
- 🤖 Machine Learning Scientist Jobs
- 🎓 Machining Associate
- 🎓 Machining Associate Jobs
- 🎓 Management Trainee
- 🎓 Management Trainee Jobs
- 🎓 Many companies offer Pre-Placement Offers (PPOs) to top-performing interns, converting your internship into a permanent role.
- 🎓 Market Research Associate
- 🎓 Market Research Associate Jobs
- 🎓 Market Research Trainee
- 🎓 Market Research Trainee Jobs
- 🎓 Marketing Intern Jobs Opening in P3 Infotech Solutions Pvt Ltd at Gurgaon-Others, Gurgaon
- 🎓 Mechanical Trainee
- 🎓 Mechanical Trainee Jobs
- 🎓 Middle Office Risk Support Associate
- 🎓 Middle Office Risk Support Associate Jobs
- 🎓 Music-Tech Studio Fellow / Intern Jobs Opening in Nathaniel School of Music at Bangalore
- 🎓 Naps /WILP Trainee ( Production
- 🎓 Naps /WILP Trainee ( Production Jobs
- 🎓 Other Graduate
- 🎓 Other Post Graduate
- 🎓 Outreach Intern Rojgaar Jobs Opening in Rojgaar at Andheri East, Borivali West, Byculla, Mumbai, Pune, Hyderabad
- 🎓 PTP Associate
- 🎓 PTP Associate Jobs
- 🎓 Paid Internship
- 🎓 Paid Internship Jobs
- 💻 Principal Software Engineer IT
- 💻 Principal Software Engineer IT Jobs
- 🎓 Process Associate Trainee
- 🎓 Process Associate Trainee Jobs
- 🎓 Procure to Pay Associate
- 🎓 Procure to Pay Associate Jobs
- 🎓 Procure to Pay New Associate
- 🎓 Procure to Pay New Associate Jobs
- 🎓 Procurement Associate
- 🎓 Procurement Associate Jobs
- 🎓 Production Trainee
- 🎓 Production Trainee Jobs
- 🎓 Program Management Associate
- 🎓 Program Management Associate Jobs
- 🎓 Project Management Associate
- 🎓 Project Management Associate Jobs
- 🎓 QA Intern Jobs Opening in Instawork at Koramangala, Bangalore
- 🎓 Quality Assurance Trainee
- 🎓 Quality Assurance Trainee Jobs
- 🎓 Regulatory Affairs associate
- 🎓 Regulatory Affairs associate Jobs
- 🎓 Regulatory Associate
- 🎓 Regulatory Associate Jobs
- 🎓 Regulatory Operation Associate
- 🎓 Regulatory Operation Associate Jobs
- 🎓 Regulatory Operations Associate
- 🎓 Regulatory Operations Associate Jobs
- 💻 Remote Front End Developer
- 💻 Remote Front End Developer Jobs
- 💻 Remote Software Developer
- 💻 Remote Software Developer Jobs
- 💻 Remote Software Engineer
- 💻 Remote Software Engineer Jobs
- 💻 Remote Web Developer
- 💻 Remote Web Developer Jobs
- 🎓 SAP FICO Associate Consultant
- 🎓 SAP FICO Associate Consultant Jobs
- 🎓 Sales Associate
- 🎓 Sales Associate FMCG
- 🎓 Sales Associate FMCG Jobs
- 🎓 Sales Associate Jobs
- 🎓 Sales Trainee
- 🎓 Sales Trainee Jobs
- 🎓 Salesforce Trainee
- 🎓 Salesforce Trainee Jobs
- 🎓 Senior Associate
- 🎓 Senior Associate - HR
- 🎓 Senior Associate - HR Jobs
- 🎓 Senior Associate Jobs
- 🎓 Senior Associate Order to Cash
- 🎓 Senior Associate Order to Cash Jobs
- 💻 Senior Front End Developer
- 💻 Senior Front End Developer Jobs
- 💻 Senior Full Stack Developer
- 💻 Senior Full Stack Developer Jobs
- 🎓 Senior Sales Associate
- 🎓 Senior Sales Associate Jobs
- 💻 Senior Software Developer
- 💻 Senior Software Developer Jobs
- 💻 Senior Software Engineer
- 💻 Senior Software Engineer Jobs
- 🎓 Senior sale associate
- 🎓 Senior sale associate Jobs
- 🤖 Software AI Testing Jobs Opening in PRAM EDUCATE IT SOFTWARE LLP at Wakad, Pune-Others, Pune
- 💻 Software Developer
- 💻 Software Developer Jobs
- 💻 Software Engineer
- 🎓 💻 Software Engineer - Trainee
- 🎓 💻 Software Engineer - Trainee Jobs
- 💻 Software Engineer II
- 💻 Software Engineer II Jobs
- 💻 Software Engineer Jobs
- 🎓 Software Tester Trainee Jobs Opening in Spraxa Solutions Pvt Ltd. at Noida City Centre, Sector 15, Noida, Sector 18, Noida, Noida
- 💻 Sr Software Engineer
- 💻 Sr Software Engineer Jobs
- 🎓 Summer Internship
- 🎓 Summer Internship Jobs
- 🎓 Supply chain trainee
- 🎓 Supply chain trainee Jobs
- 🎓 Technical Associate
- 🎓 Technical Associate Jobs
- 🎓 Technical Support Associate
- 🎓 Technical Support Associate Jobs
- 🎓 Tele Calling Associate Sales A
- 🎓 Tele Calling Associate Sales A Jobs
- 🎓 Tips to Get Selected for an Internship
- 🎓 To stand out in the competitive landscape of internship applications:
- 🎓 Top Internship Roles Hiring in India (2026)
- 🎓 Trainee Apprentice
- 🎓 Trainee Apprentice Jobs
- 🎓 Trainee EGC
- 🎓 Trainee EGC Jobs
- 🎓 Trainee Engineer
- 🎓 Trainee Engineer Jobs
- 🎓 Trainee Operator
- 🎓 Trainee Operator Jobs
- 🎓 Trainee Store Risk Management
- 🎓 Trainee Store Risk Management Jobs
- 🎓 Transaction Processing New Associate
- 🎓 Transaction Processing New Associate Jobs
- 🎓 Transaction processing associate
- 🎓 Transaction processing associate Jobs
- 💻 Web Developer
- 💻 Web Developer Jobs
- 🎓 What is the best way to find verified internship opportunities in India?
- 🎓 Work From Home Internship
- 🎓 Work From Home Internship Jobs
- 🎓 franchise associate
- 🎓 franchise associate Jobs
- 🎓 internship vacancies
- 🎓 production trainee
- 🎓 production trainee Jobs
- 🎓 transaction new associate
- 🎓 transaction new associate Jobs

## YC Work at a Startup — Remote
<https://www.workatastartup.com/jobs>

- 💻 Fullstack Engineer
- 💻 Senior Software Engineer, Journeys Team (Fullstack)

## AICTE Internship Portal — India
<https://internship.aicte-india.org/>

- 🎓 1 Crore Internship By 2027 | 79,57,193+ Internships | 82244 Companies

## Rupeek — Bengaluru
<https://rupeek.com/careers>

- 🎓 Senior Manager/ Associate Director - Lender Partnerships Location: Bengaluru, Karnataka, India 11 hours ago

## Airwallex — Singapore
<https://www.airwallex.com/careers>

- 🤖 💻 Senior Backend Engineer, Agentic AI Engineering Engineering • San Francisco Americas , San Francisco San Francisco
- 💻 Senior Software Engineer (iOS), Financial Platform Engineering Engineering • Singapore APAC , Singapore Singapore
- 💻 Staff Software Engineer Backend, Billing Engineering Singapore
- 💻 Staff Software Engineer, Lending Platform Engineering Engineering • Singapore APAC , Singapore Singapore

## Yubi — Chennai
<https://www.go-yubi.com/careers/>

- 💻 Full Stack Software Engineer
- 🤖 Lead Engineer (Agentic AI)
- 🤖 Principal Engineer (Agentic AI)
- 🤖 Senior Data Scientist, Accumn — Mumbai
- 🤖 💻 Senior Software Engineer (Agentic AI)

## Moon Technolabs — Ahmedabad
<https://www.moontechnolabs.com/career-with-us/>

- 🎓 Experience: Fresher
- 💻 Full Stack Developer
- 🎓 Trainee Business Development Executive
- 🎓 Trainee Product Sales Executive
- 🎓 Trainee Video Creator

## Mobiloitte — Delhi
<https://www.mobiloitte.com/careers/>

- 🤖 Job Title: Senior Python AI Engineer (Contract Role) Location: Remote Shift Timing: 5:00 PM ...
- 🤖 Senior Business Development Manager AI Bots, GenAI &amp; Integration Solutions Location: Delhi ...
- 🤖 Sr Python AI Engineer Short term project 9+ yrs Remote 5 pm till 2 am

# 🔔 New career-page entries — 2026-07-11T02:38:09

## Accenture — Bengaluru
<https://www.accenture.com/in-en/careers/jobsearch?fl=Bengaluru>

- 🎓 Custom Software Engineering Associate Manager
- 🎓 Inbound Sales Representative Associate
- 🎓 Inbound Sales Representative Associate-Voice
- 🎓 Order to Cash Operations Associate

## Accenture — Hyderabad
<https://www.accenture.com/in-en/careers/jobsearch?fl=Hyderabad>

- 🎓 Custom Software Engineering Associate Manager
- 🎓 Inbound Sales Representative Associate
- 🎓 Inbound Sales Representative Associate-Voice
- 🎓 Order to Cash Operations Associate

## Accenture — Pune
<https://www.accenture.com/in-en/careers/jobsearch?fl=Pune>

- 🎓 Custom Software Engineering Associate Manager
- 🎓 Inbound Sales Representative Associate
- 🎓 Inbound Sales Representative Associate-Voice
- 🎓 Order to Cash Operations Associate

## Accenture — Gurugram
<https://www.accenture.com/in-en/careers/jobsearch?fl=Gurugram>

- 🎓 Custom Software Engineering Associate Manager
- 🎓 Inbound Sales Representative Associate
- 🎓 Inbound Sales Representative Associate-Voice
- 🎓 Order to Cash Operations Associate

## Capgemini — India
<https://www.capgemini.com/in-en/careers/join-capgemini/job-search/>

- 💻 Lead Software Engineer Bangalore, Gandhinagar, Pune, Mumbai Software Engineering Permanent Experienced Professionals

## Peoplebox — Bengaluru
<https://www.peoplebox.ai/careers>

- 🎓 Associate Product Manager (APM) 66 days ago BANGALORE Full Time
- Content Marketing Manager 341 days ago BANGALORE 4-6 Full Time
- SEO Lead 225 days ago BANGALORE 4-6 Full Time
- 💻 Senior Backend Engineer 337 days ago BANGALORE 5-9 Full Time
- Talent Acquisition Lead 115 days ago BANGALORE 5+ Full Time

## YCombinator Jobs — Bengaluru
<https://www.ycombinator.com/jobs/location/bengaluru>

- 🤖 Vahan (S19) • AI recruiter for India's massive blue-collar workforce ( 18 days ago)

## Qualcomm — India
<https://careers.qualcomm.com/careers>

- 💻 1. Senior Software Developer
- 💻 2. Software Developer
- 💻 3. Senior Software Engineer
- 💻 4. Software Engineer
- 💻 5. Lead Software Engineer
- 💻 Graphics Software Engineer, Staff San Diego, California, United States of America Graphics Software Engineering Posted 9 months ago
- 🤖 Machine Learning Compiler Engineer New York City, New York, United States of America Machine Learning Engineering Posted a month ago
- 💻 Senior GPU Software Engineer San Diego, California, United States of America Graphics Software Engineering Posted 2 days ago
- 🤖 💻 Senior Software Engineer, Gaming AI Development San Diego, California, United States of America Software Engineering Posted 11 days ago

## AMD India — Bengaluru
<https://careers.amd.com/careers-home>

- 🤖 Sr Product Manager-Data Center GPU & AI Infrastructure
- 💻 Sr. Software Development Engineer - Adaptive and Embedded Group

## MyCareersFuture (ML) — Singapore
<https://www.mycareersfuture.gov.sg/search?search=machine+learning&sortBy=new_posting_date>

- 🎓 If you are a fresh graduate looking for a traineeship opportunity
- 🎓 Junior Executive

## Signzy — Bengaluru
<https://www.signzy.com/careers/>

- 🎓 Associate Director - Enterprise Sales 872 days ago Chennai 7 years - 10 years Full Time
- 🎓 Lead Generation Associate 3 days ago Bangalore 1 to 3 Full Time
- 🎓 Partnership Intern 3 days ago Mumbai 0 to 1 Full Time
- 🎓 Sales Associate 18 days ago Mumbai 1 - 2 years Full Time

## Tekion — Bengaluru
<https://tekion.com/careers>

- 💻 Architect, Software Engineering - Frontend - Integration

## NICE — Pune
<https://www.nice.com/careers>

- 🤖 pageVisits-_glossary%2Fautomating-qa-with-ai
- 🤖 pageVisits-_info%2Ftop-trends-in-automating-qa-with-ai-what-you-need-to-know
- 🤖 pageVisits-_resources%2F5-executive-priorities-to-scale-agentic-ai-for-enterprise-value
- 🤖 pageVisits-_resources%2Fanalyst-backed-strategies-10-cx-ai-insights-for-executive-decision-makers
- 🤖 pageVisits-_resources%2Ftop-10-ai-first-cx-trends-to-lead-in-2026

## Internshala (Data Science) — India
<https://internshala.com/internships/data-science-internship/>

- 🎓 🤖 Data Science Internships: Find 325 Data Science Intern Jobs

## Internshala (Web Dev) — India
<https://internshala.com/internships/web-development-internship/>

- 🎓 Web Development Internships: 317+ Web Development Intern Jobs

## YC Work at a Startup — Remote
<https://www.workatastartup.com/jobs>

- 💻 Backend Engineer
- 💻 Founding Software Engineer
- 💻 Staff Software Engineer, SMS Team (Fullstack)

## Rupeek — Bengaluru
<https://rupeek.com/careers>

- 🎓 Senior Manager/ Associate Director - Lender Partnerships Location: Bengaluru, Karnataka, India 20 hours ago

## Airwallex — Singapore
<https://www.airwallex.com/careers>

- 💻 Senior Software Engineer, Search Platform Engineering Engineering • Singapore APAC , Singapore Singapore

## Entropik — Bengaluru
<https://www.entropik.io/careers>

- 🤖 AI Engineer 18 days ago Chennai 2-3 years Full Time
- 🤖 Senior AI Engineer 22 days ago Chennai 4-6 years Full Time
- 💻 Senior Backend Engineer 5 days ago Chennai , Chennai 3-6 years Full Time
- 💻 Senior Software Engineer - Backend + DevOps 8 days ago Chennai 3-6 years Full Time

## Webs Optimization — Ahmedabad
<https://www.websoptimization.com/career>

- 💻 (as a developer, software engineer, or similar technical role)
- 💻 Full Stack Java Developer (Angular + Spring)
- 💻 Job Opportunity | Sr. Full Stack Java Developer | Ahmedabad (Work from Office)
- 💻 Mernstack Full Stack Developer
- 💻 Sr. Full Stack Java Developer
- 💻 Sr. Full Stack Java Developer (Angular + Spring)

## E2M Solutions — Ahmedabad
<https://www.e2msolutions.com/careers/>

- 🤖 AI Adoption Specialist - SEO 110 days ago Ahmedabad 4 Years Full Time
- 🤖 AI Adoption Specialist 311 days ago Ahmedabad 3+ Years Full Time
- 🤖 AI Engineer 67 days ago Ahmedabad 2 -3 Years Full Time
- 🎓 🤖 Associate AI Engineer 71 days ago Ahmedabad 1 - 2 Years Full Time
- 🎓 Associate Client Account Manager - SEO 319 days ago Ahmedabad 1 - 3 Years Full Time
- 🎓 Associate Client Account Manager 43 days ago Ahmedabad 1- 2 Years Full Time
- 🎓 🤖 💻 Associate Full Stack AI Engineer 68 days ago Ahmedabad 1 - 2 Full Time
- 💻 Full Stack Developer 39 days ago Ahmedabad 3 -5 Years Full Time
- 🎓 🤖 Junior AI Automation Engineer 32 days ago Ahmedabad 1+ Years Full Time
- 🤖 QA Manager – AI Automation 222 days ago Ahmedabad 7 years Full Time
- 💻 Senior Frontend Wordpress Developer (US Shift) 339 days ago Ahmedabad 7+ Full Time
- 🤖 Technical Lead - AI 109 days ago Ahmedabad 5-8 Years Full Time

# 🔔 New career-page entries — 2026-07-11T07:56:15

## GIFT City (aggregator) — Gandhinagar
<https://giftgujarat.in/company-job-openings>

- Deputy Manager - Manager

## Accenture — Bengaluru
<https://www.accenture.com/in-en/careers/jobsearch?fl=Bengaluru>

- 🤖 Enterprise AI Value Strategy Manager
- 🤖 Enterprise AI Value Strategy Senior Manager
- 💻 Full Stack Engineering Senior Manager
- 🤖 IMU - AI & Data Manager
- 🎓 Strategy Innovation Associate Director
- 🎓 Workplace Service Delivery Associate Manager
- 🎓 Workplace Service Delivery Associate Manager-Events

## Accenture — Hyderabad
<https://www.accenture.com/in-en/careers/jobsearch?fl=Hyderabad>

- 🤖 Enterprise AI Value Strategy Manager
- 🤖 Enterprise AI Value Strategy Senior Manager
- 💻 Full Stack Engineering Senior Manager
- 🤖 IMU - AI & Data Manager
- 🎓 Strategy Innovation Associate Director
- 🎓 Workplace Service Delivery Associate Manager
- 🎓 Workplace Service Delivery Associate Manager-Events

## Accenture — Pune
<https://www.accenture.com/in-en/careers/jobsearch?fl=Pune>

- 🤖 Enterprise AI Value Strategy Manager
- 🤖 Enterprise AI Value Strategy Senior Manager
- 💻 Full Stack Engineering Senior Manager
- 🤖 IMU - AI & Data Manager
- 🎓 Strategy Innovation Associate Director
- 🎓 Workplace Service Delivery Associate Manager
- 🎓 Workplace Service Delivery Associate Manager-Events

## Accenture — Gurugram
<https://www.accenture.com/in-en/careers/jobsearch?fl=Gurugram>

- 🤖 Enterprise AI Value Strategy Manager
- 🤖 Enterprise AI Value Strategy Senior Manager
- 💻 Full Stack Engineering Senior Manager
- 🤖 IMU - AI & Data Manager
- 🎓 Strategy Innovation Associate Director
- 🎓 Workplace Service Delivery Associate Manager
- 🎓 Workplace Service Delivery Associate Manager-Events

## Capgemini — India
<https://www.capgemini.com/in-en/careers/join-capgemini/job-search/>

- 🤖 Pyspark Developer Bangalore, Pune, Hyderabad, Chennai (ex Madras), Navi Mumbai Data & AI Permanent Executives

## Internshala (SDE) — India
<https://internshala.com/internships/software-development-internship/>

- 🎓 💻 Software Development Internships: 215+ Software Development Intern Jobs

## YCombinator Jobs — Bengaluru
<https://www.ycombinator.com/jobs/location/bengaluru>

- 🤖 Vahan (S19) • AI recruiter for India's massive blue-collar workforce ( 5 days ago)

## Qualcomm — India
<https://careers.qualcomm.com/careers>

- 🤖 2. Machine Learning Engineer
- 🤖 Senior AI Engineer – Depth Estimation and Dense Scene Understanding

## Internshala Pune — Pune
<https://internshala.com/internships/internship-in-pune/>

- 🎓 Client Management Intern Digital Projects

## Wingify — Pune
<https://wingify.com/careers/>

- 🤖 GenAI Engineer
- 💻 Senior Software Engineer - Backend & Search
- 💻 Senior Software Engineer - Client Services
- 💻 Software Engineer - QA (Client Services team)
- 💻 Software Engineer – Backend (Commerce)
- 💻 Software Engineer – Full Stack

## Internshala (Data Science) — India
<https://internshala.com/internships/data-science-internship/>

- 🎓 🤖 Data Science Internships: Find 324 Data Science Intern Jobs

## Internshala (Python) — India
<https://internshala.com/internships/python-internship/>

- 🎓 Python Internships: Find 251 Python Intern Jobs

## Internshala (Backend) — India
<https://internshala.com/internships/back-end-development-internship/>

- 🎓 💻 Backend Development Internships: Find 105 Backend Development Intern Jobs

## Internshala (App Dev) — India
<https://internshala.com/internships/mobile-app-development-internship/>

- 🎓 Mobile App Development Internships: Find 67 Mobile App Development Intern Jobs

## YC Work at a Startup — Remote
<https://www.workatastartup.com/jobs>

- 💻 Founding Backend Engineer
- 🎓 Intern
- 💻 Senior Software Engineer, Email Team
- 🎓 Software Engineering Intern

## Rupeek — Bengaluru
<https://rupeek.com/careers>

- 🎓 Senior Manager/ Associate Director - Lender Partnerships Location: Bengaluru, Karnataka, India 1 day ago

## Airwallex — Singapore
<https://www.airwallex.com/careers>

- 🤖 Senior AI Engineer Engineering APAC, Singapore
- 🤖 Staff AI Engineer Engineering Engineering • San Francisco Americas , San Francisco San Francisco
- 🤖 Staff/Senior Data Scientist, Analytics (Payments) Product APAC, Singapore

# 🔔 New career-page entries — 2026-07-11T13:18:52

## Accenture — Bengaluru
<https://www.accenture.com/in-en/careers/jobsearch?fl=Bengaluru>

- 🎓 Custom Software Engineering Associate Manager
- 🎓 Inbound Sales Representative Associate
- 🎓 Inbound Sales Representative Associate-Voice
- 🎓 Order to Cash Operations Associate

## Accenture — Hyderabad
<https://www.accenture.com/in-en/careers/jobsearch?fl=Hyderabad>

- 🎓 Custom Software Engineering Associate Manager
- 🎓 Inbound Sales Representative Associate
- 🎓 Inbound Sales Representative Associate-Voice
- 🎓 Order to Cash Operations Associate

## Accenture — Pune
<https://www.accenture.com/in-en/careers/jobsearch?fl=Pune>

- 🎓 Custom Software Engineering Associate Manager
- 🎓 Inbound Sales Representative Associate
- 🎓 Inbound Sales Representative Associate-Voice
- 🎓 Order to Cash Operations Associate

## Accenture — Gurugram
<https://www.accenture.com/in-en/careers/jobsearch?fl=Gurugram>

- 🎓 Custom Software Engineering Associate Manager
- 🎓 Inbound Sales Representative Associate
- 🎓 Inbound Sales Representative Associate-Voice
- 🎓 Order to Cash Operations Associate

## Capgemini — India
<https://www.capgemini.com/in-en/careers/join-capgemini/job-search/>

- 🤖 Pyspark Developer Hyderabad, Chennai (ex Madras), Navi Mumbai, Bangalore, Pune Data & AI Permanent Executives

## IBM — India
<https://www.ibm.com/in-en/careers/search>

- 🎓 🤖 Cloud Duales Studium 2027 Bachelor@IBM: Wirtschaftsinformatik - Data Science (f,m,x) Internship Ehningen, DE
- 🎓 Cloud Master@IBM IBM Cloud Technical Sales Specialist (f/m/x) Internship KOELN, DE
- 🎓 Consulting Business Transformation Consultant-Banking Internship Islamabad, PK
- 🎓 Consulting Threat Intelligence Consultant-Threat Analysis Internship ABU DHABI, AE
- 🎓 Infrastructure & Technology Package Specialist 2026- Workday HCM & Compensation Entry Level Multiple Cities
- 🎓 Internship (101)
- 🎓 Sales Apprenti.e 'Metropole Program' Business développement – Ecosystème - IBM France - H/F Internship Bois Colombes Cedex, FR
- 🎓 Sales Brand Technical Specialist Entry Level Esch-sur-Alzette, LU
- 🎓 Sales Entry Level Technical Sales Specialist Entry Level Bucharest, RO
- 💻 Software Engineering Application Developer-Cloud FullStack Professional Bangalore, IN
- 💻 Software Engineering Application Developer-Cloud FullStack Professional Hyderabad, IN
- 🎓 Software Engineering IBM Consulting Interns Internship QUEZON CITY, PH

## Internshala (ML) — India
<https://internshala.com/internships/machine-learning-internship/>

- 🎓 🤖 Machine Learning Internships: Find 135 Machine Learning Intern Jobs

## Internshala (SDE) — India
<https://internshala.com/internships/software-development-internship/>

- 🎓 💻 Software Development Internships: 212+ Software Development Intern Jobs

## Internshala (AI) — India
<https://internshala.com/internships/artificial-intelligence-internship/>

- 🎓 🤖 Artificial intelligence Internships: Find 161 Artificial intelligence Intern Jobs

## Qualcomm — India
<https://careers.qualcomm.com/careers>

- 🤖 Machine Learning & Generative AI Engineer, up to Staff Hsinchu City, Hsinchu City, Taiwan Hardware Engineering Posted 2 days ago
- 💻 QGOV Security Software Engineer San Diego, California, United States of America Software Engineering Posted 2 days ago

## Internshala Noida — Noida
<https://internshala.com/internships/internship-in-noida/>

- 🎓 E-Commerce Associate

## Internshala Gurgaon — Gurugram
<https://internshala.com/internships/internship-in-gurgaon/>

- 🎓 E-Commerce Associate

## MyCareersFuture (ML) — Singapore
<https://www.mycareersfuture.gov.sg/search?search=machine+learning&sortBy=new_posting_date>

- 🎓 If you are a fresh graduate looking for a traineeship opportunity
- 🎓 Junior Executive

## Cashfree — Bengaluru
<https://www.cashfree.com/careers/>

- 🎓 Associate Director - Banking & Alliance Product
- 💻 Software Development Engineer - 3

## Gramener — Hyderabad
<https://gramener.com/careers/>

- 🤖 Data Scientist
- 🤖 Data Scientist Bangalore Validate the models developed against statistical robustness and business sense.
- 🎓 Internship is processed with technical assessment followed by discussion with the hiring manager.
- 🎓 Junior UI/UX Engineer Hyderabad/ Collaborate with marketing and sales teams to design and implement website updates and landing pages.
- 🤖 Lead Data Science Engineer at Gramener
- 🤖 Lead Data Scientist – SFE Analytics Hyderabad Worked extensively on SFE Analytics (Pharma preferred).
- 🤖 Python Developer – GenAI/NLP Integration Hyderabad/Bangalore Core Python Development: 4–8 years of hands-on experience.
- 💻 Senior Full-Stack Developer Bangalore AWS or Azure cloud, Server management with basic visualization.
- 🎓 What is your process for Campus Hiring?

## Internshala (Python) — India
<https://internshala.com/internships/python-internship/>

- 🎓 Python Internships: Find 250 Python Intern Jobs

## Internshala (Full Stack) — India
<https://internshala.com/internships/full-stack-development-internship/>

- 🎓 💻 Full Stack Development Internships: 93+ Full Stack Development Intern Jobs

## Internshala (Frontend) — India
<https://internshala.com/internships/front-end-development-internship/>

- 🎓 💻 Front End Development Internships: Find 100 Front End Development Intern Jobs

## FreshersWorld — India
<https://www.freshersworld.com/jobs/jobsearch/internship-jobs>

- 🎓 0 (Fresher)
- 🎓 45 Fresher Internship Job vacancies 2026
- 🎓 45 Latest Internship Training 2026 (Internship & Jobs). Updated on 11 July 2026)
- 🤖 AI Developer
- 🤖 AI Developer Jobs
- 🤖 AI ML Engineer
- 🤖 AI ML Engineer Jobs
- 🎓 ARE YOU A FRESHER?
- 🎓 ASSOCIATE
- 🎓 ASSOCIATE CSR
- 🎓 ASSOCIATE CSR Jobs
- 🎓 ASSOCIATE Jobs
- 🎓 Accountant Trainee Jobs Opening in Pearl Lemon at Central Delhi, Delhi Cantt., Delhi-Others, Bangalore, Mumbai, Delhi
- 🎓 Accounting Associate
- 🎓 Accounting Associate Jobs
- 🎓 Accounts Trainee
- 🎓 Accounts Trainee Jobs
- 🎓 Actuarial Associate
- 🎓 Actuarial Associate Jobs
- 💻 Analyst Programmer
- 💻 Analyst Programmer Jobs
- 🎓 Analytical Associate
- 🎓 Analytical Associate Jobs
- 🎓 Apply to Accountant Trainee Jobs in Pearl Lemon, Bangalo...
- 🎓 Apply to B2B Sales Intern Jobs in Uniserv.Tech, Mumbai f...
- 🎓 Apply to B2B Sales Intern Jobs in Value Score Business S...
- 🎓 Apply to Marketing Intern Jobs in P3 Infotech Solutions ...
- 🎓 Apply to Music-Tech Studio Fellow / Intern Jobs in Nath...
- 🎓 Apply to Outreach Intern Rojgaar Jobs in Rojgaar, Mumba...
- 🎓 Apply to QA Intern Jobs in Instawork, Bangalore from 0 t...
- 🤖 Apply to Software AI Testing Jobs in PRAM EDUCATE IT SO...
- 🎓 Apply to Software Tester Trainee Jobs in Spraxa Solution...
- 🎓 Apply to the Latest Internship Now on Freshersworld!
- 🎓 Apprentice trainee
- 🎓 Apprentice trainee Jobs
- 🎓 Apprentice trainee engineering
- 🎓 Apprentice trainee engineering Jobs
- 🎓 Associate - Logistics
- 🎓 Associate - Logistics Jobs
- 🎓 Associate - Supply Chain
- 🎓 Associate - Supply Chain Jobs
- 🎓 Associate -HR
- 🎓 Associate -HR Jobs
- 🎓 Associate Accounts Payble
- 🎓 Associate Accounts Payble Jobs
- 🎓 Associate Banking Operations
- 🎓 Associate Banking Operations Jobs
- 🎓 Associate Business Analyst
- 🎓 Associate Business Analyst Jobs
- 🎓 Associate Consultant
- 🎓 Associate Consultant Jobs
- 🎓 Associate Customer
- 🎓 Associate Customer Jobs
- 🎓 Associate Customer Support
- 🎓 Associate Customer Support Jobs
- 🎓 Associate Data Analyst
- 🎓 Associate Data Analyst Jobs
- 🎓 Associate Finance
- 🎓 Associate Finance Jobs
- 🎓 Associate HR
- 🎓 Associate HR Jobs
- 🎓 Associate Hire to Retire
- 🎓 Associate Hire to Retire Jobs
- 🎓 Associate In Process Quality
- 🎓 Associate In Process Quality Jobs
- 🎓 Associate MIS
- 🎓 Associate MIS Jobs
- 🎓 Associate Maintenance
- 🎓 Associate Maintenance Jobs
- 🎓 Associate Network Business Analytics
- 🎓 Associate Network Business Analytics Jobs
- 🎓 Associate Product Manager
- 🎓 Associate Quality Testing
- 🎓 Associate Quality Testing Jobs
- 🎓 Associate Recruiter
- 🎓 Associate Recruiter Jobs
- 🎓 💻 Associate Software Development
- 🎓 💻 Associate Software Development Jobs
- 🎓 Associate UI/UX Designer
- 🎓 Associate UI/UX Designer Jobs
- 🎓 Associate-HR
- 🎓 Associate-HR Jobs
- 🎓 Associate-Procurement
- 🎓 Associate-Procurement Jobs
- 🎓 B2B Sales Intern Jobs Opening in Uniserv.Tech at Goregaon West, Mumbai
- 🎓 B2B Sales Intern Jobs Opening in Value Score Business Solutions LLP at Andheri East, Mumbai
- 💻 Back End Developer
- 🎓 Back office Associate
- 🎓 Back office Associate Jobs
- 🎓 💻 Backend Associate
- 🎓 💻 Backend Associate Jobs
- 🎓 Browse All Internship Vacancies on Freshersworld
- 🎓 Browse these internship roles and find your ideal internship job on Freshersworld.
- 🎓 Campus Hiring Officer
- 🎓 Campus Hiring Officer Jobs
- 🎓 Campus Recruiter
- 🎓 Campus Recruiter Jobs
- 🎓 Can freshers without any prior experience get an internship in India?
- 🤖 Consultant – AI & Data Scientist
- 🤖 Consultant – AI & Data Scientist Jobs
- 💻 Content Management Web Developer
- 💻 Content Management Web Developer Jobs
- 🎓 Credit Card Associate
- 🎓 Credit Card Associate Jobs
- 🎓 Customer Support Associate
- 🎓 Customer Support Associate Jobs
- 🎓 Data Analyst Internship
- 🎓 Data Analyst Internship Jobs
- 🎓 🤖 Data Science Internship
- 🎓 🤖 Data Science Internship Jobs
- 🤖 Data Scientist
- 🤖 Data Scientist Jobs
- 🎓 Digital Associate
- 🎓 Digital Associate Jobs
- 🎓 Digital Content Management New Associate
- 🎓 Digital Content Management New Associate Jobs
- 🎓 Digital Marketing Internship
- 🎓 Digital Marketing Internship Jobs
- 🎓 Enterprise Sales Associate
- 🎓 Enterprise Sales Associate Jobs
- 🎓 Explore some of the most in-demand internship roles and internship programs available this year:
- 🎓 Field Sales Associate
- 🎓 Field Sales Associate Jobs
- 🎓 Finance Internship
- 🎓 Finance Internship Jobs
- 🎓 Floor Associate
- 🎓 Floor Associate Jobs
- 🎓 For Quality Associate
- 🎓 For Quality Associate Jobs
- 🎓 Freshersworld updates its internship listings daily with verified roles from:
- 💻 Full Stack Developer
- 💻 Fullstack Developer
- 💻 Fullstack Developer Jobs
- 🎓 GCPR Sales Associate
- 🎓 GCPR Sales Associate Jobs
- 🎓 Get notified instantly when new internship roles matching your profile are posted.
- 🎓 HR And Admin Trainee
- 🎓 HR And Admin Trainee Jobs
- 🎓 HR Associate
- 🎓 HR Associate Jobs
- 🎓 HR Service Delivery New Associate
- 🎓 HR Service Delivery New Associate Jobs
- 🎓 How important are online certifications for securing an internship?
- 🎓 Inclusive Insurance Associate
- 🎓 Inclusive Insurance Associate Jobs
- 🎓 Internship
- 🎓 Internship Jobs
- 🎓 Internship Jobs In Ahmedabad
- 🎓 Internship Jobs In Bangalore
- 🎓 Internship Jobs In Chennai
- 🎓 Internship Jobs In Delhi
- 🎓 Internship Jobs In Gurgaon
- 🎓 Internship Jobs In Hyderabad
- 🎓 Internship Jobs In Kolkata
- 🎓 Internship Jobs In Mumbai
- 🎓 Internship Jobs In Noida
- 🎓 Internship Jobs In Pune
- 🎓 Internship Jobs in your city
- 🎓 Internship Opportunities by City
- 🎓 Internship Vacancies – Your Gateway to the Latest Internships in India for Freshers
- 🎓 Inventory Squad Associate
- 🎓 Inventory Squad Associate Jobs
- 💻 Java Fullstack Developer
- 💻 Java Fullstack Developer Jobs
- 🎓 Jr Associate
- 🎓 Jr Associate Jobs
- 🎓 💻 Junior Software Developer
- 🎓 💻 Junior Software Developer Jobs
- 🎓 Keep it short, professional, and specific to each internship application.
- 🎓 Latest Internship Job Openings 2026
- 🎓 Latest Internship Jobs
- 🎓 Latest Internship Openings on Freshersworld
- 🎓 Legal Associate Legal Completions
- 🎓 Legal Associate Legal Completions Jobs
- 🎓 Loader Operation Associate
- 🎓 Loader Operation Associate Jobs
- 🎓 MANGEMENT ASSOCIATE
- 🎓 MANGEMENT ASSOCIATE Jobs
- 🤖 ML Engineer
- 🤖 ML Engineer Jobs
- 🤖 Machine Learning Engineer
- 🤖 Machine Learning Engineer Jobs
- 🤖 Machine Learning Scientist
- 🤖 Machine Learning Scientist Jobs
- 🎓 Machining Associate
- 🎓 Machining Associate Jobs
- 🎓 Management Trainee
- 🎓 Management Trainee Jobs
- 🎓 Many companies offer Pre-Placement Offers (PPOs) to top-performing interns, converting your internship into a permanent role.
- 🎓 Market Research Associate
- 🎓 Market Research Associate Jobs
- 🎓 Market Research Trainee
- 🎓 Market Research Trainee Jobs
- 🎓 Marketing Intern Jobs Opening in P3 Infotech Solutions Pvt Ltd at Gurgaon-Others, Gurgaon
- 🎓 Mechanical Trainee
- 🎓 Mechanical Trainee Jobs
- 🎓 Middle Office Risk Support Associate
- 🎓 Middle Office Risk Support Associate Jobs
- 🎓 Music-Tech Studio Fellow / Intern Jobs Opening in Nathaniel School of Music at Bangalore
- 🎓 Naps /WILP Trainee ( Production
- 🎓 Naps /WILP Trainee ( Production Jobs
- 🎓 Other Graduate
- 🎓 Other Post Graduate
- 🎓 Outreach Intern Rojgaar Jobs Opening in Rojgaar at Andheri East, Borivali West, Byculla, Mumbai, Pune, Hyderabad
- 🎓 PTP Associate
- 🎓 PTP Associate Jobs
- 🎓 Paid Internship
- 🎓 Paid Internship Jobs
- 💻 Principal Software Engineer IT
- 💻 Principal Software Engineer IT Jobs
- 🎓 Process Associate Trainee
- 🎓 Process Associate Trainee Jobs
- 🎓 Procure to Pay Associate
- 🎓 Procure to Pay Associate Jobs
- 🎓 Procure to Pay New Associate
- 🎓 Procure to Pay New Associate Jobs
- 🎓 Procurement Associate
- 🎓 Procurement Associate Jobs
- 🎓 Production Trainee
- 🎓 Production Trainee Jobs
- 🎓 Program Management Associate
- 🎓 Program Management Associate Jobs
- 🎓 Project Management Associate
- 🎓 Project Management Associate Jobs
- 🎓 QA Intern Jobs Opening in Instawork at Koramangala, Bangalore
- 🎓 Quality Assurance Trainee
- 🎓 Quality Assurance Trainee Jobs
- 🎓 Regulatory Affairs associate
- 🎓 Regulatory Affairs associate Jobs
- 🎓 Regulatory Associate
- 🎓 Regulatory Associate Jobs
- 🎓 Regulatory Operation Associate
- 🎓 Regulatory Operation Associate Jobs
- 🎓 Regulatory Operations Associate
- 🎓 Regulatory Operations Associate Jobs
- 💻 Remote Front End Developer
- 💻 Remote Front End Developer Jobs
- 💻 Remote Software Developer
- 💻 Remote Software Developer Jobs
- 💻 Remote Software Engineer
- 💻 Remote Software Engineer Jobs
- 💻 Remote Web Developer
- 💻 Remote Web Developer Jobs
- 🎓 SAP FICO Associate Consultant
- 🎓 SAP FICO Associate Consultant Jobs
- 🎓 Sales Associate
- 🎓 Sales Associate FMCG
- 🎓 Sales Associate FMCG Jobs
- 🎓 Sales Associate Jobs
- 🎓 Sales Trainee
- 🎓 Sales Trainee Jobs
- 🎓 Salesforce Trainee
- 🎓 Salesforce Trainee Jobs
- 🎓 Senior Associate
- 🎓 Senior Associate - HR
- 🎓 Senior Associate - HR Jobs
- 🎓 Senior Associate Jobs
- 🎓 Senior Associate Order to Cash
- 🎓 Senior Associate Order to Cash Jobs
- 💻 Senior Front End Developer
- 💻 Senior Front End Developer Jobs
- 💻 Senior Full Stack Developer
- 💻 Senior Full Stack Developer Jobs
- 🎓 Senior Sales Associate
- 🎓 Senior Sales Associate Jobs
- 💻 Senior Software Developer
- 💻 Senior Software Developer Jobs
- 💻 Senior Software Engineer
- 💻 Senior Software Engineer Jobs
- 🎓 Senior sale associate
- 🎓 Senior sale associate Jobs
- 🤖 Software AI Testing Jobs Opening in PRAM EDUCATE IT SOFTWARE LLP at Wakad, Pune-Others, Pune
- 💻 Software Developer
- 💻 Software Developer Jobs
- 💻 Software Engineer
- 🎓 💻 Software Engineer - Trainee
- 🎓 💻 Software Engineer - Trainee Jobs
- 💻 Software Engineer II
- 💻 Software Engineer II Jobs
- 💻 Software Engineer Jobs
- 🎓 Software Tester Trainee Jobs Opening in Spraxa Solutions Pvt Ltd. at Noida City Centre, Sector 15, Noida, Sector 18, Noida, Noida
- 💻 Sr Software Engineer
- 💻 Sr Software Engineer Jobs
- 🎓 Summer Internship
- 🎓 Summer Internship Jobs
- 🎓 Supply chain trainee
- 🎓 Supply chain trainee Jobs
- 🎓 Technical Associate
- 🎓 Technical Associate Jobs
- 🎓 Technical Support Associate
- 🎓 Technical Support Associate Jobs
- 🎓 Tele Calling Associate Sales A
- 🎓 Tele Calling Associate Sales A Jobs
- 🎓 Tips to Get Selected for an Internship
- 🎓 To stand out in the competitive landscape of internship applications:
- 🎓 Top Internship Roles Hiring in India (2026)
- 🎓 Trainee Apprentice
- 🎓 Trainee Apprentice Jobs
- 🎓 Trainee EGC
- 🎓 Trainee EGC Jobs
- 🎓 Trainee Engineer
- 🎓 Trainee Engineer Jobs
- 🎓 Trainee Operator
- 🎓 Trainee Operator Jobs
- 🎓 Trainee Store Risk Management
- 🎓 Trainee Store Risk Management Jobs
- 🎓 Transaction Processing New Associate
- 🎓 Transaction Processing New Associate Jobs
- 🎓 Transaction processing associate
- 🎓 Transaction processing associate Jobs
- 💻 Web Developer
- 💻 Web Developer Jobs
- 🎓 What is the best way to find verified internship opportunities in India?
- 🎓 Work From Home Internship
- 🎓 Work From Home Internship Jobs
- 🎓 franchise associate
- 🎓 franchise associate Jobs
- 🎓 internship vacancies
- 🎓 production trainee
- 🎓 production trainee Jobs
- 🎓 transaction new associate
- 🎓 transaction new associate Jobs

## YC Work at a Startup — Remote
<https://www.workatastartup.com/jobs>

- 🎓 Electrical Engineering Intern
- 💻 Fullstack Engineer
- 💻 Senior Software Engineer, Journeys Team (Fullstack)

## Airwallex — Singapore
<https://www.airwallex.com/careers>

- 🎓 Senior Associate, Revenue Strategy & Enablement, EMEA Operations Management Berlin
- 🤖 Senior Data Scientist, People and Talent Engineering Americas, San Francisco
- 💻 Senior Software Engineer Backend, Billing Engineering Engineering • Singapore APAC , Singapore Singapore
- 💻 Staff Software Engineer, Cards Engineering APAC, Singapore

## Yubi — Chennai
<https://www.go-yubi.com/careers/>

- 💻 Full Stack Software Engineer
- 🤖 Lead Engineer (Agentic AI)
- 🤖 Principal Engineer (Agentic AI)
- 🤖 Senior Data Scientist, Accumn — Mumbai
- 🤖 💻 Senior Software Engineer (Agentic AI)

## Nettechnocrats — Ahmedabad
<https://www.nettechnocrats.com/careers/>

- 💻 We develop innovative digital solutions that enhance Software Development, Cloud & DevOps etc.

## Solace Infotech — Nashik
<https://solaceinfotech.com/career.html>

- 💻 Careers at Solace Infotech | Software Developer Jobs

# 🔔 New career-page entries — 2026-07-11T19:03:29

## Accenture — Bengaluru
<https://www.accenture.com/in-en/careers/jobsearch?fl=Bengaluru>

- 🤖 Enterprise AI Value Strategy Manager
- 🤖 Enterprise AI Value Strategy Senior Manager
- 💻 Full Stack Engineering Senior Manager
- 🤖 IMU - AI & Data Manager
- 🎓 Strategy Innovation Associate Director
- 🎓 Workplace Service Delivery Associate Manager
- 🎓 Workplace Service Delivery Associate Manager-Events

## Accenture — Hyderabad
<https://www.accenture.com/in-en/careers/jobsearch?fl=Hyderabad>

- 🤖 Enterprise AI Value Strategy Manager
- 🤖 Enterprise AI Value Strategy Senior Manager
- 💻 Full Stack Engineering Senior Manager
- 🤖 IMU - AI & Data Manager
- 🎓 Strategy Innovation Associate Director
- 🎓 Workplace Service Delivery Associate Manager
- 🎓 Workplace Service Delivery Associate Manager-Events

## Accenture — Pune
<https://www.accenture.com/in-en/careers/jobsearch?fl=Pune>

- 🤖 Enterprise AI Value Strategy Manager
- 🤖 Enterprise AI Value Strategy Senior Manager
- 💻 Full Stack Engineering Senior Manager
- 🤖 IMU - AI & Data Manager
- 🎓 Strategy Innovation Associate Director
- 🎓 Workplace Service Delivery Associate Manager
- 🎓 Workplace Service Delivery Associate Manager-Events

## Accenture — Gurugram
<https://www.accenture.com/in-en/careers/jobsearch?fl=Gurugram>

- 🤖 Enterprise AI Value Strategy Manager
- 🤖 Enterprise AI Value Strategy Senior Manager
- 💻 Full Stack Engineering Senior Manager
- 🤖 IMU - AI & Data Manager
- 🎓 Strategy Innovation Associate Director
- 🎓 Workplace Service Delivery Associate Manager
- 🎓 Workplace Service Delivery Associate Manager-Events

## Capgemini — India
<https://www.capgemini.com/in-en/careers/join-capgemini/job-search/>

- 🤖 GCP Data Engineer Bangalore, Bhubaneswar, Chennai (ex Madras), Coimbatore, Gandhinagar + 13 Data & AI Permanent Experienced Professionals
- 💻 Lead Software Engineer Bangalore, Gandhinagar, Pune, Mumbai Software Engineering Permanent Experienced Professionals

## IBM — India
<https://www.ibm.com/in-en/careers/search>

- 🤖 Consulting Technical Consultant-AI Integration Professional Bangalore, IN
- 🎓 Sales Entry level Technical Sales Specialist Data - IBM Denmark (incl. Assignment in Valencia) Entry Level COPENHAGEN, DK

## Internshala (ML) — India
<https://internshala.com/internships/machine-learning-internship/>

- 🎓 🤖 Machine Learning Internships: Find 136 Machine Learning Intern Jobs

## Internshala (SDE) — India
<https://internshala.com/internships/software-development-internship/>

- 🎓 💻 Software Development Internships: 210+ Software Development Intern Jobs

## Internshala (AI) — India
<https://internshala.com/internships/artificial-intelligence-internship/>

- 🎓 🤖 Artificial intelligence Internships: Find 162 Artificial intelligence Intern Jobs

## NVIDIA — India
<https://nvidia.wd5.myworkdayjobs.com/NVIDIAExternalCareerSite>

- 🤖 Machine Learning Systems Engineer, Networking
- 💻 Principal Software Engineer, Rack-Scale System Software — CSP Engagements
- 💻 Senior Cloud Software Engineer, DGXC Data Services
- 💻 Senior Software Engineer - NVLink Rack Scale Stability and Reliability
- 💻 Senior Software Engineer, Fabric Networking - GPU
- 💻 Senior Software Engineer, NCCL
- 💻 Senior System Software Engineer - GPU Performance
- 💻 Senior System Software Engineer, Performance - CUDA Driver

## Qualcomm — India
<https://careers.qualcomm.com/careers>

- 🤖 Engineer, Senior-AI and Machine Learning with embedded/C++ Hyderabad, Telangana, India Software Engineering Posted 2 months ago
- 🤖 Machine Learning Engineer Xian, Shaanxi, China + 1 more Software Engineering Posted 2 days ago
- 🤖 💻 Senior Software Engineer – Edge AI/GenAI San Diego, California, United States of America Software Engineering Posted a month ago
- 🤖 💻 Staff AI Software Engineer Markham, Ontario, Canada Machine Learning Engineering Posted 5 months ago

## Arcesium — Bengaluru
<https://careers.arcesium.com/>

- 💻 Software Engineer

## Kore.ai — Hyderabad
<https://kore.ai/careers/>

- 🤖 AI Solution Sales Specialist
- 🤖 Lead AI Customer Engineer — Fanatic Customer Support
- 💻 Software Engineer/Senior Software Engineer - Technical Support

## Tabby — Dubai
<https://tabby.ai/careers>

- 🎓 🤖 AI Intern KSA
- 🎓 AML Associate KSA
- 🎓 Compliance Associate Egypt
- 🎓 DBA Intern KSA
- 🎓 DevOps Intern KSA
- 🎓 FinOps Associate KSA
- 🎓 Information Security Intern KSA
- 🎓 💻 Intern Backend (Go) Engineer KSA
- 🎓 Intern QA Engineer KSA
- 🎓 Risk Associate Egypt
- 💻 Senior Backend Engineer II Remote
- 🎓 Senior Tax Associate KSA
- 🤖 Technical Project Manager (AI focus) Remote

## Grab — Singapore
<https://grab.careers/>

- 🎓 Credit Operation Associate
- 🎓 GRIT Trainee

## Signzy — Bengaluru
<https://www.signzy.com/careers/>

- 🎓 Associate Director - Enterprise Sales 872 days ago Chennai 7 years - 10 years Full Time
- 🎓 Lead Generation Associate 3 days ago Bangalore 1 to 3 Full Time
- 🎓 Partnership Intern 3 days ago Mumbai 0 to 1 Full Time
- 🎓 Sales Associate 18 days ago Mumbai 1 - 2 years Full Time

## Wingify — Pune
<https://wingify.com/careers/>

- 🤖 GenAI Engineer
- 💻 Senior Software Engineer - Backend & Search
- 💻 Senior Software Engineer - Client Services
- 💻 Software Engineer - QA (Client Services team)
- 💻 Software Engineer – Backend (Commerce)
- 💻 Software Engineer – Full Stack

## Thunes — Singapore
<https://www.thunes.com/careers/>

- 🎓 Enterprise Singapore Graduate Scheme

## Internshala (Data Science) — India
<https://internshala.com/internships/data-science-internship/>

- 🎓 🤖 Data Science Internships: Find 320 Data Science Intern Jobs

## Internshala (Web Dev) — India
<https://internshala.com/internships/web-development-internship/>

- 🎓 Web Development Internships: 306+ Web Development Intern Jobs

## Internshala (Python) — India
<https://internshala.com/internships/python-internship/>

- 🎓 Python Internships: Find 249 Python Intern Jobs

## Internshala (Full Stack) — India
<https://internshala.com/internships/full-stack-development-internship/>

- 🎓 💻 Full Stack Development Internships: 90+ Full Stack Development Intern Jobs

## Internshala (Frontend) — India
<https://internshala.com/internships/front-end-development-internship/>

- 🎓 💻 Front End Development Internships: Find 94 Front End Development Intern Jobs
- 💻 MERN Stack Web Developer

## Internshala (Backend) — India
<https://internshala.com/internships/back-end-development-internship/>

- 🎓 💻 Backend Development Internships: Find 102 Backend Development Intern Jobs

## Internshala (App Dev) — India
<https://internshala.com/internships/mobile-app-development-internship/>

- 🎓 Mobile App Development Internships: Find 64 Mobile App Development Intern Jobs

## YC Work at a Startup — Remote
<https://www.workatastartup.com/jobs>

- 💻 Backend Engineer
- 💻 Founding Backend Engineer
- 🎓 Software Engineering Intern
- 💻 Staff Software Engineer, SMS Team (Fullstack)

## Airwallex — Singapore
<https://www.airwallex.com/careers>

- 🤖 Engineering Lead, Infrastructure (Data & AI) Engineering APAC, Singapore
- 💻 Senior Software Engineer, Infrastructure & Productivity Engineering APAC, Shanghai
- 💻 Software Engineer, Scale Engineering Engineering • London EMEA , London London
- 💻 Staff Software Engineer, Onboarding Team Engineering Singapore
- 💻 Staff Software Engineer, Search Platform Engineering Singapore

## Glints — Singapore
<https://glints.com/careers>

- 🎓 Customer Relations Intern

## Moon Technolabs — Ahmedabad
<https://www.moontechnolabs.com/career-with-us/>

- 🎓 Experience: Fresher
- 💻 Full Stack Developer
- 🎓 Trainee Business Development Executive
- 🎓 Trainee Product Sales Executive
- 🎓 Trainee Video Creator

## Mobiloitte — Delhi
<https://www.mobiloitte.com/careers/>

- 🤖 Job Title: Senior Python AI Engineer (Contract Role) Location: Remote Shift Timing: 5:00 PM ...
- 🤖 Sr Python AI Engineer Short term project 9+ yrs Remote 5 pm till 2 am

# 🔔 New career-page entries — 2026-07-12T02:45:36

## Accenture — Bengaluru
<https://www.accenture.com/in-en/careers/jobsearch?fl=Bengaluru>

- 🎓 Custom Software Engineering Associate Manager
- 🎓 Inbound Sales Representative Associate
- 🎓 Inbound Sales Representative Associate-Voice
- 🎓 Order to Cash Operations Associate

## Accenture — Hyderabad
<https://www.accenture.com/in-en/careers/jobsearch?fl=Hyderabad>

- 🎓 Custom Software Engineering Associate Manager
- 🎓 Inbound Sales Representative Associate
- 🎓 Inbound Sales Representative Associate-Voice
- 🎓 Order to Cash Operations Associate

## Accenture — Pune
<https://www.accenture.com/in-en/careers/jobsearch?fl=Pune>

- 🎓 Custom Software Engineering Associate Manager
- 🎓 Inbound Sales Representative Associate
- 🎓 Inbound Sales Representative Associate-Voice
- 🎓 Order to Cash Operations Associate

## Accenture — Gurugram
<https://www.accenture.com/in-en/careers/jobsearch?fl=Gurugram>

- 🎓 Custom Software Engineering Associate Manager
- 🎓 Inbound Sales Representative Associate
- 🎓 Inbound Sales Representative Associate-Voice
- 🎓 Order to Cash Operations Associate

## Keka HR — Hyderabad
<https://www.keka.com/careers>

- Hiring & Onboarding
- Hiring & Onboarding Create a great candidate experience before and after joining
- Hiring Software
- We are hiring !

## Zenskar — Bengaluru
<https://www.zenskar.com/careers>

- Account Executive-Mid Market(US)
- 🎓 Content Marketing Intern
- Customer Success & Solutions Manager
- 🎓 Customer Success Intern
- Engineering Manager
- Enterprise Account Executive (US)
- 🎓 Field Marketing & Events Intern
- Finance Executive
- Forward Deployed Engineer
- 🎓 Intern @ Zenskar
- Product Manager
- Product Security Engineer
- 🎓 Revenue Operations Intern
- Senior Forward Deployed Engineer
- 🤖 Senior GenAI Engineer
- Senior Solutions Engineer (US)
- Solutions Consultant
- 💻 Tech Lead - Backend
- Technical Support Engineer
- We're hiring across every function. Here's where we're building right now.
- or apply via our careers page here:

## Peoplebox — Bengaluru
<https://www.peoplebox.ai/careers>

- 🎓 Associate Product Manager (APM) 67 days ago BANGALORE Full Time
- Content Marketing Manager 342 days ago BANGALORE 4-6 Full Time
- SEO Lead 226 days ago BANGALORE 4-6 Full Time
- 💻 Senior Backend Engineer 338 days ago BANGALORE 5-9 Full Time
- Talent Acquisition Lead 116 days ago BANGALORE 5+ Full Time

## Internshala (SDE) — India
<https://internshala.com/internships/software-development-internship/>

- 🎓 💻 Software Development Internships: 209+ Software Development Intern Jobs

## Internshala (AI) — India
<https://internshala.com/internships/artificial-intelligence-internship/>

- 🎓 🤖 Artificial intelligence Internships: Find 163 Artificial intelligence Intern Jobs

## YCombinator Jobs — Bengaluru
<https://www.ycombinator.com/jobs/location/bengaluru>

- 🤖 Vahan (S19) • AI recruiter for India's massive blue-collar workforce ( 19 days ago)

## Qualcomm — India
<https://careers.qualcomm.com/careers>

- 🤖 💻 AI Infrastructure Software Engineer Shanghai, Shanghai, China Software Engineering Posted 2 days ago

## To The New — Noida
<https://www.tothenew.com/careers>

- 🎓 Associate Quality Engineering Lead
- 🎓 Associate Quality Engineering Lead 6-8 years Noida

## Internshala (Web Dev) — India
<https://internshala.com/internships/web-development-internship/>

- 🎓 Web Development Internships: 307+ Web Development Intern Jobs

## Internshala (Python) — India
<https://internshala.com/internships/python-internship/>

- 🎓 Python Internships: Find 250 Python Intern Jobs

## Internshala (Full Stack) — India
<https://internshala.com/internships/full-stack-development-internship/>

- 🎓 💻 Full Stack Development Internships: 91+ Full Stack Development Intern Jobs

## Internshala (Frontend) — India
<https://internshala.com/internships/front-end-development-internship/>

- 💻 Frontend Engineer

## Internshala (App Dev) — India
<https://internshala.com/internships/mobile-app-development-internship/>

- 🎓 Mobile App Development Internships: Find 65 Mobile App Development Intern Jobs

## YC Work at a Startup — Remote
<https://www.workatastartup.com/jobs>

- 💻 Founding Software Engineer
- 💻 Fullstack Engineer

## AICTE Internship Portal — India
<https://internship.aicte-india.org/>

- 🎓 1 Crore Internship By 2027 | 79,57,193+ Internships | 82245 Companies

## Airwallex — Singapore
<https://www.airwallex.com/careers>

- 🎓 Associate, Credit Risk Operations Operations Management Americas, San Francisco
- 🤖 Engineering Manager, AI Tooling Engineering Engineering • Sydney APAC , Sydney Sydney
- 💻 Senior Software Engineer, Yield Engineering APAC, Sydney
- 🤖 Staff/Senior Data Scientist, Algorithm (Risk & Fraud) Product Product • San Francisco Americas , San Francisco San Francisco

## Entropik — Bengaluru
<https://www.entropik.io/careers>

- 🤖 AI Engineer 19 days ago Chennai 2-3 years Full Time
- 🤖 Senior AI Engineer 23 days ago Chennai 4-6 years Full Time
- 💻 Senior Backend Engineer 6 days ago Chennai , Chennai 3-6 years Full Time
- 💻 Senior Software Engineer - Backend + DevOps 9 days ago Chennai 3-6 years Full Time

## Softweb Solutions — Ahmedabad
<https://www.softwebsolutions.com/careers.html>

- 🎓 Intern

## Webs Optimization — Ahmedabad
<https://www.websoptimization.com/career>

- 💻 (as a developer, software engineer, or similar technical role)
- 💻 Full Stack Java Developer (Angular + Spring)
- 💻 Job Opportunity | Sr. Full Stack Java Developer | Ahmedabad (Work from Office)
- 💻 Mernstack Full Stack Developer
- 💻 Sr. Full Stack Java Developer
- 💻 Sr. Full Stack Java Developer (Angular + Spring)

## Nevina Infotech — Ahmedabad
<https://nevinainfotech.com/career>

- 💻 Hire Web Developer

## Nettechnocrats — Ahmedabad
<https://www.nettechnocrats.com/careers/>

- 💻 We develop innovative digital solutions that enhance Software Development, Cloud & DevOps etc.

## Nevina Infotech — Ahmedabad
<https://www.nevinainfotech.com/careers>

- 🎓 Fresher
- 💻 Hire Web Developer
- 🤖 Job Title: Content Marketing & Link Building Specialist (AI-Driven SEO Expert)
- 🤖 SEO - Content Marketing & Link Building Specialist (AI-Driven SEO Expert)

## Alian Software — Ahmedabad
<https://www.aliansoftware.com/careers/>

- 🤖 AI product designer
- 💻 Full-stack engineer
- 🤖 Senior AI / ML engineer

## Mindpath Technology — Ahmedabad
<https://www.mindpathtech.com/careers/>

- 🎓 Business Development Intern
- 🎓 Employment Type - Internship
- 🎓 💻 Frontend Developer Intern
- 🎓 Python Intern

## E2M Solutions — Ahmedabad
<https://www.e2msolutions.com/careers/>

- 🤖 AI Adoption Specialist - SEO 111 days ago Ahmedabad 4 Years Full Time
- 🤖 AI Adoption Specialist 312 days ago Ahmedabad 3+ Years Full Time
- 🤖 AI Engineer 68 days ago Ahmedabad 2 -3 Years Full Time
- 🎓 🤖 Associate AI Engineer 72 days ago Ahmedabad 1 - 2 Years Full Time
- 🎓 Associate Client Account Manager - SEO 320 days ago Ahmedabad 1 - 3 Years Full Time
- 🎓 Associate Client Account Manager 44 days ago Ahmedabad 1- 2 Years Full Time
- 🎓 🤖 💻 Associate Full Stack AI Engineer 69 days ago Ahmedabad 1 - 2 Full Time
- 💻 Full Stack Developer 40 days ago Ahmedabad 3 -5 Years Full Time
- 🎓 🤖 Junior AI Automation Engineer 33 days ago Ahmedabad 1+ Years Full Time
- 🤖 QA Manager – AI Automation 223 days ago Ahmedabad 7 years Full Time
- 💻 Senior Frontend Wordpress Developer (US Shift) 340 days ago Ahmedabad 7+ Full Time
- 🤖 Technical Lead - AI 110 days ago Ahmedabad 5-8 Years Full Time

# 🔔 New career-page entries — 2026-07-12T08:17:40

## Accenture — Bengaluru
<https://www.accenture.com/in-en/careers/jobsearch?fl=Bengaluru>

- 🤖 Enterprise AI Value Strategy Manager
- 🤖 Enterprise AI Value Strategy Senior Manager
- 💻 Full Stack Engineering Senior Manager
- 🤖 IMU - AI & Data Manager
- 🎓 Strategy Innovation Associate Director
- 🎓 Workplace Service Delivery Associate Manager
- 🎓 Workplace Service Delivery Associate Manager-Events

## Accenture — Hyderabad
<https://www.accenture.com/in-en/careers/jobsearch?fl=Hyderabad>

- 🤖 Enterprise AI Value Strategy Manager
- 🤖 Enterprise AI Value Strategy Senior Manager
- 💻 Full Stack Engineering Senior Manager
- 🤖 IMU - AI & Data Manager
- 🎓 Strategy Innovation Associate Director
- 🎓 Workplace Service Delivery Associate Manager
- 🎓 Workplace Service Delivery Associate Manager-Events

## Accenture — Pune
<https://www.accenture.com/in-en/careers/jobsearch?fl=Pune>

- 🤖 Enterprise AI Value Strategy Manager
- 🤖 Enterprise AI Value Strategy Senior Manager
- 💻 Full Stack Engineering Senior Manager
- 🤖 IMU - AI & Data Manager
- 🎓 Strategy Innovation Associate Director
- 🎓 Workplace Service Delivery Associate Manager
- 🎓 Workplace Service Delivery Associate Manager-Events

## Accenture — Gurugram
<https://www.accenture.com/in-en/careers/jobsearch?fl=Gurugram>

- 🤖 Enterprise AI Value Strategy Manager
- 🤖 Enterprise AI Value Strategy Senior Manager
- 💻 Full Stack Engineering Senior Manager
- 🤖 IMU - AI & Data Manager
- 🎓 Strategy Innovation Associate Director
- 🎓 Workplace Service Delivery Associate Manager
- 🎓 Workplace Service Delivery Associate Manager-Events

## IBM — India
<https://www.ibm.com/in-en/careers/search>

- 🎓 🤖 Cloud Duales Studium 2027 Bachelor@IBM: Wirtschaftsinformatik - Data Science (f,m,x) Internship Ehningen, DE
- 🎓 Cloud Master@IBM IBM Cloud Technical Sales Specialist (f/m/x) Internship KOELN, DE
- 🤖 Consulting Technical Consultant-AI Integration Professional Bangalore, IN
- 🎓 Infrastructure & Technology Package Specialist 2026- Workday HCM & Compensation Entry Level Multiple Cities
- 🎓 Internship (101)
- 🎓 Sales Apprenti.e 'Metropole Program' Business développement – Ecosystème - IBM France - H/F Internship Bois Colombes Cedex, FR
- 🎓 Sales Entry Level Technical Sales Specialist Entry Level Bucharest, RO
- 💻 Software Engineering Application Developer-Cloud FullStack Professional Bangalore, IN
- 🎓 Software Engineering IBM Consulting Interns Internship QUEZON CITY, PH

## Internshala (ML) — India
<https://internshala.com/internships/machine-learning-internship/>

- 🎓 🤖 Machine Learning Internships: Find 138 Machine Learning Intern Jobs

## Internshala (SDE) — India
<https://internshala.com/internships/software-development-internship/>

- 🎓 Junior PHP Developer
- 🎓 💻 Software Development Internships: 212+ Software Development Intern Jobs

## YCombinator Jobs — Bengaluru
<https://www.ycombinator.com/jobs/location/bengaluru>

- 🤖 Vahan (S19) • AI recruiter for India's massive blue-collar workforce ( 6 days ago)

## Qualcomm — India
<https://careers.qualcomm.com/careers>

- 🤖 3. Machine Learning Engineer
- 💻 Data Centre Software Engineer - Rack Management - Riyadh, KSA Riyadh, Saudi Arabia Software Engineering Posted 2 days ago
- 🤖 Engineer, Senior-AI and Machine Learning with embedded/C++ Hyderabad, Telangana, India Software Engineering Posted 2 months ago
- 🤖 Machine Learning & Generative AI Engineer, up to Staff Hsinchu City, Hsinchu City, Taiwan Hardware Engineering Posted 2 days ago
- 🤖 💻 Senior Software Engineer – Edge AI/GenAI San Diego, California, United States of America Software Engineering Posted a month ago
- 🤖 💻 Staff AI Software Engineer Markham, Ontario, Canada Machine Learning Engineering Posted 5 months ago

## Arcesium — Bengaluru
<https://careers.arcesium.com/>

- 💻 Software Engineer

## Fractal Analytics — India
<https://fractal.ai/careers/>

- 🤖 hiring@fractal.ai

## Kore.ai — Hyderabad
<https://kore.ai/careers/>

- 🤖 AI Solution Sales Specialist
- 🤖 Lead AI Customer Engineer — Fanatic Customer Support
- 💻 Software Engineer/Senior Software Engineer - Technical Support

## MyCareersFuture (ML) — Singapore
<https://www.mycareersfuture.gov.sg/search?search=machine+learning&sortBy=new_posting_date>

- 🎓 If you are a fresh graduate looking for a traineeship opportunity
- 🎓 Junior Executive

## Signzy — Bengaluru
<https://www.signzy.com/careers/>

- 🎓 Associate Director - Enterprise Sales 873 days ago Chennai 7 years - 10 years Full Time
- 🎓 Lead Generation Associate 4 days ago Bangalore 1 to 3 Full Time
- 🎓 Partnership Intern 4 days ago Mumbai 0 to 1 Full Time
- 🎓 Sales Associate 19 days ago Mumbai 1 - 2 years Full Time

## Gramener — Hyderabad
<https://gramener.com/careers/>

- 🤖 Data Scientist
- 🤖 Data Scientist Bangalore Validate the models developed against statistical robustness and business sense.
- 🎓 Internship is processed with technical assessment followed by discussion with the hiring manager.
- 🎓 Junior UI/UX Engineer Hyderabad/ Collaborate with marketing and sales teams to design and implement website updates and landing pages.
- 🤖 Lead Data Science Engineer at Gramener
- 🤖 Lead Data Scientist – SFE Analytics Hyderabad Worked extensively on SFE Analytics (Pharma preferred).
- 🤖 Python Developer – GenAI/NLP Integration Hyderabad/Bangalore Core Python Development: 4–8 years of hands-on experience.
- 💻 Senior Full-Stack Developer Bangalore AWS or Azure cloud, Server management with basic visualization.
- 🎓 What is your process for Campus Hiring?

## Thunes — Singapore
<https://www.thunes.com/careers/>

- 🎓 Enterprise Singapore Graduate Scheme

## NICE — Pune
<https://www.nice.com/careers>

- 🤖 pageVisits-_glossary%2Fautomating-qa-with-ai
- 🤖 pageVisits-_info%2Ftop-trends-in-automating-qa-with-ai-what-you-need-to-know
- 🤖 pageVisits-_resources%2F5-executive-priorities-to-scale-agentic-ai-for-enterprise-value
- 🤖 pageVisits-_resources%2Fanalyst-backed-strategies-10-cx-ai-insights-for-executive-decision-makers
- 🤖 pageVisits-_resources%2Ftop-10-ai-first-cx-trends-to-lead-in-2026

## Internshala (Data Science) — India
<https://internshala.com/internships/data-science-internship/>

- 🎓 🤖 Data Science Internships: Find 321 Data Science Intern Jobs

## Internshala (Web Dev) — India
<https://internshala.com/internships/web-development-internship/>

- 🎓 Junior PHP Developer
- 🎓 Web Development Internships: 310+ Web Development Intern Jobs

## Internshala (Python) — India
<https://internshala.com/internships/python-internship/>

- 🎓 Python Internships: Find 252 Python Intern Jobs

## Internshala (Full Stack) — India
<https://internshala.com/internships/full-stack-development-internship/>

- 🎓 💻 Full Stack Development Internships: 92+ Full Stack Development Intern Jobs
- 🎓 Junior PHP Developer

## Internshala (Frontend) — India
<https://internshala.com/internships/front-end-development-internship/>

- 🎓 💻 Front End Development Internships: Find 96 Front End Development Intern Jobs
- 🎓 Junior PHP Developer

## Internshala (Backend) — India
<https://internshala.com/internships/back-end-development-internship/>

- 🎓 💻 Backend Development Internships: Find 105 Backend Development Intern Jobs
- 🎓 Junior PHP Developer

## Internshala (App Dev) — India
<https://internshala.com/internships/mobile-app-development-internship/>

- 🎓 Mobile App Development Internships: Find 64 Mobile App Development Intern Jobs

## Internshala (Bangalore) — Bengaluru
<https://internshala.com/internships/internship-in-bangalore/>

- 🎓 Marketing (Trainee)

## FreshersWorld — India
<https://www.freshersworld.com/jobs/jobsearch/internship-jobs>

- 🎓 0 (Fresher)
- 🎓 45 Fresher Internship Job vacancies 2026
- 🎓 45 Latest Internship Training 2026 (Internship & Jobs). Updated on 12 July 2026)
- 🤖 AI Developer
- 🤖 AI Developer Jobs
- 🤖 AI ML Engineer
- 🤖 AI ML Engineer Jobs
- 🎓 ARE YOU A FRESHER?
- 🎓 ASSOCIATE
- 🎓 ASSOCIATE CSR
- 🎓 ASSOCIATE CSR Jobs
- 🎓 ASSOCIATE Jobs
- 🎓 Accountant Trainee Jobs Opening in Pearl Lemon at Central Delhi, Delhi Cantt., Delhi-Others, Bangalore, Mumbai, Delhi
- 🎓 Accounting Associate
- 🎓 Accounting Associate Jobs
- 🎓 Accounts Trainee
- 🎓 Accounts Trainee Jobs
- 🎓 Actuarial Associate
- 🎓 Actuarial Associate Jobs
- 💻 Analyst Programmer
- 💻 Analyst Programmer Jobs
- 🎓 Analytical Associate
- 🎓 Analytical Associate Jobs
- 🎓 Apply to Accountant Trainee Jobs in Pearl Lemon, Bangalo...
- 🎓 Apply to B2B Sales Intern Jobs in Uniserv.Tech, Mumbai f...
- 🎓 Apply to B2B Sales Intern Jobs in Value Score Business S...
- 🎓 Apply to Marketing Intern Jobs in P3 Infotech Solutions ...
- 🎓 Apply to Music-Tech Studio Fellow / Intern Jobs in Nath...
- 🎓 Apply to Outreach Intern Rojgaar Jobs in Rojgaar, Mumba...
- 🎓 Apply to QA Intern Jobs in Instawork, Bangalore from 0 t...
- 🤖 Apply to Software AI Testing Jobs in PRAM EDUCATE IT SO...
- 🎓 Apply to Software Tester Trainee Jobs in Spraxa Solution...
- 🎓 Apply to the Latest Internship Now on Freshersworld!
- 🎓 Apprentice trainee
- 🎓 Apprentice trainee Jobs
- 🎓 Apprentice trainee engineering
- 🎓 Apprentice trainee engineering Jobs
- 🎓 Associate - Logistics
- 🎓 Associate - Logistics Jobs
- 🎓 Associate - Supply Chain
- 🎓 Associate - Supply Chain Jobs
- 🎓 Associate -HR
- 🎓 Associate -HR Jobs
- 🎓 Associate Accounts Payble
- 🎓 Associate Accounts Payble Jobs
- 🎓 Associate Banking Operations
- 🎓 Associate Banking Operations Jobs
- 🎓 Associate Business Analyst
- 🎓 Associate Business Analyst Jobs
- 🎓 Associate Consultant
- 🎓 Associate Consultant Jobs
- 🎓 Associate Customer
- 🎓 Associate Customer Jobs
- 🎓 Associate Customer Support
- 🎓 Associate Customer Support Jobs
- 🎓 Associate Data Analyst
- 🎓 Associate Data Analyst Jobs
- 🎓 Associate Finance
- 🎓 Associate Finance Jobs
- 🎓 Associate HR
- 🎓 Associate HR Jobs
- 🎓 Associate Hire to Retire
- 🎓 Associate Hire to Retire Jobs
- 🎓 Associate In Process Quality
- 🎓 Associate In Process Quality Jobs
- 🎓 Associate MIS
- 🎓 Associate MIS Jobs
- 🎓 Associate Maintenance
- 🎓 Associate Maintenance Jobs
- 🎓 Associate Network Business Analytics
- 🎓 Associate Network Business Analytics Jobs
- 🎓 Associate Product Manager
- 🎓 Associate Quality Testing
- 🎓 Associate Quality Testing Jobs
- 🎓 Associate Recruiter
- 🎓 Associate Recruiter Jobs
- 🎓 💻 Associate Software Development
- 🎓 💻 Associate Software Development Jobs
- 🎓 Associate UI/UX Designer
- 🎓 Associate UI/UX Designer Jobs
- 🎓 Associate-HR
- 🎓 Associate-HR Jobs
- 🎓 Associate-Procurement
- 🎓 Associate-Procurement Jobs
- 🎓 B2B Sales Intern Jobs Opening in Uniserv.Tech at Goregaon West, Mumbai
- 🎓 B2B Sales Intern Jobs Opening in Value Score Business Solutions LLP at Andheri East, Mumbai
- 💻 Back End Developer
- 🎓 Back office Associate
- 🎓 Back office Associate Jobs
- 🎓 💻 Backend Associate
- 🎓 💻 Backend Associate Jobs
- 🎓 Browse All Internship Vacancies on Freshersworld
- 🎓 Browse these internship roles and find your ideal internship job on Freshersworld.
- 🎓 Campus Hiring Officer
- 🎓 Campus Hiring Officer Jobs
- 🎓 Campus Recruiter
- 🎓 Campus Recruiter Jobs
- 🎓 Can freshers without any prior experience get an internship in India?
- 🤖 Consultant – AI & Data Scientist
- 🤖 Consultant – AI & Data Scientist Jobs
- 💻 Content Management Web Developer
- 💻 Content Management Web Developer Jobs
- 🎓 Credit Card Associate
- 🎓 Credit Card Associate Jobs
- 🎓 Customer Support Associate
- 🎓 Customer Support Associate Jobs
- 🎓 Data Analyst Internship
- 🎓 Data Analyst Internship Jobs
- 🎓 🤖 Data Science Internship
- 🎓 🤖 Data Science Internship Jobs
- 🤖 Data Scientist
- 🤖 Data Scientist Jobs
- 🎓 Digital Associate
- 🎓 Digital Associate Jobs
- 🎓 Digital Content Management New Associate
- 🎓 Digital Content Management New Associate Jobs
- 🎓 Digital Marketing Internship
- 🎓 Digital Marketing Internship Jobs
- 🎓 Enterprise Sales Associate
- 🎓 Enterprise Sales Associate Jobs
- 🎓 Explore some of the most in-demand internship roles and internship programs available this year:
- 🎓 Field Sales Associate
- 🎓 Field Sales Associate Jobs
- 🎓 Finance Internship
- 🎓 Finance Internship Jobs
- 🎓 Floor Associate
- 🎓 Floor Associate Jobs
- 🎓 For Quality Associate
- 🎓 For Quality Associate Jobs
- 🎓 Freshersworld updates its internship listings daily with verified roles from:
- 💻 Full Stack Developer
- 💻 Fullstack Developer
- 💻 Fullstack Developer Jobs
- 🎓 GCPR Sales Associate
- 🎓 GCPR Sales Associate Jobs
- 🎓 Get notified instantly when new internship roles matching your profile are posted.
- 🎓 HR And Admin Trainee
- 🎓 HR And Admin Trainee Jobs
- 🎓 HR Associate
- 🎓 HR Associate Jobs
- 🎓 HR Service Delivery New Associate
- 🎓 HR Service Delivery New Associate Jobs
- 🎓 How important are online certifications for securing an internship?
- 🎓 Inclusive Insurance Associate
- 🎓 Inclusive Insurance Associate Jobs
- 🎓 Internship
- 🎓 Internship Jobs
- 🎓 Internship Jobs In Ahmedabad
- 🎓 Internship Jobs In Bangalore
- 🎓 Internship Jobs In Chennai
- 🎓 Internship Jobs In Delhi
- 🎓 Internship Jobs In Gurgaon
- 🎓 Internship Jobs In Hyderabad
- 🎓 Internship Jobs In Kolkata
- 🎓 Internship Jobs In Mumbai
- 🎓 Internship Jobs In Noida
- 🎓 Internship Jobs In Pune
- 🎓 Internship Jobs in your city
- 🎓 Internship Opportunities by City
- 🎓 Internship Vacancies – Your Gateway to the Latest Internships in India for Freshers
- 🎓 Inventory Squad Associate
- 🎓 Inventory Squad Associate Jobs
- 💻 Java Fullstack Developer
- 💻 Java Fullstack Developer Jobs
- 🎓 Jr Associate
- 🎓 Jr Associate Jobs
- 🎓 💻 Junior Software Developer
- 🎓 💻 Junior Software Developer Jobs
- 🎓 Keep it short, professional, and specific to each internship application.
- 🎓 Latest Internship Job Openings 2026
- 🎓 Latest Internship Jobs
- 🎓 Latest Internship Openings on Freshersworld
- 🎓 Legal Associate Legal Completions
- 🎓 Legal Associate Legal Completions Jobs
- 🎓 Loader Operation Associate
- 🎓 Loader Operation Associate Jobs
- 🎓 MANGEMENT ASSOCIATE
- 🎓 MANGEMENT ASSOCIATE Jobs
- 🤖 ML Engineer
- 🤖 ML Engineer Jobs
- 🤖 Machine Learning Engineer
- 🤖 Machine Learning Engineer Jobs
- 🤖 Machine Learning Scientist
- 🤖 Machine Learning Scientist Jobs
- 🎓 Machining Associate
- 🎓 Machining Associate Jobs
- 🎓 Management Trainee
- 🎓 Management Trainee Jobs
- 🎓 Many companies offer Pre-Placement Offers (PPOs) to top-performing interns, converting your internship into a permanent role.
- 🎓 Market Research Associate
- 🎓 Market Research Associate Jobs
- 🎓 Market Research Trainee
- 🎓 Market Research Trainee Jobs
- 🎓 Marketing Intern Jobs Opening in P3 Infotech Solutions Pvt Ltd at Gurgaon-Others, Gurgaon
- 🎓 Mechanical Trainee
- 🎓 Mechanical Trainee Jobs
- 🎓 Middle Office Risk Support Associate
- 🎓 Middle Office Risk Support Associate Jobs
- 🎓 Music-Tech Studio Fellow / Intern Jobs Opening in Nathaniel School of Music at Bangalore
- 🎓 Naps /WILP Trainee ( Production
- 🎓 Naps /WILP Trainee ( Production Jobs
- 🎓 Other Graduate
- 🎓 Other Post Graduate
- 🎓 Outreach Intern Rojgaar Jobs Opening in Rojgaar at Andheri East, Borivali West, Byculla, Mumbai, Pune, Hyderabad
- 🎓 PTP Associate
- 🎓 PTP Associate Jobs
- 🎓 Paid Internship
- 🎓 Paid Internship Jobs
- 💻 Principal Software Engineer IT
- 💻 Principal Software Engineer IT Jobs
- 🎓 Process Associate Trainee
- 🎓 Process Associate Trainee Jobs
- 🎓 Procure to Pay Associate
- 🎓 Procure to Pay Associate Jobs
- 🎓 Procure to Pay New Associate
- 🎓 Procure to Pay New Associate Jobs
- 🎓 Procurement Associate
- 🎓 Procurement Associate Jobs
- 🎓 Production Trainee
- 🎓 Production Trainee Jobs
- 🎓 Program Management Associate
- 🎓 Program Management Associate Jobs
- 🎓 Project Management Associate
- 🎓 Project Management Associate Jobs
- 🎓 QA Intern Jobs Opening in Instawork at Koramangala, Bangalore
- 🎓 Quality Assurance Trainee
- 🎓 Quality Assurance Trainee Jobs
- 🎓 Regulatory Affairs associate
- 🎓 Regulatory Affairs associate Jobs
- 🎓 Regulatory Associate
- 🎓 Regulatory Associate Jobs
- 🎓 Regulatory Operation Associate
- 🎓 Regulatory Operation Associate Jobs
- 🎓 Regulatory Operations Associate
- 🎓 Regulatory Operations Associate Jobs
- 💻 Remote Front End Developer
- 💻 Remote Front End Developer Jobs
- 💻 Remote Software Developer
- 💻 Remote Software Developer Jobs
- 💻 Remote Software Engineer
- 💻 Remote Software Engineer Jobs
- 💻 Remote Web Developer
- 💻 Remote Web Developer Jobs
- 🎓 SAP FICO Associate Consultant
- 🎓 SAP FICO Associate Consultant Jobs
- 🎓 Sales Associate
- 🎓 Sales Associate FMCG
- 🎓 Sales Associate FMCG Jobs
- 🎓 Sales Associate Jobs
- 🎓 Sales Trainee
- 🎓 Sales Trainee Jobs
- 🎓 Salesforce Trainee
- 🎓 Salesforce Trainee Jobs
- 🎓 Senior Associate
- 🎓 Senior Associate - HR
- 🎓 Senior Associate - HR Jobs
- 🎓 Senior Associate Jobs
- 🎓 Senior Associate Order to Cash
- 🎓 Senior Associate Order to Cash Jobs
- 💻 Senior Front End Developer
- 💻 Senior Front End Developer Jobs
- 💻 Senior Full Stack Developer
- 💻 Senior Full Stack Developer Jobs
- 🎓 Senior Sales Associate
- 🎓 Senior Sales Associate Jobs
- 💻 Senior Software Developer
- 💻 Senior Software Developer Jobs
- 💻 Senior Software Engineer
- 💻 Senior Software Engineer Jobs
- 🎓 Senior sale associate
- 🎓 Senior sale associate Jobs
- 🤖 Software AI Testing Jobs Opening in PRAM EDUCATE IT SOFTWARE LLP at Wakad, Pune-Others, Pune
- 💻 Software Developer
- 💻 Software Developer Jobs
- 💻 Software Engineer
- 🎓 💻 Software Engineer - Trainee
- 🎓 💻 Software Engineer - Trainee Jobs
- 💻 Software Engineer II
- 💻 Software Engineer II Jobs
- 💻 Software Engineer Jobs
- 🎓 Software Tester Trainee Jobs Opening in Spraxa Solutions Pvt Ltd. at Noida City Centre, Sector 15, Noida, Sector 18, Noida, Noida
- 💻 Sr Software Engineer
- 💻 Sr Software Engineer Jobs
- 🎓 Summer Internship
- 🎓 Summer Internship Jobs
- 🎓 Supply chain trainee
- 🎓 Supply chain trainee Jobs
- 🎓 Technical Associate
- 🎓 Technical Associate Jobs
- 🎓 Technical Support Associate
- 🎓 Technical Support Associate Jobs
- 🎓 Tele Calling Associate Sales A
- 🎓 Tele Calling Associate Sales A Jobs
- 🎓 Tips to Get Selected for an Internship
- 🎓 To stand out in the competitive landscape of internship applications:
- 🎓 Top Internship Roles Hiring in India (2026)
- 🎓 Trainee Apprentice
- 🎓 Trainee Apprentice Jobs
- 🎓 Trainee EGC
- 🎓 Trainee EGC Jobs
- 🎓 Trainee Engineer
- 🎓 Trainee Engineer Jobs
- 🎓 Trainee Operator
- 🎓 Trainee Operator Jobs
- 🎓 Trainee Store Risk Management
- 🎓 Trainee Store Risk Management Jobs
- 🎓 Transaction Processing New Associate
- 🎓 Transaction Processing New Associate Jobs
- 🎓 Transaction processing associate
- 🎓 Transaction processing associate Jobs
- 💻 Web Developer
- 💻 Web Developer Jobs
- 🎓 What is the best way to find verified internship opportunities in India?
- 🎓 Work From Home Internship
- 🎓 Work From Home Internship Jobs
- 🎓 franchise associate
- 🎓 franchise associate Jobs
- 🎓 internship vacancies
- 🎓 production trainee
- 🎓 production trainee Jobs
- 🎓 transaction new associate
- 🎓 transaction new associate Jobs

## YC Work at a Startup — Remote
<https://www.workatastartup.com/jobs>

- 💻 Backend Engineer
- 💻 Senior Software Engineer, Journeys Team (Fullstack)

## AICTE Internship Portal — India
<https://internship.aicte-india.org/>

- 🎓 1 Crore Internship By 2027 | 79,57,193+ Internships | 82246 Companies

## Rupeek — Bengaluru
<https://rupeek.com/careers>

- 🎓 Senior Manager/ Associate Director - Lender Partnerships Location: Bengaluru, Karnataka, India 2 days ago

## Airwallex — Singapore
<https://www.airwallex.com/careers>

- 💻 Senior Software Engineer, Financial Platform Engineering Engineering • Singapore APAC , Singapore Singapore
- 💻 Senior Software Engineer, Scale Engineering London
- 💻 Software Engineer II (iOS), Financial Platform Engineering APAC, Singapore
- 💻 Software Engineer, Scale Engineering Engineering • London EMEA , London London
- 💻 Staff Software Engineer, Risk Engineering Singapore

## Yubi — Chennai
<https://www.go-yubi.com/careers/>

- 💻 Full Stack Software Engineer
- 🤖 Lead Engineer (Agentic AI)
- 🤖 Principal Engineer (Agentic AI)
- 🤖 Senior Data Scientist, Accumn — Mumbai
- 🤖 💻 Senior Software Engineer (Agentic AI)

# 🔔 New career-page entries — 2026-07-12T13:19:20

## Capgemini — India
<https://www.capgemini.com/in-en/careers/join-capgemini/job-search/>

- 🤖 GCP Data Engineer Mumbai (ex Bombay), Mumbai, Navi Mumbai, Noida, Pune + 13 Data & AI Permanent Experienced Professionals

## Swiggy — Bengaluru
<https://careers.swiggy.com/>

- Strategic Account Manager

## Internshala (ML) — India
<https://internshala.com/internships/machine-learning-internship/>

- 🎓 🤖 Machine Learning Internships: Find 140 Machine Learning Intern Jobs

## Internshala (SDE) — India
<https://internshala.com/internships/software-development-internship/>

- 🎓 💻 Software Development Internships: 209+ Software Development Intern Jobs

## Internshala (AI) — India
<https://internshala.com/internships/artificial-intelligence-internship/>

- 🎓 🤖 Artificial intelligence Internships: Find 162 Artificial intelligence Intern Jobs

## Pine Labs — Noida
<https://www.pinelabs.com/careers>

- 🎓 Management Trainee Program
- 🎓 Our flagship summer internship program for students from premier B-schools.
- 🎓 Sales Trainee Program

## Internshala (Web Dev) — India
<https://internshala.com/internships/web-development-internship/>

- 🎓 Web Development Internships: 306+ Web Development Intern Jobs

## Internshala (Frontend) — India
<https://internshala.com/internships/front-end-development-internship/>

- 🎓 💻 Front End Development Internships: Find 95 Front End Development Intern Jobs
- 💻 MERN Stack Web Developer

## Internshala (Backend) — India
<https://internshala.com/internships/back-end-development-internship/>

- 🎓 💻 Backend Development Internships: Find 103 Backend Development Intern Jobs
- 🤖 Data Scientist

## YC Work at a Startup — Remote
<https://www.workatastartup.com/jobs>

- 💻 Senior Software Engineer, Email Team

## AICTE Internship Portal — India
<https://internship.aicte-india.org/>

- 🎓 1 Crore Internship By 2027 | 79,57,193+ Internships | 82248 Companies

## Airwallex — Singapore
<https://www.airwallex.com/careers>

- 🤖 💻 Staff Backend Engineer, Agentic AI Engineering San Francisco
- 🤖 Staff/Senior Data Scientist, Algorithm (Risk & Fraud) Product Product • San Francisco Americas , San Francisco San Francisco

## Solace Infotech — Nashik
<https://solaceinfotech.com/career.html>

- 💻 Careers at Solace Infotech | Software Developer Jobs

# 🔔 New career-page entries — 2026-07-12T19:06:02

## Accenture — Bengaluru
<https://www.accenture.com/in-en/careers/jobsearch?fl=Bengaluru>

- 🎓 Custom Software Engineering Associate Manager
- 🎓 Inbound Sales Representative Associate
- 🎓 Inbound Sales Representative Associate-Voice
- 🎓 Order to Cash Operations Associate

## Accenture — Hyderabad
<https://www.accenture.com/in-en/careers/jobsearch?fl=Hyderabad>

- 🎓 Custom Software Engineering Associate Manager
- 🎓 Inbound Sales Representative Associate
- 🎓 Inbound Sales Representative Associate-Voice
- 🎓 Order to Cash Operations Associate

## Accenture — Pune
<https://www.accenture.com/in-en/careers/jobsearch?fl=Pune>

- 🎓 Custom Software Engineering Associate Manager
- 🎓 Inbound Sales Representative Associate
- 🎓 Inbound Sales Representative Associate-Voice
- 🎓 Order to Cash Operations Associate

## Accenture — Gurugram
<https://www.accenture.com/in-en/careers/jobsearch?fl=Gurugram>

- 🎓 Custom Software Engineering Associate Manager
- 🎓 Inbound Sales Representative Associate
- 🎓 Inbound Sales Representative Associate-Voice
- 🎓 Order to Cash Operations Associate

## Capgemini — India
<https://www.capgemini.com/in-en/careers/join-capgemini/job-search/>

- 🤖 GCP Data Engineer Pune, Salem, Tiruchirapalli, Tiruchirappalli, Bangalore + 13 Data & AI Permanent Experienced Professionals

## Cognizant — India
<https://careers.cognizant.com/global-en/jobs/>

- 🤖 AI ML Architect (Remote)
- 🤖 Senior Data Scientist ( Remote)
- 🎓 ServiceNow Alliances Lead - Associate Director

## Cognizant — India
<https://careers.cognizant.com/india-en/jobs/>

- 🤖 AI ML Architect (Remote)
- 🤖 Senior Data Scientist ( Remote)
- 🎓 ServiceNow Alliances Lead - Associate Director

## Internshala (ML) — India
<https://internshala.com/internships/machine-learning-internship/>

- 🎓 🤖 Machine Learning Internships: Find 132 Machine Learning Intern Jobs

## Internshala (SDE) — India
<https://internshala.com/internships/software-development-internship/>

- 🎓 💻 Software Development Internships: 199+ Software Development Intern Jobs

## Internshala (AI) — India
<https://internshala.com/internships/artificial-intelligence-internship/>

- 🎓 🤖 Artificial intelligence Internships: Find 157 Artificial intelligence Intern Jobs

## Qualcomm — India
<https://careers.qualcomm.com/careers>

- 🤖 3. Machine Learning Engineer
- 🎓 🤖 Engineer/Associate Engineer - AI Platform Hyderabad, Telangana, India Software Engineering Posted 3 days ago
- 🎓 Engineering Intern
- 💻 IT Software Developer
- 🎓 Interim Engineering Intern - SW
- 🎓 Interim Intern
- 🎓 Intern
- 🤖 Senior AI Engineer – Depth Estimation and Dense Scene Understanding

## Tabby — Dubai
<https://tabby.ai/careers>

- 🎓 🤖 AI Intern KSA
- 🎓 AML Associate KSA
- 🎓 Compliance Associate Egypt
- 🎓 DBA Intern KSA
- 🎓 DevOps Intern KSA
- 🎓 FinOps Associate KSA
- 🎓 Information Security Intern KSA
- 🎓 💻 Intern Backend (Go) Engineer KSA
- 🎓 Intern QA Engineer KSA
- 🎓 Risk Associate Egypt
- 💻 Senior Backend Engineer II Remote
- 🎓 Senior Tax Associate KSA
- 🤖 Technical Project Manager (AI focus) Remote

## Tekion — Bengaluru
<https://tekion.com/careers>

- 💻 Architect, Software Engineering - Frontend - Integration

## Synechron — Pune
<https://www.synechron.com/careers>

- 💻 Backend Java Developer - Java Version 17+, Sp... Gurugram, India JR1041731
- 🎓 💻 Full Stack Java Developer Bengaluru - EC-2 Gateway campus, India JR1041769

## Internshala (Data Science) — India
<https://internshala.com/internships/data-science-internship/>

- 🎓 🤖 Data Science Internships: Find 309 Data Science Intern Jobs

## Internshala (Web Dev) — India
<https://internshala.com/internships/web-development-internship/>

- 🎓 Web Development Internships: 296+ Web Development Intern Jobs

## Internshala (Python) — India
<https://internshala.com/internships/python-internship/>

- 🎓 Python Internships: Find 242 Python Intern Jobs

## Internshala (Full Stack) — India
<https://internshala.com/internships/full-stack-development-internship/>

- 🎓 💻 Full Stack Development Internships: 86+ Full Stack Development Intern Jobs

## Internshala (Frontend) — India
<https://internshala.com/internships/front-end-development-internship/>

- 🎓 💻 Front End Development Internships: Find 92 Front End Development Intern Jobs

## Internshala (Backend) — India
<https://internshala.com/internships/back-end-development-internship/>

- 🎓 💻 Backend Development Internships: Find 99 Backend Development Intern Jobs

## Internshala (App Dev) — India
<https://internshala.com/internships/mobile-app-development-internship/>

- 🎓 Mobile App Development Internships: Find 62 Mobile App Development Intern Jobs

## YC Work at a Startup — Remote
<https://www.workatastartup.com/jobs>

- 💻 Software Engineer - Full Time
- 💻 Staff Software Engineer, SMS Team (Fullstack)

## AICTE Internship Portal — India
<https://internship.aicte-india.org/>

- 🎓 INTERNSHIP BY INDIAN ARMY

## Airwallex — Singapore
<https://www.airwallex.com/careers>

- 🤖 Engineering Lead, Infrastructure (Data & AI) Engineering APAC, Singapore
- 🎓 Senior Associate, Revenue Strategy & Enablement, EMEA Operations Management Amsterdam

## Softweb Solutions — Ahmedabad
<https://www.softwebsolutions.com/careers.html>

- 🎓 Intern

# 🔔 New career-page entries — 2026-07-13T02:47:17

## Accenture — Bengaluru
<https://www.accenture.com/in-en/careers/jobsearch?fl=Bengaluru>

- 🤖 AI / ML Engineer
- 🤖 AI/ML Computational Science Manager
- 🤖 AI/ML Computational Science Team Lead/Consultant
- 🎓 Advertising Sales Rep Associate-Voice
- 🎓 Advertising Sales Representative Associate
- 💻 Custom Software Engineer
- 💻 Full Stack Engineer
- 🤖 LLM Model Developer
- 🎓 Record to Report Operations Associate
- 🎓 Record to Report Ops Associate
- 🎓 Technology Architecture Associate Manager

## Accenture — Hyderabad
<https://www.accenture.com/in-en/careers/jobsearch?fl=Hyderabad>

- 🤖 AI / ML Engineer
- 🤖 AI/ML Computational Science Manager
- 🤖 AI/ML Computational Science Team Lead/Consultant
- 🎓 Advertising Sales Rep Associate-Voice
- 🎓 Advertising Sales Representative Associate
- 💻 Custom Software Engineer
- 💻 Full Stack Engineer
- 🤖 LLM Model Developer
- 🎓 Record to Report Operations Associate
- 🎓 Record to Report Ops Associate
- 🎓 Technology Architecture Associate Manager

## Accenture — Pune
<https://www.accenture.com/in-en/careers/jobsearch?fl=Pune>

- 🤖 AI / ML Engineer
- 🤖 AI/ML Computational Science Manager
- 🤖 AI/ML Computational Science Team Lead/Consultant
- 🎓 Advertising Sales Rep Associate-Voice
- 🎓 Advertising Sales Representative Associate
- 💻 Custom Software Engineer
- 💻 Full Stack Engineer
- 🤖 LLM Model Developer
- 🎓 Record to Report Operations Associate
- 🎓 Record to Report Ops Associate
- 🎓 Technology Architecture Associate Manager

## Accenture — Gurugram
<https://www.accenture.com/in-en/careers/jobsearch?fl=Gurugram>

- 🤖 AI / ML Engineer
- 🤖 AI/ML Computational Science Manager
- 🤖 AI/ML Computational Science Team Lead/Consultant
- 🎓 Advertising Sales Rep Associate-Voice
- 🎓 Advertising Sales Representative Associate
- 💻 Custom Software Engineer
- 💻 Full Stack Engineer
- 🤖 LLM Model Developer
- 🎓 Record to Report Operations Associate
- 🎓 Record to Report Ops Associate
- 🎓 Technology Architecture Associate Manager

## Capgemini — India
<https://www.capgemini.com/in-en/careers/join-capgemini/job-search/>

- 🤖 Azure Databricks Engineer Pune, Mumbai (ex Bombay), Bangalore, Hyderabad, Chennai (ex Madras) Data & AI Permanent Experienced Professionals

## Cognizant — India
<https://careers.cognizant.com/global-en/jobs/>

- 🤖 ML Engineer

## Cognizant — India
<https://careers.cognizant.com/india-en/jobs/>

- 🤖 ML Engineer

## Zenskar — Bengaluru
<https://www.zenskar.com/careers>

- Account Executive-Mid Market(US)
- 🎓 Content Marketing Intern
- Customer Success & Solutions Manager
- 🎓 Customer Success Intern
- Engineering Manager
- Enterprise Account Executive (US)
- 🎓 Field Marketing & Events Intern
- Finance Executive
- Forward Deployed Engineer
- 🎓 Intern @ Zenskar
- Product Manager
- Product Security Engineer
- 🎓 Revenue Operations Intern
- Senior Forward Deployed Engineer
- 🤖 Senior GenAI Engineer
- Senior Solutions Engineer (US)
- Solutions Consultant
- 💻 Tech Lead - Backend
- Technical Support Engineer
- We're hiring across every function. Here's where we're building right now.
- or apply via our careers page here:

## Internshala (ML) — India
<https://internshala.com/internships/machine-learning-internship/>

- 🎓 🤖 Machine Learning Internships: Find 131 Machine Learning Intern Jobs

## Internshala (SDE) — India
<https://internshala.com/internships/software-development-internship/>

- 🎓 💻 Software Development Internships: 200+ Software Development Intern Jobs

## Internshala (AI) — India
<https://internshala.com/internships/artificial-intelligence-internship/>

- 🎓 🤖 Artificial intelligence Internships: Find 155 Artificial intelligence Intern Jobs

## YCombinator Jobs — Bengaluru
<https://www.ycombinator.com/jobs/location/bengaluru>

- 🤖 Vahan (S19) • AI recruiter for India's massive blue-collar workforce ( 20 days ago)

## Qualcomm — India
<https://careers.qualcomm.com/careers>

- 💻 Data Centre Software Engineer - Rack Management - Riyadh, KSA Riyadh, Saudi Arabia Software Engineering Posted 3 days ago
- 🤖 Machine Learning & Generative AI Engineer, up to Staff Hsinchu City, Hsinchu City, Taiwan Hardware Engineering Posted 3 days ago
- 🤖 Senior Engineer - AI Agentic Fuzzing & Linux Security Hyderabad, Telangana, India Software Engineering Posted 3 days ago

## Internshala Chennai — Chennai
<https://internshala.com/internships/internship-in-chennai/>

- 🎓 Sales Development Representative (SDR) Intern SaaSNova

## Pine Labs — Noida
<https://www.pinelabs.com/careers>

- 🎓 Management Trainee Program
- 🎓 Our flagship summer internship program for students from premier B-schools.
- 🎓 Sales Trainee Program

## Internshala (Data Science) — India
<https://internshala.com/internships/data-science-internship/>

- 🎓 🤖 Data Science Internships: Find 308 Data Science Intern Jobs

## Internshala (Web Dev) — India
<https://internshala.com/internships/web-development-internship/>

- 🎓 Web Development Internships: 295+ Web Development Intern Jobs

## Internshala (App Dev) — India
<https://internshala.com/internships/mobile-app-development-internship/>

- 🎓 Mobile App Development Internships: Find 63 Mobile App Development Intern Jobs

## YC Work at a Startup — Remote
<https://www.workatastartup.com/jobs>

- 💻 Founding Backend Engineer

## Airwallex — Singapore
<https://www.airwallex.com/careers>

- 🎓 Associate Director, Strategy & Operations – CEO Office Operations Management EMEA, London
- 🤖 Senior AI Engineer Engineering APAC, Singapore
- 🤖 Senior Data Platform Engineer, Knowledge Platform & AI Enablement Engineering APAC, Singapore
- 🤖 Senior Product Manager, Kai (AI assistant) Product Product • Singapore APAC , Singapore Singapore
- 💻 Staff Software Engineer Backend, Billing Engineering Engineering • Singapore APAC , Singapore Singapore
- 🤖 💻 Staff Software Engineer, AI Tooling Engineering APAC, Sydney

## Entropik — Bengaluru
<https://www.entropik.io/careers>

- 🤖 AI Engineer 20 days ago Chennai 2-3 years Full Time
- 🤖 Senior AI Engineer 24 days ago Chennai 4-6 years Full Time
- 💻 Senior Backend Engineer 7 days ago Chennai , Chennai 3-6 years Full Time
- 💻 Senior Software Engineer - Backend + DevOps 10 days ago Chennai 3-6 years Full Time

## Moon Technolabs — Ahmedabad
<https://www.moontechnolabs.com/career-with-us/>

- 💻 Full Stack Developer

## E2M Solutions — Ahmedabad
<https://www.e2msolutions.com/careers/>

- 🤖 AI Adoption Specialist - SEO 112 days ago Ahmedabad 4 Years Full Time
- 🤖 AI Adoption Specialist 313 days ago Ahmedabad 3+ Years Full Time
- 🤖 AI Engineer 69 days ago Ahmedabad 2 -3 Years Full Time
- 🎓 🤖 Associate AI Engineer 73 days ago Ahmedabad 1 - 2 Years Full Time
- 🎓 Associate Client Account Manager - SEO 321 days ago Ahmedabad 1 - 3 Years Full Time
- 🎓 Associate Client Account Manager 45 days ago Ahmedabad 1- 2 Years Full Time
- 🎓 🤖 💻 Associate Full Stack AI Engineer 70 days ago Ahmedabad 1 - 2 Full Time
- 💻 Full Stack Developer 41 days ago Ahmedabad 3 -5 Years Full Time
- 🎓 🤖 Junior AI Automation Engineer 34 days ago Ahmedabad 1+ Years Full Time
- 🤖 QA Manager – AI Automation 224 days ago Ahmedabad 7 years Full Time
- 💻 Senior Frontend Wordpress Developer (US Shift) 341 days ago Ahmedabad 7+ Full Time
- 🤖 Technical Lead - AI 111 days ago Ahmedabad 5-8 Years Full Time

# 🔔 New career-page entries — 2026-07-13T09:26:59

## GIFT City (aggregator) — Gandhinagar
<https://giftgujarat.in/company-job-openings>

- Chief Manager - AIF
- Deputy Manager - Manager

## Accenture — Bengaluru
<https://www.accenture.com/in-en/careers/jobsearch?fl=Bengaluru>

- 🎓 Campaign Management Associate
- 🎓 Delivery Operations Associate Manager
- 🎓 Order to Cash Operations Associate
- 🎓 Packaged Application Development Associate Manager

## Accenture — Hyderabad
<https://www.accenture.com/in-en/careers/jobsearch?fl=Hyderabad>

- 🎓 Campaign Management Associate
- 🎓 Delivery Operations Associate Manager
- 🎓 Order to Cash Operations Associate
- 🎓 Packaged Application Development Associate Manager

## Accenture — Pune
<https://www.accenture.com/in-en/careers/jobsearch?fl=Pune>

- 🎓 Campaign Management Associate
- 🎓 Delivery Operations Associate Manager
- 🎓 Order to Cash Operations Associate
- 🎓 Packaged Application Development Associate Manager

## Accenture — Gurugram
<https://www.accenture.com/in-en/careers/jobsearch?fl=Gurugram>

- 🎓 Campaign Management Associate
- 🎓 Delivery Operations Associate Manager
- 🎓 Order to Cash Operations Associate
- 🎓 Packaged Application Development Associate Manager

## Capgemini — India
<https://www.capgemini.com/in-en/careers/join-capgemini/job-search/>

- 🎓 Associate AP Invoice Processing Process Expert Kolkata Finance Permanent Experienced Professionals
- 🤖 GenAI & Agentic AI Engineer Pune Data & AI Permanent Experienced Professionals

## IBM — India
<https://www.ibm.com/in-en/careers/career-opportunities>

- 🎓 Entry Level Sales Specialist - Automation

## Tech Mahindra — India
<https://careers.techmahindra.com/>

- 💻 Sr. Software Engineer

## Keka HR — Hyderabad
<https://www.keka.com/careers>

- Hiring & Onboarding
- Hiring & Onboarding Create a great candidate experience before and after joining
- Hiring Software
- We are hiring !

## Peoplebox — Bengaluru
<https://www.peoplebox.ai/careers>

- 🎓 Associate Product Manager (APM) 68 days ago BANGALORE Full Time
- Content Marketing Manager 343 days ago BANGALORE 4-6 Full Time
- SEO Lead 227 days ago BANGALORE 4-6 Full Time
- 💻 Senior Backend Engineer 339 days ago BANGALORE 5-9 Full Time
- Talent Acquisition Lead 117 days ago BANGALORE 5+ Full Time

## Swiggy — Bengaluru
<https://careers.swiggy.com/>

- Engineering Manager

## Meesho — Bengaluru
<https://www.meesho.io/jobs>

- Deputy Manager - Business Finance Finance, Legal & PR Bangalore, Karnataka

## Internshala (ML) — India
<https://internshala.com/internships/machine-learning-internship/>

- 🎓 🤖 Machine Learning Internships: Find 132 Machine Learning Intern Jobs

## Internshala (SDE) — India
<https://internshala.com/internships/software-development-internship/>

- 🎓 💻 Software Development Internships: 208+ Software Development Intern Jobs

## Internshala (AI) — India
<https://internshala.com/internships/artificial-intelligence-internship/>

- 🎓 🤖 Artificial intelligence Internships: Find 156 Artificial intelligence Intern Jobs

## YCombinator Jobs — Bengaluru
<https://www.ycombinator.com/jobs/location/bengaluru>

- 🤖 Vahan (S19) • AI recruiter for India's massive blue-collar workforce ( 7 days ago)

## Qualcomm — India
<https://careers.qualcomm.com/careers>

- 💻 1. Senior Software Developer
- 💻 2. Software Developer
- 🤖 3. Data Scientist
- 💻 4. Software Engineer
- 💻 5. Senior Software Engineer
- 🤖 💻 AI Software Engineer Xian, Shaanxi, China Software Engineering Posted 9 hours ago
- 💻 Camera Software Engineer Shanghai, Shanghai, China + 2 more Software Applications Engineering Posted 9 hours ago
- 🤖 Cloud Machine Learning Engineer - Riyadh, KSA Riyadh, Saudi Arabia Software Engineering Posted 4 days ago
- 🤖 Engineer, Senior-AI and Machine Learning with embedded/C++ Hyderabad, Telangana, India Software Engineering Posted 2 months ago
- 🤖 Engineer, Staff-AI and Machine Learning with embedded/C++ Hyderabad, Telangana, India Software Engineering Posted 2 months ago
- 🤖 Engineer, Staff-Machine Learning-Tools Hyderabad, Telangana, India Software Engineering Posted 7 days ago
- 🤖 Machine Learning Engineer
- 🤖 Machine Learning Engineer Shanghai, Shanghai, China + 1 more Software Engineering Posted 9 hours ago
- 🤖 Machine Learning Engineer Shenzhen, Guangdong, China + 1 more Software Engineering Posted 10 days ago
- 🤖 Machine Learning Engineer Shenzhen, Guangdong, China + 1 more Software Engineering Posted a month ago
- 🤖 Machine Learning Engineer Xian, Shaanxi, China + 1 more Software Engineering Posted 3 days ago
- 🤖 Machine Learning Engineer Xian, Shaanxi, China Software Engineering Posted a month ago
- 🤖 Modem Machine Learning Engineer San Diego, California, United States of America Modem Technologies Software Posted 14 days ago

## Kore.ai — Hyderabad
<https://kore.ai/careers/>

- 🤖 AI Solution Sales Specialist
- 🤖 Lead AI Customer Engineer — Fanatic Customer Support
- 💻 Software Engineer/Senior Software Engineer - Technical Support

## Tabby — Dubai
<https://tabby.ai/careers>

- 🎓 🤖 AI Intern KSA
- 🎓 AML Associate KSA
- 🎓 Compliance Associate Egypt
- 🎓 DBA Intern KSA
- 🎓 DevOps Intern KSA
- 🎓 FinOps Associate KSA
- 🎓 Information Security Intern KSA
- 🎓 💻 Intern Backend (Go) Engineer KSA
- 🎓 Intern QA Engineer KSA
- 🎓 Risk Associate Egypt
- 💻 Senior Backend Engineer II Remote
- 🎓 Senior Tax Associate KSA
- 🤖 Technical Project Manager (AI focus) Remote

## Internshala Pune — Pune
<https://internshala.com/internships/internship-in-pune/>

- 🎓 Article Trainee

## Internshala Noida — Noida
<https://internshala.com/internships/internship-in-noida/>

- 🎓 Knowledge Management And Research Associate
- 🎓 Server Administration Trainee
- 🎓 Social Media Creative Intern

## Internshala Gurgaon — Gurugram
<https://internshala.com/internships/internship-in-gurgaon/>

- 🎓 Knowledge Management And Research Associate
- 🎓 Server Administration Trainee
- 🎓 Social Media Creative Intern

## Grab — Singapore
<https://grab.careers/>

- 🎓 KAM GrabFood, Associate
- 💻 Senior Software Engineer, Fullstack

## Sea Group — Singapore
<https://career.sea.com/>

- 🎓 Intern 3 Positions

## Signzy — Bengaluru
<https://www.signzy.com/careers/>

- 🎓 Associate Director - Enterprise Sales 874 days ago Chennai 7 years - 10 years Full Time
- 🎓 Lead Generation Associate 5 days ago Bangalore 1 to 3 Full Time
- 🎓 Partnership Intern 5 days ago Mumbai 0 to 1 Full Time
- 🎓 Sales Associate 20 days ago Mumbai 1 - 2 years Full Time

## Wingify — Pune
<https://wingify.com/careers/>

- 🤖 GenAI Engineer
- 💻 Senior Software Engineer - Backend & Search
- 💻 Senior Software Engineer - Client Services
- 💻 Software Engineer - QA (Client Services team)
- 💻 Software Engineer – Backend (Commerce)
- 💻 Software Engineer – Full Stack

## Synechron — Pune
<https://www.synechron.com/careers>

- 💻 Backend Java Developer - Java Version 17+, Sp... Gurugram, India JR1041733

## Internshala (Data Science) — India
<https://internshala.com/internships/data-science-internship/>

- 🎓 🤖 Data Science Internships: Find 316 Data Science Intern Jobs
- 🎓 Knowledge Management And Research Associate

## Internshala (Web Dev) — India
<https://internshala.com/internships/web-development-internship/>

- 🎓 Web Development Internships: 306+ Web Development Intern Jobs

## Internshala (Python) — India
<https://internshala.com/internships/python-internship/>

- 🎓 Python Internships: Find 245 Python Intern Jobs

## Internshala (Frontend) — India
<https://internshala.com/internships/front-end-development-internship/>

- 🎓 💻 Front End Development Internships: Find 99 Front End Development Intern Jobs

## Internshala (Backend) — India
<https://internshala.com/internships/back-end-development-internship/>

- 🎓 💻 Backend Development Internships: Find 103 Backend Development Intern Jobs

## Internshala (App Dev) — India
<https://internshala.com/internships/mobile-app-development-internship/>

- 🎓 Mobile App Development Internships: Find 66 Mobile App Development Intern Jobs

## Internshala (Bangalore) — Bengaluru
<https://internshala.com/internships/internship-in-bangalore/>

- 🎓 Creator Talent Partnerships Intern
- 🎓 Education Growth Associate

## YC Work at a Startup — Remote
<https://www.workatastartup.com/jobs>

- 💻 Backend Engineer
- 🎓 Electrical Engineering Intern
- 💻 Founding Software Engineer
- 💻 Software engineer (senior)

## AICTE Internship Portal — India
<https://internship.aicte-india.org/>

- 🎓 1 Crore Internship By 2027 | 79,57,193+ Internships | 82254 Companies

## Rupeek — Bengaluru
<https://rupeek.com/careers>

- 🎓 Senior Manager/ Associate Director - Lender Partnerships Location: Bengaluru, Karnataka, India 3 days ago

## Airwallex — Singapore
<https://www.airwallex.com/careers>

- 💻 Software Engineer, Spend Engineering Engineering • Melbourne APAC , Melbourne Melbourne
- 💻 Staff Software Engineer, Risk Engineering Singapore

## Glints — Singapore
<https://glints.com/careers>

- 🎓 Client Acquisition Intern

## Softweb Solutions — Ahmedabad
<https://www.softwebsolutions.com/careers.html>

- 🎓 Intern

## Nevina Infotech — Ahmedabad
<https://nevinainfotech.com/career>

- 💻 Hire Web Developer

## Nettechnocrats — Ahmedabad
<https://www.nettechnocrats.com/careers/>

- 💻 We develop innovative digital solutions that enhance Software Development, Cloud & DevOps etc.

## Nevina Infotech — Ahmedabad
<https://www.nevinainfotech.com/careers>

- 🎓 Fresher
- 💻 Hire Web Developer
- 🤖 Job Title: Content Marketing & Link Building Specialist (AI-Driven SEO Expert)
- 🤖 SEO - Content Marketing & Link Building Specialist (AI-Driven SEO Expert)

## Alian Software — Ahmedabad
<https://www.aliansoftware.com/careers/>

- 🤖 AI product designer
- 💻 Full-stack engineer
- 🤖 Senior AI / ML engineer

## Mindpath Technology — Ahmedabad
<https://www.mindpathtech.com/careers/>

- 🎓 Business Development Intern
- 🎓 Employment Type - Internship
- 🎓 💻 Frontend Developer Intern
- 🎓 Python Intern

# 🔔 New career-page entries — 2026-07-13T14:33:59

## Accenture — Bengaluru
<https://www.accenture.com/in-en/careers/jobsearch?fl=Bengaluru>

- 🎓 Procurement Operations Associate
- 🎓 Record to Report Operations Associate
- 🎓 Record to Report Ops Associate

## Accenture — Hyderabad
<https://www.accenture.com/in-en/careers/jobsearch?fl=Hyderabad>

- 🎓 Procurement Operations Associate
- 🎓 Record to Report Operations Associate
- 🎓 Record to Report Ops Associate

## Accenture — Pune
<https://www.accenture.com/in-en/careers/jobsearch?fl=Pune>

- 🎓 Procurement Operations Associate
- 🎓 Record to Report Operations Associate
- 🎓 Record to Report Ops Associate

## Accenture — Gurugram
<https://www.accenture.com/in-en/careers/jobsearch?fl=Gurugram>

- 🎓 Procurement Operations Associate
- 🎓 Record to Report Operations Associate
- 🎓 Record to Report Ops Associate

## Capgemini — India
<https://www.capgemini.com/in-en/careers/join-capgemini/job-search/>

- 🤖 SAP BW4 HANA Consultant Chennai (ex Madras), Mumbai, Bangalore Data & AI Permanent Experienced Professionals

## Swiggy — Bengaluru
<https://careers.swiggy.com/>

- Account Manager

## Internshala (ML) — India
<https://internshala.com/internships/machine-learning-internship/>

- 🎓 🤖 Machine Learning Internships: Find 134 Machine Learning Intern Jobs

## Internshala (SDE) — India
<https://internshala.com/internships/software-development-internship/>

- 🎓 💻 Software Development Internships: 215+ Software Development Intern Jobs

## Internshala (AI) — India
<https://internshala.com/internships/artificial-intelligence-internship/>

- 🎓 🤖 Artificial intelligence Internships: Find 158 Artificial intelligence Intern Jobs

## Qualcomm — India
<https://careers.qualcomm.com/careers>

- 💻 2. Senior Software Engineer
- 💻 Camera Software Engineer Shanghai, Shanghai, China + 2 more Software Applications Engineering Posted 15 hours ago
- 💻 Embedded NPU Software Engineer, Senior San Diego, California, United States of America DSP Architecture and Design Posted 2 months ago
- 💻 Embedded NPU Software Engineer, Senior San Diego, California, United States of America DSP Architecture and Design Posted 4 months ago
- 💻 Windows on Snapdragon Software Engineer Farnborough, United Kingdom Software Applications Engineering Posted 15 hours ago

## Atlassian — Bengaluru
<https://www.atlassian.com/company/careers/all-jobs>

- 🤖 AI GTM Engineer, AI & Digital Natives
- 🎓 Account Associate, LATAM (Portuguese Speaking)
- 🎓 Associate Customer Success Manager
- 🎓 Associate Solution Engineer, Mid Market (West)
- 🤖 Principal Machine Learning Engineer
- 🤖 Principal Machine Learning Systems Engineer
- 💻 Principle Software Engineer - Search and Data
- 🤖 Senior Account Executive , AI & Digital Natives (Bay Area)
- 🤖 Senior Account Executive , AI and Digital Native (NYC)
- 🤖 Senior Design Manager, Jira AI
- 🤖 Senior Machine Learning Systems Engineering Manager - AI & ML Platform
- 🤖 Senior Manager, AI & Digital Natives
- 🤖 Senior Solution Consultant, Teamwork Foundations + AI
- 🤖 Senior Systems Engineer — AI Code Metrics Daemon
- 💻 Software Engineer
- 🤖 Solution Sales Executive, Enterprise Work Management & AI

## AMD India — Bengaluru
<https://careers.amd.com/careers-home>

- 🤖 Embedded AI/ML Software – Technical Marketing Engineer
- 🤖 Senior Compiler Engineer – AI Accelerators (LLVM/MLIR)

## Micron India — Hyderabad
<https://careers.micron.com/careers>

- 🤖 Data Science Manager Taichung City, Taichung City, Taiwan Posted 15 hours ago
- 🎓 Intern
- 🎓 Intern - Solutions Engineer Singapore, Singapore Posted 15 hours ago

## Internshala Chennai — Chennai
<https://internshala.com/internships/internship-in-chennai/>

- 🎓 Business Intern / Management Intern

## Internshala Noida — Noida
<https://internshala.com/internships/internship-in-noida/>

- 🎓 Content Writing Intern
- 🎓 Marketing & Growth Associate

## Internshala Gurgaon — Gurugram
<https://internshala.com/internships/internship-in-gurgaon/>

- 🎓 Content Writing Intern

## Grab — Singapore
<https://grab.careers/>

- 🎓 Associate, Business Projects

## MyCareersFuture (ML) — Singapore
<https://www.mycareersfuture.gov.sg/search?search=machine+learning&sortBy=new_posting_date>

- 🎓 If you are a fresh graduate looking for a traineeship opportunity
- 🎓 Junior Executive

## Yulu — Bengaluru
<https://www.yulu.bike/careers/>

- 🎓 Associate Director

## Internshala (Data Science) — India
<https://internshala.com/internships/data-science-internship/>

- 🎓 🤖 Data Science Internships: Find 322 Data Science Intern Jobs

## Internshala (Web Dev) — India
<https://internshala.com/internships/web-development-internship/>

- 🎓 LMS Content Associate (HTML, CSS)
- 🎓 Web Development Internships: 311+ Web Development Intern Jobs

## Internshala (Python) — India
<https://internshala.com/internships/python-internship/>

- 🎓 Python Internships: Find 249 Python Intern Jobs

## Internshala (Full Stack) — India
<https://internshala.com/internships/full-stack-development-internship/>

- 🎓 💻 Full Stack Development Internships: 89+ Full Stack Development Intern Jobs

## Internshala (Frontend) — India
<https://internshala.com/internships/front-end-development-internship/>

- 🎓 💻 Front End Development Internships: Find 98 Front End Development Intern Jobs

## Internshala (Backend) — India
<https://internshala.com/internships/back-end-development-internship/>

- 🎓 💻 Backend Development Internships: Find 107 Backend Development Intern Jobs

## Internshala (App Dev) — India
<https://internshala.com/internships/mobile-app-development-internship/>

- 🎓 Mobile App Development Internships: Find 68 Mobile App Development Intern Jobs

## AICTE Internship Portal — India
<https://internship.aicte-india.org/>

- 🎓 1 Crore Internship By 2027 | 79,57,193+ Internships | 82258 Companies

## Airwallex — Singapore
<https://www.airwallex.com/careers>

- 💻 Staff Software Engineer, Scale Engineering London

## Panacea Infotech — Pune
<https://www.panaceatek.com/careers/>

- 💻 Fullstack Developer

## Mobiloitte — Delhi
<https://www.mobiloitte.com/careers/>

- 🤖 Job Title: Senior Python AI Engineer (Contract Role) Location: Remote Shift Timing: 5:00 PM ...
- 🤖 Sr Python AI Engineer Short term project 9+ yrs Remote 5 pm till 2 am

# 🔔 New career-page entries — 2026-07-13T19:23:34

## Accenture — Bengaluru
<https://www.accenture.com/in-en/careers/jobsearch?fl=Bengaluru>

- 🤖 Enterprise AI Value Strategy Manager
- 🤖 Enterprise AI Value Strategy Senior Manager
- 💻 Full Stack Engineering Senior Manager
- 🤖 IMU - AI & Data Manager
- 🎓 Strategy Innovation Associate Director
- 🎓 Workplace Service Delivery Associate Manager
- 🎓 Workplace Service Delivery Associate Manager-Events

## Accenture — Hyderabad
<https://www.accenture.com/in-en/careers/jobsearch?fl=Hyderabad>

- 🤖 Enterprise AI Value Strategy Manager
- 🤖 Enterprise AI Value Strategy Senior Manager
- 💻 Full Stack Engineering Senior Manager
- 🤖 IMU - AI & Data Manager
- 🎓 Strategy Innovation Associate Director
- 🎓 Workplace Service Delivery Associate Manager
- 🎓 Workplace Service Delivery Associate Manager-Events

## Accenture — Pune
<https://www.accenture.com/in-en/careers/jobsearch?fl=Pune>

- 🤖 Enterprise AI Value Strategy Manager
- 🤖 Enterprise AI Value Strategy Senior Manager
- 💻 Full Stack Engineering Senior Manager
- 🤖 IMU - AI & Data Manager
- 🎓 Strategy Innovation Associate Director
- 🎓 Workplace Service Delivery Associate Manager
- 🎓 Workplace Service Delivery Associate Manager-Events

## Accenture — Gurugram
<https://www.accenture.com/in-en/careers/jobsearch?fl=Gurugram>

- 🤖 Enterprise AI Value Strategy Manager
- 🤖 Enterprise AI Value Strategy Senior Manager
- 💻 Full Stack Engineering Senior Manager
- 🤖 IMU - AI & Data Manager
- 🎓 Strategy Innovation Associate Director
- 🎓 Workplace Service Delivery Associate Manager
- 🎓 Workplace Service Delivery Associate Manager-Events

## Tech Mahindra — India
<https://careers.techmahindra.com/>

- 🎓 Associate Network Architect

## Internshala (ML) — India
<https://internshala.com/internships/machine-learning-internship/>

- 🎓 🤖 Machine Learning Internships: Find 132 Machine Learning Intern Jobs

## Internshala (SDE) — India
<https://internshala.com/internships/software-development-internship/>

- 🎓 💻 Software Development Internships: 209+ Software Development Intern Jobs

## Qualcomm — India
<https://careers.qualcomm.com/careers>

- 🎓 2. Associate Engineer
- 💻 Windows on Snapdragon Software Engineer Farnborough, United Kingdom Software Applications Engineering Posted 19 hours ago

## Arcesium — Bengaluru
<https://careers.arcesium.com/>

- 💻 Software Engineer

## AMD India — Bengaluru
<https://careers.amd.com/careers-home>

- 🤖 Senior Supply Chain AI & Analytics Engineer
- 🤖 💻 Staff Software Development Engineer - AI Profiler Tools

## Synopsys — Bengaluru
<https://careers.synopsys.com/>

- 🤖 Software Architect – Omniverse / Physical AI
- 🤖 Sr Staff R&D Engineer-Omniverse/Physical AI

## Internshala Noida — Noida
<https://internshala.com/internships/internship-in-noida/>

- 🎓 Management Trainee – Business Consulting

## Internshala Gurgaon — Gurugram
<https://internshala.com/internships/internship-in-gurgaon/>

- 🎓 Management Trainee – Business Consulting

## MyCareersFuture (SDE) — Singapore
<https://www.mycareersfuture.gov.sg/search?search=software+engineer&sortBy=new_posting_date>

- 🎓 If you are a fresh graduate looking for a traineeship opportunity
- 🎓 Junior Executive

## Cashfree — Bengaluru
<https://www.cashfree.com/careers/>

- 🎓 Associate Director - Banking & Alliance Product
- 💻 Software Development Engineer - 3

## Gramener — Hyderabad
<https://gramener.com/careers/>

- 🤖 Data Scientist
- 🤖 Data Scientist Bangalore Validate the models developed against statistical robustness and business sense.
- 🎓 Internship is processed with technical assessment followed by discussion with the hiring manager.
- 🎓 Junior UI/UX Engineer Hyderabad/ Collaborate with marketing and sales teams to design and implement website updates and landing pages.
- 🤖 Lead Data Science Engineer at Gramener
- 🤖 Lead Data Scientist – SFE Analytics Hyderabad Worked extensively on SFE Analytics (Pharma preferred).
- 🤖 Python Developer – GenAI/NLP Integration Hyderabad/Bangalore Core Python Development: 4–8 years of hands-on experience.
- 💻 Senior Full-Stack Developer Bangalore AWS or Azure cloud, Server management with basic visualization.
- 🎓 What is your process for Campus Hiring?

## Thunes — Singapore
<https://www.thunes.com/careers/>

- 🎓 Enterprise Singapore Graduate Scheme

## Internshala (Data Science) — India
<https://internshala.com/internships/data-science-internship/>

- 🎓 🤖 Data Science Internships: Find 316 Data Science Intern Jobs

## Internshala (Web Dev) — India
<https://internshala.com/internships/web-development-internship/>

- 🎓 Web Development Internships: 309+ Web Development Intern Jobs

## Internshala (Python) — India
<https://internshala.com/internships/python-internship/>

- 🎓 Python Internships: Find 241 Python Intern Jobs

## Internshala (Frontend) — India
<https://internshala.com/internships/front-end-development-internship/>

- 🎓 💻 Front End Development Internships: Find 97 Front End Development Intern Jobs

## Internshala (Backend) — India
<https://internshala.com/internships/back-end-development-internship/>

- 🎓 💻 Backend Development Internships: Find 104 Backend Development Intern Jobs

## Internshala (App Dev) — India
<https://internshala.com/internships/mobile-app-development-internship/>

- 🎓 Mobile App Development Internships: Find 67 Mobile App Development Intern Jobs

## FreshersWorld — India
<https://www.freshersworld.com/jobs/jobsearch/internship-jobs>

- 🎓 0 (Fresher)
- 🎓 41 Fresher Internship Job vacancies 2026
- 🎓 41 Latest Internship Training 2026 (Internship & Jobs). Updated on 14 July 2026)
- 🤖 AI Developer
- 🤖 AI Developer Jobs
- 🤖 AI ML Engineer
- 🤖 AI ML Engineer Jobs
- 🎓 ARE YOU A FRESHER?
- 🎓 ASSOCIATE
- 🎓 ASSOCIATE CSR
- 🎓 ASSOCIATE CSR Jobs
- 🎓 ASSOCIATE Jobs
- 🎓 Accountant Trainee Jobs Opening in Pearl Lemon at Central Delhi, Delhi Cantt., Delhi-Others, Bangalore, Mumbai, Delhi
- 🎓 Accounting Associate
- 🎓 Accounting Associate Jobs
- 🎓 Accounts Trainee
- 🎓 Accounts Trainee Jobs
- 🎓 Actuarial Associate
- 🎓 Actuarial Associate Jobs
- 💻 Analyst Programmer
- 💻 Analyst Programmer Jobs
- 🎓 Analytical Associate
- 🎓 Analytical Associate Jobs
- 🎓 Apply to Accountant Trainee Jobs in Pearl Lemon, Bangalo...
- 🎓 Apply to B2B Sales Intern Jobs in Uniserv.Tech, Mumbai f...
- 🎓 Apply to B2B Sales Intern Jobs in Value Score Business S...
- 🎓 Apply to Marketing Intern Jobs in P3 Infotech Solutions ...
- 🎓 Apply to Music-Tech Studio Fellow / Intern Jobs in Nath...
- 🎓 Apply to Outreach Intern Rojgaar Jobs in Rojgaar, Mumba...
- 🎓 Apply to QA Intern Jobs in Instawork, Bangalore from 0 t...
- 🤖 Apply to Software AI Testing Jobs in PRAM EDUCATE IT SO...
- 🎓 Apply to Software Tester Trainee Jobs in Spraxa Solution...
- 🎓 Apply to the Latest Internship Now on Freshersworld!
- 🎓 Apprentice trainee
- 🎓 Apprentice trainee Jobs
- 🎓 Apprentice trainee engineering
- 🎓 Apprentice trainee engineering Jobs
- 🎓 Associate - Logistics
- 🎓 Associate - Logistics Jobs
- 🎓 Associate - Supply Chain
- 🎓 Associate - Supply Chain Jobs
- 🎓 Associate -HR
- 🎓 Associate -HR Jobs
- 🎓 Associate Accounts Payble
- 🎓 Associate Accounts Payble Jobs
- 🎓 Associate Banking Operations
- 🎓 Associate Banking Operations Jobs
- 🎓 Associate Business Analyst
- 🎓 Associate Business Analyst Jobs
- 🎓 Associate Consultant
- 🎓 Associate Consultant Jobs
- 🎓 Associate Customer
- 🎓 Associate Customer Jobs
- 🎓 Associate Customer Support
- 🎓 Associate Customer Support Jobs
- 🎓 Associate Data Analyst
- 🎓 Associate Data Analyst Jobs
- 🎓 Associate Finance
- 🎓 Associate Finance Jobs
- 🎓 Associate HR
- 🎓 Associate HR Jobs
- 🎓 Associate Hire to Retire
- 🎓 Associate Hire to Retire Jobs
- 🎓 Associate In Process Quality
- 🎓 Associate In Process Quality Jobs
- 🎓 Associate MIS
- 🎓 Associate MIS Jobs
- 🎓 Associate Maintenance
- 🎓 Associate Maintenance Jobs
- 🎓 Associate Network Business Analytics
- 🎓 Associate Network Business Analytics Jobs
- 🎓 Associate Product Manager
- 🎓 Associate Quality Testing
- 🎓 Associate Quality Testing Jobs
- 🎓 Associate Recruiter
- 🎓 Associate Recruiter Jobs
- 🎓 💻 Associate Software Development
- 🎓 💻 Associate Software Development Jobs
- 🎓 Associate UI/UX Designer
- 🎓 Associate UI/UX Designer Jobs
- 🎓 Associate-HR
- 🎓 Associate-HR Jobs
- 🎓 Associate-Procurement
- 🎓 Associate-Procurement Jobs
- 🎓 B2B Sales Intern Jobs Opening in Uniserv.Tech at Goregaon West, Mumbai
- 🎓 B2B Sales Intern Jobs Opening in Value Score Business Solutions LLP at Andheri East, Mumbai
- 💻 Back End Developer
- 🎓 Back office Associate
- 🎓 Back office Associate Jobs
- 🎓 💻 Backend Associate
- 🎓 💻 Backend Associate Jobs
- 🎓 Browse All Internship Vacancies on Freshersworld
- 🎓 Browse these internship roles and find your ideal internship job on Freshersworld.
- 🎓 Campus Hiring Officer
- 🎓 Campus Hiring Officer Jobs
- 🎓 Campus Recruiter
- 🎓 Campus Recruiter Jobs
- 🎓 Can freshers without any prior experience get an internship in India?
- 🤖 Consultant – AI & Data Scientist
- 🤖 Consultant – AI & Data Scientist Jobs
- 💻 Content Management Web Developer
- 💻 Content Management Web Developer Jobs
- 🎓 Credit Card Associate
- 🎓 Credit Card Associate Jobs
- 🎓 Customer Support Associate
- 🎓 Customer Support Associate Jobs
- 🎓 Data Analyst Internship
- 🎓 Data Analyst Internship Jobs
- 🎓 🤖 Data Science Internship
- 🎓 🤖 Data Science Internship Jobs
- 🤖 Data Scientist
- 🤖 Data Scientist Jobs
- 🎓 Digital Associate
- 🎓 Digital Associate Jobs
- 🎓 Digital Content Management New Associate
- 🎓 Digital Content Management New Associate Jobs
- 🎓 Digital Marketing Internship
- 🎓 Digital Marketing Internship Jobs
- 🎓 Enterprise Sales Associate
- 🎓 Enterprise Sales Associate Jobs
- 🎓 Explore some of the most in-demand internship roles and internship programs available this year:
- 🎓 Field Sales Associate
- 🎓 Field Sales Associate Jobs
- 🎓 Finance Internship
- 🎓 Finance Internship Jobs
- 🎓 Floor Associate
- 🎓 Floor Associate Jobs
- 🎓 For Quality Associate
- 🎓 For Quality Associate Jobs
- 🎓 Freshersworld updates its internship listings daily with verified roles from:
- 💻 Full Stack Developer
- 💻 Fullstack Developer
- 💻 Fullstack Developer Jobs
- 🎓 GCPR Sales Associate
- 🎓 GCPR Sales Associate Jobs
- 🎓 Get notified instantly when new internship roles matching your profile are posted.
- 🎓 HR And Admin Trainee
- 🎓 HR And Admin Trainee Jobs
- 🎓 HR Associate
- 🎓 HR Associate Jobs
- 🎓 HR Service Delivery New Associate
- 🎓 HR Service Delivery New Associate Jobs
- 🎓 How important are online certifications for securing an internship?
- 🎓 Inclusive Insurance Associate
- 🎓 Inclusive Insurance Associate Jobs
- 🎓 Internship
- 🎓 Internship Jobs
- 🎓 Internship Jobs In Ahmedabad
- 🎓 Internship Jobs In Bangalore
- 🎓 Internship Jobs In Chennai
- 🎓 Internship Jobs In Delhi
- 🎓 Internship Jobs In Gurgaon
- 🎓 Internship Jobs In Hyderabad
- 🎓 Internship Jobs In Kolkata
- 🎓 Internship Jobs In Mumbai
- 🎓 Internship Jobs In Noida
- 🎓 Internship Jobs In Pune
- 🎓 Internship Jobs in your city
- 🎓 Internship Opportunities by City
- 🎓 Internship Vacancies – Your Gateway to the Latest Internships in India for Freshers
- 🎓 Inventory Squad Associate
- 🎓 Inventory Squad Associate Jobs
- 💻 Java Fullstack Developer
- 💻 Java Fullstack Developer Jobs
- 🎓 Jr Associate
- 🎓 Jr Associate Jobs
- 🎓 💻 Junior Software Developer
- 🎓 💻 Junior Software Developer Jobs
- 🎓 Keep it short, professional, and specific to each internship application.
- 🎓 Latest Internship Job Openings 2026
- 🎓 Latest Internship Jobs
- 🎓 Latest Internship Openings on Freshersworld
- 🎓 Legal Associate Legal Completions
- 🎓 Legal Associate Legal Completions Jobs
- 🎓 Loader Operation Associate
- 🎓 Loader Operation Associate Jobs
- 🎓 MANGEMENT ASSOCIATE
- 🎓 MANGEMENT ASSOCIATE Jobs
- 🤖 ML Engineer
- 🤖 ML Engineer Jobs
- 🤖 Machine Learning Engineer
- 🤖 Machine Learning Engineer Jobs
- 🤖 Machine Learning Scientist
- 🤖 Machine Learning Scientist Jobs
- 🎓 Machining Associate
- 🎓 Machining Associate Jobs
- 🎓 Management Trainee
- 🎓 Management Trainee Jobs
- 🎓 Many companies offer Pre-Placement Offers (PPOs) to top-performing interns, converting your internship into a permanent role.
- 🎓 Market Research Associate
- 🎓 Market Research Associate Jobs
- 🎓 Market Research Trainee
- 🎓 Market Research Trainee Jobs
- 🎓 Marketing Intern Jobs Opening in P3 Infotech Solutions Pvt Ltd at Gurgaon-Others, Gurgaon
- 🎓 Mechanical Trainee
- 🎓 Mechanical Trainee Jobs
- 🎓 Middle Office Risk Support Associate
- 🎓 Middle Office Risk Support Associate Jobs
- 🎓 Music-Tech Studio Fellow / Intern Jobs Opening in Nathaniel School of Music at Bangalore
- 🎓 Naps /WILP Trainee ( Production
- 🎓 Naps /WILP Trainee ( Production Jobs
- 🎓 Other Graduate
- 🎓 Other Post Graduate
- 🎓 Outreach Intern Rojgaar Jobs Opening in Rojgaar at Andheri East, Borivali West, Byculla, Mumbai, Pune, Hyderabad
- 🎓 PTP Associate
- 🎓 PTP Associate Jobs
- 🎓 Paid Internship
- 🎓 Paid Internship Jobs
- 💻 Principal Software Engineer IT
- 💻 Principal Software Engineer IT Jobs
- 🎓 Process Associate Trainee
- 🎓 Process Associate Trainee Jobs
- 🎓 Procure to Pay Associate
- 🎓 Procure to Pay Associate Jobs
- 🎓 Procure to Pay New Associate
- 🎓 Procure to Pay New Associate Jobs
- 🎓 Procurement Associate
- 🎓 Procurement Associate Jobs
- 🎓 Production Trainee
- 🎓 Production Trainee Jobs
- 🎓 Program Management Associate
- 🎓 Program Management Associate Jobs
- 🎓 Project Management Associate
- 🎓 Project Management Associate Jobs
- 🎓 QA Intern Jobs Opening in Instawork at Koramangala, Bangalore
- 🎓 Quality Assurance Trainee
- 🎓 Quality Assurance Trainee Jobs
- 🎓 Regulatory Affairs associate
- 🎓 Regulatory Affairs associate Jobs
- 🎓 Regulatory Associate
- 🎓 Regulatory Associate Jobs
- 🎓 Regulatory Operation Associate
- 🎓 Regulatory Operation Associate Jobs
- 🎓 Regulatory Operations Associate
- 🎓 Regulatory Operations Associate Jobs
- 💻 Remote Front End Developer
- 💻 Remote Front End Developer Jobs
- 💻 Remote Software Developer
- 💻 Remote Software Developer Jobs
- 💻 Remote Software Engineer
- 💻 Remote Software Engineer Jobs
- 💻 Remote Web Developer
- 💻 Remote Web Developer Jobs
- 🎓 SAP FICO Associate Consultant
- 🎓 SAP FICO Associate Consultant Jobs
- 🎓 Sales Associate
- 🎓 Sales Associate FMCG
- 🎓 Sales Associate FMCG Jobs
- 🎓 Sales Associate Jobs
- 🎓 Sales Trainee
- 🎓 Sales Trainee Jobs
- 🎓 Salesforce Trainee
- 🎓 Salesforce Trainee Jobs
- 🎓 Senior Associate
- 🎓 Senior Associate - HR
- 🎓 Senior Associate - HR Jobs
- 🎓 Senior Associate Jobs
- 🎓 Senior Associate Order to Cash
- 🎓 Senior Associate Order to Cash Jobs
- 💻 Senior Front End Developer
- 💻 Senior Front End Developer Jobs
- 💻 Senior Full Stack Developer
- 💻 Senior Full Stack Developer Jobs
- 🎓 Senior Sales Associate
- 🎓 Senior Sales Associate Jobs
- 💻 Senior Software Developer
- 💻 Senior Software Developer Jobs
- 💻 Senior Software Engineer
- 💻 Senior Software Engineer Jobs
- 🎓 Senior sale associate
- 🎓 Senior sale associate Jobs
- 🤖 Software AI Testing Jobs Opening in PRAM EDUCATE IT SOFTWARE LLP at Wakad, Pune-Others, Pune
- 💻 Software Developer
- 💻 Software Developer Jobs
- 💻 Software Engineer
- 🎓 💻 Software Engineer - Trainee
- 🎓 💻 Software Engineer - Trainee Jobs
- 💻 Software Engineer II
- 💻 Software Engineer II Jobs
- 💻 Software Engineer Jobs
- 🎓 Software Tester Trainee Jobs Opening in Spraxa Solutions Pvt Ltd. at Noida City Centre, Sector 15, Noida, Sector 18, Noida, Noida
- 💻 Sr Software Engineer
- 💻 Sr Software Engineer Jobs
- 🎓 Summer Internship
- 🎓 Summer Internship Jobs
- 🎓 Supply chain trainee
- 🎓 Supply chain trainee Jobs
- 🎓 Technical Associate
- 🎓 Technical Associate Jobs
- 🎓 Technical Support Associate
- 🎓 Technical Support Associate Jobs
- 🎓 Tele Calling Associate Sales A
- 🎓 Tele Calling Associate Sales A Jobs
- 🎓 Tips to Get Selected for an Internship
- 🎓 To stand out in the competitive landscape of internship applications:
- 🎓 Top Internship Roles Hiring in India (2026)
- 🎓 Trainee Apprentice
- 🎓 Trainee Apprentice Jobs
- 🎓 Trainee EGC
- 🎓 Trainee EGC Jobs
- 🎓 Trainee Engineer
- 🎓 Trainee Engineer Jobs
- 🎓 Trainee Operator
- 🎓 Trainee Operator Jobs
- 🎓 Trainee Store Risk Management
- 🎓 Trainee Store Risk Management Jobs
- 🎓 Transaction Processing New Associate
- 🎓 Transaction Processing New Associate Jobs
- 🎓 Transaction processing associate
- 🎓 Transaction processing associate Jobs
- 💻 Web Developer
- 💻 Web Developer Jobs
- 🎓 What is the best way to find verified internship opportunities in India?
- 🎓 Work From Home Internship
- 🎓 Work From Home Internship Jobs
- 🎓 franchise associate
- 🎓 franchise associate Jobs
- 🎓 internship vacancies
- 🎓 production trainee
- 🎓 production trainee Jobs
- 🎓 transaction new associate
- 🎓 transaction new associate Jobs

## YC Work at a Startup — Remote
<https://www.workatastartup.com/jobs>

- 💻 Founding Engineer (Full Stack)
- 💻 Fullstack Engineer
- 🤖 Imagine AI (F25) • We reverse engineer B2B growth, starting with LinkedIn.
- 💻 Senior Software Engineer, Journeys Team (Fullstack)

## AICTE Internship Portal — India
<https://internship.aicte-india.org/>

- 🎓 1 Crore Internship By 2027 | 79,57,193+ Internships | 82274 Companies

## Rupeek — Bengaluru
<https://rupeek.com/careers>

- 🎓 Senior Manager/ Associate Director - Talent Acquisition (Volume Hiring) Location: Bengaluru, Karnataka, India 2 hours ago

## Airwallex — Singapore
<https://www.airwallex.com/careers>

- 🎓 Senior Associate, Revenue Operations, Asia Operations Management Operations Management • Singapore APAC , Singapore Singapore
- 💻 Senior Software Engineer, Lending Engineering APAC, Singapore
- 💻 Staff Software Engineer, Lending Engineering Engineering • Singapore APAC , Singapore Singapore

## Yubi — Chennai
<https://www.go-yubi.com/careers/>

- 💻 Full Stack Software Engineer
- 🤖 Lead Engineer (Agentic AI)
- 🤖 Principal Engineer (Agentic AI)
- 🤖 Senior Data Scientist, Accumn — Mumbai
- 🤖 💻 Senior Software Engineer (Agentic AI)

## Bitcot — Ahmedabad
<https://www.bitcot.com/careers/>

- 💻 Hire Full Stack Developer
- 🎓 Junior NodeJS Developer
- 🎓 Junior PHP Developer
- 🎓 Junior ReactJS Developer
- 🎓 Junior WordPress Developer
- 💻 Senior Web Developer

# 🔔 New career-page entries — 2026-07-14T02:29:27

## GIFT City (aggregator) — Gandhinagar
<https://giftgujarat.in/company-job-openings>

- Chief Manager - AIF
- Deputy Manager - Manager

## IBM — India
<https://www.ibm.com/in-en/careers/career-opportunities>

- 🤖 Delivery Consultant - Data & AI
- 💻 Software Developer

## IBM — India
<https://www.ibm.com/in-en/careers/search>

- 🎓 🤖 Cloud Duales Studium 2027 Bachelor@IBM: Wirtschaftsinformatik - Data Science (f,m,x) Internship Ehningen, DE
- 🎓 Cloud Master@IBM IBM Cloud Technical Sales Specialist (f/m/x) Internship KOELN, DE
- 🎓 Consulting Business Transformation Consultant-Banking Internship Islamabad, PK
- 🤖 Consulting Technical Consultant-AI Integration Professional Bangalore, IN
- 🎓 Infrastructure & Technology Package Specialist 2026- Workday HCM & Compensation Entry Level Multiple Cities
- 🎓 Internship (103)
- 🎓 Sales Apprenti.e 'Metropole Program' Business développement – Ecosystème - IBM France - H/F Internship Bois Colombes Cedex, FR
- 🎓 Sales Brand Technical Specialist Entry Level Esch-sur-Alzette, LU
- 🎓 Sales Entry Level Technical Sales Specialist Entry Level Bucharest, RO
- 💻 Software Engineering Application Developer-Cloud FullStack Professional Bangalore, IN

## Cognizant — India
<https://careers.cognizant.com/global-en/jobs/>

- 💻 Senior Software Engineer – .NET, Azure & Angular (Onsite)
- 💻 Senior Software Engineer – .NET, Azure & Angular(Onsite)

## Tech Mahindra — India
<https://careers.techmahindra.com/>

- 💻 Senior Java Full Stack Developer

## Cognizant — India
<https://careers.cognizant.com/india-en/jobs/>

- 💻 Senior Software Engineer – .NET, Azure & Angular (Onsite)
- 💻 Senior Software Engineer – .NET, Azure & Angular(Onsite)

## Keka HR — Hyderabad
<https://www.keka.com/careers>

- Hiring & Onboarding
- Hiring & Onboarding Create a great candidate experience before and after joining
- Hiring Software
- We are hiring !

## Zenskar — Bengaluru
<https://www.zenskar.com/careers>

- Account Executive-Mid Market(US)
- 🎓 Content Marketing Intern
- Customer Success & Solutions Manager
- 🎓 Customer Success Intern
- Engineering Manager
- Enterprise Account Executive (US)
- 🎓 Field Marketing & Events Intern
- Finance Executive
- Forward Deployed Engineer
- 🎓 Intern @ Zenskar
- Product Manager
- Product Security Engineer
- 🎓 Revenue Operations Intern
- Senior Forward Deployed Engineer
- 🤖 Senior GenAI Engineer
- Senior Solutions Engineer (US)
- Solutions Consultant
- 💻 Tech Lead - Backend
- Technical Support Engineer
- We're hiring across every function. Here's where we're building right now.
- or apply via our careers page here:

## Peoplebox — Bengaluru
<https://www.peoplebox.ai/careers>

- 🎓 Associate Product Manager (APM) 69 days ago BANGALORE Full Time
- Content Marketing Manager 344 days ago BANGALORE 4-6 Full Time
- SEO Lead 228 days ago BANGALORE 4-6 Full Time
- 💻 Senior Backend Engineer 340 days ago BANGALORE 5-9 Full Time
- Talent Acquisition Lead 118 days ago BANGALORE 5+ Full Time

## YCombinator Jobs — Bengaluru
<https://www.ycombinator.com/jobs/location/bengaluru>

- 🤖 Vahan (S19) • AI recruiter for India's massive blue-collar workforce ( 21 days ago)

## Qualcomm — India
<https://careers.qualcomm.com/careers>

- 🤖 1. Machine Learning Engineer
- 🤖 💻 2. AI Software Engineer
- 🤖 3. Artificial Intelligence Engineer
- 💻 4. Research Software Engineer
- 🤖 AI Customer Engineer/Sr Beijing, Beijing, China Software Applications Engineering Posted 3 months ago
- 🤖 💻 AI Machine Learning Software Engineer, up to Staff (Taipei) Taipei, Taipei City, Taiwan Software Engineering Posted 13 days ago
- 🤖 Engineer, Senior-AI and Machine Learning with embedded/C++ Hyderabad, Telangana, India Software Engineering Posted 2 months ago
- 🤖 Engineer, Staff-AI and Machine Learning with embedded/C++ Hyderabad, Telangana, India Software Engineering Posted 2 months ago
- 🤖 Engineer, Staff-Machine Learning-Tools Hyderabad, Telangana, India Software Engineering Posted 8 days ago
- 🤖 Machine Learning & AI Customer Engineer/Sr Shanghai, Shanghai, China + 2 more Software Applications Engineering Posted 2 months ago
- 🤖 Machine Learning Engineer Xian, Shaanxi, China + 1 more Software Engineering Posted 4 days ago
- 🤖 Senior Machine Learning Engineer Xian, Shaanxi, China Software Engineering Posted 2 months ago
- 💻 Senior Software Engineer - Camera San Diego, California, United States of America Camera Software Engineering Posted a day ago
- 🤖 💻 Staff AI Software Engineer Markham, Ontario, Canada Machine Learning Engineering Posted 5 months ago
- 🤖 Staff GPU AI Engineer San Diego, California, United States of America Graphics Software Engineering Posted a day ago
- 🤖 • Play consultant/expert role to help customer to deploy AI models, work with customer on AI model integration, stability debug.

## AMD India — Bengaluru
<https://careers.amd.com/careers-home>

- 🤖 Agentic AI Software Applications Developer

## Tabby — Dubai
<https://tabby.ai/careers>

- 🎓 🤖 AI Intern KSA
- 🎓 AML Associate KSA
- 🎓 Compliance Associate Egypt
- 🎓 DBA Intern KSA
- 🎓 DevOps Intern KSA
- 🎓 FinOps Associate KSA
- 🎓 Information Security Intern KSA
- 🎓 💻 Intern Backend (Go) Engineer KSA
- 🎓 Intern QA Engineer KSA
- 💻 Senior Backend Engineer II Remote
- 🎓 Senior Tax Associate KSA
- 🤖 Technical Project Manager (AI focus) Remote

## Sea Group — Singapore
<https://career.sea.com/>

- 🎓 Intern 4 Positions

## MyCareersFuture (ML) — Singapore
<https://www.mycareersfuture.gov.sg/search?search=machine+learning&sortBy=new_posting_date>

- 🎓 If you are a fresh graduate looking for a traineeship opportunity
- 🎓 Junior Executive

## Signzy — Bengaluru
<https://www.signzy.com/careers/>

- 🎓 Associate Director - Enterprise Sales 875 days ago Chennai 7 years - 10 years Full Time
- 🎓 Lead Generation Associate 6 days ago Bangalore 1 to 3 Full Time
- 🎓 Partnership Intern 6 days ago Mumbai 0 to 1 Full Time
- 🎓 Sales Associate 21 days ago Mumbai 1 - 2 years Full Time

## To The New — Noida
<https://www.tothenew.com/careers>

- 🎓 Associate Quality Engineering Lead
- 🎓 Associate Quality Engineering Lead 6-8 years Noida

## Internshala (Python) — India
<https://internshala.com/internships/python-internship/>

- 🎓 Python Internships: Find 240 Python Intern Jobs

## Internshala (Full Stack) — India
<https://internshala.com/internships/full-stack-development-internship/>

- 🎓 💻 Full Stack Development Internships: 88+ Full Stack Development Intern Jobs

## Internshala (Frontend) — India
<https://internshala.com/internships/front-end-development-internship/>

- 🎓 💻 Front End Development Internships: Find 98 Front End Development Intern Jobs

## Internshala (Backend) — India
<https://internshala.com/internships/back-end-development-internship/>

- 🎓 💻 Backend Development Internships: Find 103 Backend Development Intern Jobs

## Internshala (App Dev) — India
<https://internshala.com/internships/mobile-app-development-internship/>

- 🎓 Mobile App Development Internships: Find 68 Mobile App Development Intern Jobs

## YC Work at a Startup — Remote
<https://www.workatastartup.com/jobs>

- 💻 Backend Engineer
- 💻 Senior Software Engineer, Email Team
- 🎓 Software Engineering Intern

## AICTE Internship Portal — India
<https://internship.aicte-india.org/>

- 🎓 1 Crore Internship By 2027 | 79,57,193+ Internships | 82287 Companies

## Rupeek — Bengaluru
<https://rupeek.com/careers>

- 🎓 Senior Manager/ Associate Director - Talent Acquisition (Volume Hiring) Location: Bengaluru, Karnataka, India 8 hours ago

## Airwallex — Singapore
<https://www.airwallex.com/careers>

- 💻 Senior Software Engineer, New Products Engineering Engineering • London EMEA , London London
- 💻 Software Engineer, Spend Engineering APAC, Melbourne
- 💻 Staff Software Engineer, Risk Engineering Singapore

## Entropik — Bengaluru
<https://www.entropik.io/careers>

- 🤖 AI Engineer 21 days ago Chennai 2-3 years Full Time
- 🤖 Senior AI Engineer 25 days ago Chennai 4-6 years Full Time
- 💻 Senior Backend Engineer 8 days ago Chennai , Chennai 3-6 years Full Time
- 💻 Senior Software Engineer - Backend + DevOps 11 days ago Chennai 3-6 years Full Time

## Nevina Infotech — Ahmedabad
<https://nevinainfotech.com/career>

- 💻 Hire Web Developer

## NectarBits — Ahmedabad
<https://nectarbits.com/career>

- 💻 Cost to Hire Full Stack Developer

## Nettechnocrats — Ahmedabad
<https://www.nettechnocrats.com/careers/>

- 💻 We develop innovative digital solutions that enhance Software Development, Cloud & DevOps etc.

## Nevina Infotech — Ahmedabad
<https://www.nevinainfotech.com/careers>

- 🎓 Fresher
- 💻 Hire Web Developer
- 🤖 Job Title: Content Marketing & Link Building Specialist (AI-Driven SEO Expert)
- 🤖 SEO - Content Marketing & Link Building Specialist (AI-Driven SEO Expert)

## Alian Software — Ahmedabad
<https://www.aliansoftware.com/careers/>

- 🤖 AI product designer
- 💻 Full-stack engineer
- 🤖 Senior AI / ML engineer

## Mindpath Technology — Ahmedabad
<https://www.mindpathtech.com/careers/>

- 🎓 Business Development Intern
- 🎓 Employment Type - Internship
- 🎓 💻 Frontend Developer Intern
- 🎓 Python Intern

## E2M Solutions — Ahmedabad
<https://www.e2msolutions.com/careers/>

- 🤖 AI Adoption Specialist - SEO 113 days ago Ahmedabad 4 Years Full Time
- 🤖 AI Adoption Specialist 314 days ago Ahmedabad 3+ Years Full Time
- 🤖 AI Engineer 70 days ago Ahmedabad 2 -3 Years Full Time
- 🎓 🤖 Associate AI Engineer 74 days ago Ahmedabad 1 - 2 Years Full Time
- 🎓 Associate Client Account Manager - SEO 322 days ago Ahmedabad 1 - 3 Years Full Time
- 🎓 Associate Client Account Manager 46 days ago Ahmedabad 1- 2 Years Full Time
- 🎓 🤖 💻 Associate Full Stack AI Engineer 71 days ago Ahmedabad 1 - 2 Full Time
- 💻 Full Stack Developer 42 days ago Ahmedabad 3 -5 Years Full Time
- 🎓 🤖 Junior AI Automation Engineer 35 days ago Ahmedabad 1+ Years Full Time
- 🤖 QA Manager – AI Automation 225 days ago Ahmedabad 7 years Full Time
- 💻 Senior Frontend Wordpress Developer (US Shift) 342 days ago Ahmedabad 7+ Full Time
- 🤖 Technical Lead - AI 112 days ago Ahmedabad 5-8 Years Full Time

## Mobiloitte — Delhi
<https://www.mobiloitte.com/careers/>

- 🤖 Job Title: Senior Python AI Engineer (Contract Role) Location: Remote Shift Timing: 5:00 PM ...
- 🤖 Sr Python AI Engineer Short term project 9+ yrs Remote 5 pm till 2 am

# 🔔 New career-page entries — 2026-07-14T08:04:59

## Accenture — Bengaluru
<https://www.accenture.com/in-en/careers/jobsearch?fl=Bengaluru>

- 💻 Custom Software Engineer
- 🎓 Procure to Pay Operations Associate
- 🎓 Record to Report Operations Associate
- 🎓 Record to Report Operations Associate Manager
- 🎓 Record to Report Ops Associate

## Accenture — Hyderabad
<https://www.accenture.com/in-en/careers/jobsearch?fl=Hyderabad>

- 💻 Custom Software Engineer
- 🎓 Procure to Pay Operations Associate
- 🎓 Record to Report Operations Associate
- 🎓 Record to Report Operations Associate Manager
- 🎓 Record to Report Ops Associate

## Accenture — Pune
<https://www.accenture.com/in-en/careers/jobsearch?fl=Pune>

- 💻 Custom Software Engineer
- 🎓 Procure to Pay Operations Associate
- 🎓 Record to Report Operations Associate
- 🎓 Record to Report Operations Associate Manager
- 🎓 Record to Report Ops Associate

## Accenture — Gurugram
<https://www.accenture.com/in-en/careers/jobsearch?fl=Gurugram>

- 💻 Custom Software Engineer
- 🎓 Procure to Pay Operations Associate
- 🎓 Record to Report Operations Associate
- 🎓 Record to Report Operations Associate Manager
- 🎓 Record to Report Ops Associate

## Capgemini — India
<https://www.capgemini.com/in-en/careers/join-capgemini/job-search/>

- 🎓 Associate Business Advisor Noida Business Analysis Permanent Experienced Professionals

## IBM — India
<https://www.ibm.com/in-en/careers/search>

- 🎓 Internship (101)
- 💻 Software Engineering Application Developer-Cloud FullStack Professional Hyderabad, IN
- 🎓 Software Engineering IBM Consulting Interns Internship QUEZON CITY, PH

## Cognizant — India
<https://careers.cognizant.com/global-en/jobs/>

- 🎓 Associate Director – Communications

## Tech Mahindra — India
<https://careers.techmahindra.com/>

- 💻 Sr. Software Engineer

## Cognizant — India
<https://careers.cognizant.com/india-en/jobs/>

- 🎓 Associate Director – Communications

## Swiggy — Bengaluru
<https://careers.swiggy.com/>

- Software Dev Engineer II

## Internshala (ML) — India
<https://internshala.com/internships/machine-learning-internship/>

- 🎓 🤖 Machine Learning Internships: Find 133 Machine Learning Intern Jobs

## Internshala (SDE) — India
<https://internshala.com/internships/software-development-internship/>

- 🎓 💻 Software Development Internships: 210+ Software Development Intern Jobs

## Internshala (AI) — India
<https://internshala.com/internships/artificial-intelligence-internship/>

- 🎓 🤖 Artificial intelligence Internships: Find 162 Artificial intelligence Intern Jobs
- 🎓 Associate Graphic Designer

## YCombinator Jobs — Bengaluru
<https://www.ycombinator.com/jobs/location/bengaluru>

- 🤖 Vahan (S19) • AI recruiter for India's massive blue-collar workforce ( 8 days ago)

## Qualcomm — India
<https://careers.qualcomm.com/careers>

- 🎓 💻 2026 Intern(3 months)-Graphics&Gaming Software Engineer Chengdu, Sichuan, China Interim Engineering Intern - SW Posted 8 hours ago

## Internshala Chennai — Chennai
<https://internshala.com/internships/internship-in-chennai/>

- 🎓 Talent Sourcing Intern

## Internshala Noida — Noida
<https://internshala.com/internships/internship-in-noida/>

- 🎓 Hiring Operations Intern

## Internshala Gurgaon — Gurugram
<https://internshala.com/internships/internship-in-gurgaon/>

- 🎓 Hiring Operations Intern
- 🎓 Internships in Gurgaon: Top 3191 Paid Internship in Gurgaon

## Grab — Singapore
<https://grab.careers/>

- 💻 Software Engineer, Backend

## Gramener — Hyderabad
<https://gramener.com/careers/>

- 🤖 Data Scientist
- 🤖 Data Scientist Bangalore Validate the models developed against statistical robustness and business sense.
- 🎓 Internship is processed with technical assessment followed by discussion with the hiring manager.
- 🎓 Junior UI/UX Engineer Hyderabad/ Collaborate with marketing and sales teams to design and implement website updates and landing pages.
- 🤖 Lead Data Science Engineer at Gramener
- 🤖 Lead Data Scientist – SFE Analytics Hyderabad Worked extensively on SFE Analytics (Pharma preferred).
- 🤖 Python Developer – GenAI/NLP Integration Hyderabad/Bangalore Core Python Development: 4–8 years of hands-on experience.
- 💻 Senior Full-Stack Developer Bangalore AWS or Azure cloud, Server management with basic visualization.
- 🎓 What is your process for Campus Hiring?

## Wingify — Pune
<https://wingify.com/careers/>

- 🤖 GenAI Engineer
- 💻 Senior Software Engineer - Backend & Search
- 💻 Senior Software Engineer - Client Services
- 💻 Software Engineer - QA (Client Services team)
- 💻 Software Engineer – Backend (Commerce)
- 💻 Software Engineer – Full Stack

## Pine Labs — Noida
<https://www.pinelabs.com/careers>

- 🎓 Management Trainee Program
- 🎓 Our flagship summer internship program for students from premier B-schools.
- 🎓 Sales Trainee Program

## Yulu — Bengaluru
<https://www.yulu.bike/careers/>

- 🎓 Associate Director

## Internshala (Data Science) — India
<https://internshala.com/internships/data-science-internship/>

- 🎓 🤖 Data Science Internships: Find 321 Data Science Intern Jobs

## Internshala (Web Dev) — India
<https://internshala.com/internships/web-development-internship/>

- 🎓 Web Development Internships: 317+ Web Development Intern Jobs

## Internshala (Python) — India
<https://internshala.com/internships/python-internship/>

- 🎓 Python Internships: Find 243 Python Intern Jobs

## Internshala (Full Stack) — India
<https://internshala.com/internships/full-stack-development-internship/>

- 🎓 💻 Full Stack Development Internships: 89+ Full Stack Development Intern Jobs

## Internshala (Frontend) — India
<https://internshala.com/internships/front-end-development-internship/>

- 🎓 💻 Front End Development Internships: Find 99 Front End Development Intern Jobs

## Internshala (Backend) — India
<https://internshala.com/internships/back-end-development-internship/>

- 🎓 💻 Backend Development Internships: Find 108 Backend Development Intern Jobs

## Internshala (Bangalore) — Bengaluru
<https://internshala.com/internships/internship-in-bangalore/>

- 🎓 Conversion Associate

## FreshersWorld — India
<https://www.freshersworld.com/jobs/jobsearch/internship-jobs>

- 🎓 0 (Fresher)
- 🎓 42 Fresher Internship Job vacancies 2026
- 🎓 42 Latest Internship Training 2026 (Internship & Jobs). Updated on 14 July 2026)
- 🤖 AI Developer
- 🤖 AI Developer Jobs
- 🤖 AI ML Engineer
- 🤖 AI ML Engineer Jobs
- 🎓 ARE YOU A FRESHER?
- 🎓 ASSOCIATE
- 🎓 ASSOCIATE CSR
- 🎓 ASSOCIATE CSR Jobs
- 🎓 ASSOCIATE Jobs
- 🎓 Accountant Trainee Jobs Opening in Pearl Lemon at Central Delhi, Delhi Cantt., Delhi-Others, Bangalore, Mumbai, Delhi
- 🎓 Accounting Associate
- 🎓 Accounting Associate Jobs
- 🎓 Accounts Trainee
- 🎓 Accounts Trainee Jobs
- 🎓 Actuarial Associate
- 🎓 Actuarial Associate Jobs
- 💻 Analyst Programmer
- 💻 Analyst Programmer Jobs
- 🎓 Analytical Associate
- 🎓 Analytical Associate Jobs
- 🎓 Apply to Accountant Trainee Jobs in Pearl Lemon, Bangalo...
- 🎓 Apply to B2B Sales Intern Jobs in Uniserv.Tech, Mumbai f...
- 🎓 Apply to B2B Sales Intern Jobs in Value Score Business S...
- 🎓 Apply to Marketing Intern Jobs in P3 Infotech Solutions ...
- 🎓 Apply to Music-Tech Studio Fellow / Intern Jobs in Nath...
- 🎓 Apply to QA Intern Jobs in Instawork, Bangalore from 0 t...
- 🤖 Apply to Software AI Testing Jobs in PRAM EDUCATE IT SO...
- 🎓 Apply to Software Tester Trainee Jobs in Spraxa Solution...
- 🎓 Apply to the Latest Internship Now on Freshersworld!
- 🎓 Apprentice trainee
- 🎓 Apprentice trainee Jobs
- 🎓 Apprentice trainee engineering
- 🎓 Apprentice trainee engineering Jobs
- 🎓 Associate - Logistics
- 🎓 Associate - Logistics Jobs
- 🎓 Associate - Supply Chain
- 🎓 Associate - Supply Chain Jobs
- 🎓 Associate -HR
- 🎓 Associate -HR Jobs
- 🎓 Associate Accounts Payble
- 🎓 Associate Accounts Payble Jobs
- 🎓 Associate Banking Operations
- 🎓 Associate Banking Operations Jobs
- 🎓 Associate Business Analyst
- 🎓 Associate Business Analyst Jobs
- 🎓 Associate Consultant
- 🎓 Associate Consultant Jobs
- 🎓 Associate Customer
- 🎓 Associate Customer Jobs
- 🎓 Associate Customer Support
- 🎓 Associate Customer Support Jobs
- 🎓 Associate Data Analyst
- 🎓 Associate Data Analyst Jobs
- 🎓 Associate Finance
- 🎓 Associate Finance Jobs
- 🎓 Associate HR
- 🎓 Associate HR Jobs
- 🎓 Associate Hire to Retire
- 🎓 Associate Hire to Retire Jobs
- 🎓 Associate In Process Quality
- 🎓 Associate In Process Quality Jobs
- 🎓 Associate MIS
- 🎓 Associate MIS Jobs
- 🎓 Associate Maintenance
- 🎓 Associate Maintenance Jobs
- 🎓 Associate Network Business Analytics
- 🎓 Associate Network Business Analytics Jobs
- 🎓 Associate Product Manager
- 🎓 Associate Quality Testing
- 🎓 Associate Quality Testing Jobs
- 🎓 Associate Recruiter
- 🎓 Associate Recruiter Jobs
- 🎓 💻 Associate Software Development
- 🎓 💻 Associate Software Development Jobs
- 🎓 Associate UI/UX Designer
- 🎓 Associate UI/UX Designer Jobs
- 🎓 Associate-HR
- 🎓 Associate-HR Jobs
- 🎓 Associate-Procurement
- 🎓 Associate-Procurement Jobs
- 🎓 B2B Sales Intern Jobs Opening in Uniserv.Tech at Goregaon West, Mumbai
- 🎓 B2B Sales Intern Jobs Opening in Value Score Business Solutions LLP at Andheri East, Mumbai
- 💻 Back End Developer
- 🎓 Back office Associate
- 🎓 Back office Associate Jobs
- 🎓 💻 Backend Associate
- 🎓 💻 Backend Associate Jobs
- 🎓 Browse All Internship Vacancies on Freshersworld
- 🎓 Browse these internship roles and find your ideal internship job on Freshersworld.
- 🎓 Campus Hiring Officer
- 🎓 Campus Hiring Officer Jobs
- 🎓 Campus Recruiter
- 🎓 Campus Recruiter Jobs
- 🎓 Can freshers without any prior experience get an internship in India?
- 🤖 Consultant – AI & Data Scientist
- 🤖 Consultant – AI & Data Scientist Jobs
- 💻 Content Management Web Developer
- 💻 Content Management Web Developer Jobs
- 🎓 Credit Card Associate
- 🎓 Credit Card Associate Jobs
- 🎓 Customer Support Associate
- 🎓 Customer Support Associate Jobs
- 🎓 Data Analyst Internship
- 🎓 Data Analyst Internship Jobs
- 🎓 🤖 Data Science Internship
- 🎓 🤖 Data Science Internship Jobs
- 🤖 Data Scientist
- 🤖 Data Scientist Jobs
- 🎓 Digital Associate
- 🎓 Digital Associate Jobs
- 🎓 Digital Content Management New Associate
- 🎓 Digital Content Management New Associate Jobs
- 🎓 Digital Marketing Internship
- 🎓 Digital Marketing Internship Jobs
- 🎓 Enterprise Sales Associate
- 🎓 Enterprise Sales Associate Jobs
- 🎓 Explore some of the most in-demand internship roles and internship programs available this year:
- 🎓 Field Sales Associate
- 🎓 Field Sales Associate Jobs
- 🎓 Finance Internship
- 🎓 Finance Internship Jobs
- 🎓 Floor Associate
- 🎓 Floor Associate Jobs
- 🎓 For Quality Associate
- 🎓 For Quality Associate Jobs
- 🎓 Freshersworld updates its internship listings daily with verified roles from:
- 💻 Full Stack Developer
- 💻 Fullstack Developer
- 💻 Fullstack Developer Jobs
- 🎓 GCPR Sales Associate
- 🎓 GCPR Sales Associate Jobs
- 🎓 Get notified instantly when new internship roles matching your profile are posted.
- 🎓 HR And Admin Trainee
- 🎓 HR And Admin Trainee Jobs
- 🎓 HR Associate
- 🎓 HR Associate Jobs
- 🎓 HR Service Delivery New Associate
- 🎓 HR Service Delivery New Associate Jobs
- 🎓 How important are online certifications for securing an internship?
- 🎓 Inclusive Insurance Associate
- 🎓 Inclusive Insurance Associate Jobs
- 🎓 Internship
- 🎓 Internship Jobs
- 🎓 Internship Jobs In Ahmedabad
- 🎓 Internship Jobs In Bangalore
- 🎓 Internship Jobs In Chennai
- 🎓 Internship Jobs In Delhi
- 🎓 Internship Jobs In Gurgaon
- 🎓 Internship Jobs In Hyderabad
- 🎓 Internship Jobs In Kolkata
- 🎓 Internship Jobs In Mumbai
- 🎓 Internship Jobs In Noida
- 🎓 Internship Jobs In Pune
- 🎓 Internship Jobs in your city
- 🎓 Internship Opportunities by City
- 🎓 Internship Vacancies – Your Gateway to the Latest Internships in India for Freshers
- 🎓 Inventory Squad Associate
- 🎓 Inventory Squad Associate Jobs
- 💻 Java Fullstack Developer
- 💻 Java Fullstack Developer Jobs
- 🎓 Jr Associate
- 🎓 Jr Associate Jobs
- 🎓 💻 Junior Software Developer
- 🎓 💻 Junior Software Developer Jobs
- 🎓 Keep it short, professional, and specific to each internship application.
- 🎓 Latest Internship Job Openings 2026
- 🎓 Latest Internship Jobs
- 🎓 Latest Internship Openings on Freshersworld
- 🎓 Legal Associate Legal Completions
- 🎓 Legal Associate Legal Completions Jobs
- 🎓 Loader Operation Associate
- 🎓 Loader Operation Associate Jobs
- 🎓 MANGEMENT ASSOCIATE
- 🎓 MANGEMENT ASSOCIATE Jobs
- 🤖 ML Engineer
- 🤖 ML Engineer Jobs
- 🤖 Machine Learning Engineer
- 🤖 Machine Learning Engineer Jobs
- 🤖 Machine Learning Scientist
- 🤖 Machine Learning Scientist Jobs
- 🎓 Machining Associate
- 🎓 Machining Associate Jobs
- 🎓 Management Trainee
- 🎓 Management Trainee Jobs
- 🎓 Many companies offer Pre-Placement Offers (PPOs) to top-performing interns, converting your internship into a permanent role.
- 🎓 Market Research Associate
- 🎓 Market Research Associate Jobs
- 🎓 Market Research Trainee
- 🎓 Market Research Trainee Jobs
- 🎓 Marketing Intern Jobs Opening in P3 Infotech Solutions Pvt Ltd at Gurgaon-Others, Gurgaon
- 🎓 Mechanical Trainee
- 🎓 Mechanical Trainee Jobs
- 🎓 Middle Office Risk Support Associate
- 🎓 Middle Office Risk Support Associate Jobs
- 🎓 Music-Tech Studio Fellow / Intern Jobs Opening in Nathaniel School of Music at Bangalore
- 🎓 Naps /WILP Trainee ( Production
- 🎓 Naps /WILP Trainee ( Production Jobs
- 🎓 Other Graduate
- 🎓 Other Post Graduate
- 🎓 PTP Associate
- 🎓 PTP Associate Jobs
- 🎓 Paid Internship
- 🎓 Paid Internship Jobs
- 💻 Principal Software Engineer IT
- 💻 Principal Software Engineer IT Jobs
- 🎓 Process Associate Trainee
- 🎓 Process Associate Trainee Jobs
- 🎓 Procure to Pay Associate
- 🎓 Procure to Pay Associate Jobs
- 🎓 Procure to Pay New Associate
- 🎓 Procure to Pay New Associate Jobs
- 🎓 Procurement Associate
- 🎓 Procurement Associate Jobs
- 🎓 Production Trainee
- 🎓 Production Trainee Jobs
- 🎓 Program Management Associate
- 🎓 Program Management Associate Jobs
- 🎓 Project Management Associate
- 🎓 Project Management Associate Jobs
- 🎓 QA Intern Jobs Opening in Instawork at Koramangala, Bangalore
- 🎓 Quality Assurance Trainee
- 🎓 Quality Assurance Trainee Jobs
- 🎓 Regulatory Affairs associate
- 🎓 Regulatory Affairs associate Jobs
- 🎓 Regulatory Associate
- 🎓 Regulatory Associate Jobs
- 🎓 Regulatory Operation Associate
- 🎓 Regulatory Operation Associate Jobs
- 🎓 Regulatory Operations Associate
- 🎓 Regulatory Operations Associate Jobs
- 💻 Remote Front End Developer
- 💻 Remote Front End Developer Jobs
- 💻 Remote Software Developer
- 💻 Remote Software Developer Jobs
- 💻 Remote Software Engineer
- 💻 Remote Software Engineer Jobs
- 💻 Remote Web Developer
- 💻 Remote Web Developer Jobs
- 🎓 SAP FICO Associate Consultant
- 🎓 SAP FICO Associate Consultant Jobs
- 🎓 Sales Associate
- 🎓 Sales Associate FMCG
- 🎓 Sales Associate FMCG Jobs
- 🎓 Sales Associate Jobs
- 🎓 Sales Trainee
- 🎓 Sales Trainee Jobs
- 🎓 Salesforce Trainee
- 🎓 Salesforce Trainee Jobs
- 🎓 Senior Associate
- 🎓 Senior Associate - HR
- 🎓 Senior Associate - HR Jobs
- 🎓 Senior Associate Jobs
- 🎓 Senior Associate Order to Cash
- 🎓 Senior Associate Order to Cash Jobs
- 💻 Senior Front End Developer
- 💻 Senior Front End Developer Jobs
- 💻 Senior Full Stack Developer
- 💻 Senior Full Stack Developer Jobs
- 🎓 Senior Sales Associate
- 🎓 Senior Sales Associate Jobs
- 💻 Senior Software Developer
- 💻 Senior Software Developer Jobs
- 💻 Senior Software Engineer
- 💻 Senior Software Engineer Jobs
- 🎓 Senior sale associate
- 🎓 Senior sale associate Jobs
- 🤖 Software AI Testing Jobs Opening in PRAM EDUCATE IT SOFTWARE LLP at Wakad, Pune-Others, Pune
- 💻 Software Developer
- 💻 Software Developer Jobs
- 💻 Software Engineer
- 🎓 💻 Software Engineer - Trainee
- 🎓 💻 Software Engineer - Trainee Jobs
- 💻 Software Engineer II
- 💻 Software Engineer II Jobs
- 💻 Software Engineer Jobs
- 🎓 Software Tester Trainee Jobs Opening in Spraxa Solutions Pvt Ltd. at Noida City Centre, Sector 15, Noida, Sector 18, Noida, Noida
- 💻 Sr Software Engineer
- 💻 Sr Software Engineer Jobs
- 🎓 Summer Internship
- 🎓 Summer Internship Jobs
- 🎓 Supply chain trainee
- 🎓 Supply chain trainee Jobs
- 🎓 Technical Associate
- 🎓 Technical Associate Jobs
- 🎓 Technical Support Associate
- 🎓 Technical Support Associate Jobs
- 🎓 Tele Calling Associate Sales A
- 🎓 Tele Calling Associate Sales A Jobs
- 🎓 Tips to Get Selected for an Internship
- 🎓 To stand out in the competitive landscape of internship applications:
- 🎓 Top Internship Roles Hiring in India (2026)
- 🎓 Trainee Apprentice
- 🎓 Trainee Apprentice Jobs
- 🎓 Trainee EGC
- 🎓 Trainee EGC Jobs
- 🎓 Trainee Engineer
- 🎓 Trainee Engineer Jobs
- 🎓 Trainee Operator
- 🎓 Trainee Operator Jobs
- 🎓 Trainee Store Risk Management
- 🎓 Trainee Store Risk Management Jobs
- 🎓 Transaction Processing New Associate
- 🎓 Transaction Processing New Associate Jobs
- 🎓 Transaction processing associate
- 🎓 Transaction processing associate Jobs
- 💻 Web Developer
- 💻 Web Developer Jobs
- 🎓 What is the best way to find verified internship opportunities in India?
- 🎓 Work From Home Internship
- 🎓 Work From Home Internship Jobs
- 🎓 franchise associate
- 🎓 franchise associate Jobs
- 🎓 internship vacancies
- 🎓 production trainee
- 🎓 production trainee Jobs
- 🎓 transaction new associate
- 🎓 transaction new associate Jobs

## YC Work at a Startup — Remote
<https://www.workatastartup.com/jobs>

- 🎓 Electrical Engineering Intern

## AICTE Internship Portal — India
<https://internship.aicte-india.org/>

- 🎓 1 Crore Internship By 2027 | 79,57,193+ Internships | 82299 Companies
- 🎓 INTERNSHIP BY INDIAN ARMY

## Rupeek — Bengaluru
<https://rupeek.com/careers>

- 🎓 Senior Manager/ Associate Director - Lender Partnerships Location: Bengaluru, Karnataka, India 4 days ago
- 🎓 Senior Manager/ Associate Director - Talent Acquisition (Volume Hiring) Location: Bengaluru, Karnataka, India 16 hours ago

## Ozonetel — Hyderabad
<https://ozonetel.com/careers/>

- 🎓 Associate – Project Manager Engineering Hyderabad Chennai More Details

## Airwallex — Singapore
<https://www.airwallex.com/careers>

- 🤖 Senior Data Scientist, Analytics (Regulatory Reporting) Product Singapore
- 🤖 Senior Manager, Operations Strategy (AI Enablement) Operations Management Operations Management • London EMEA , London London
- 💻 Staff Software Engineer, Business Accounts Engineering Engineering • Sydney APAC , Sydney Sydney

## Yubi — Chennai
<https://www.go-yubi.com/careers/>

- 💻 Full Stack Software Engineer
- 🤖 Lead Engineer (Agentic AI)
- 🤖 Principal Engineer (Agentic AI)
- 🤖 Senior Data Scientist, Accumn — Mumbai
- 🤖 💻 Senior Software Engineer (Agentic AI)

## Softweb Solutions — Ahmedabad
<https://www.softwebsolutions.com/careers.html>

- 🎓 Intern

# 🔔 New career-page entries — 2026-07-14T13:43:20

## Accenture — Bengaluru
<https://www.accenture.com/in-en/careers/jobsearch?fl=Bengaluru>

- 🤖 Enterprise AI Value Strategy Manager
- 🤖 Enterprise AI Value Strategy Senior Manager
- 💻 Full Stack Engineering Senior Manager
- 🤖 IMU - AI & Data Manager
- 🎓 Strategy Innovation Associate Director
- 🎓 Workplace Service Delivery Associate Manager
- 🎓 Workplace Service Delivery Associate Manager-Events

## Accenture — Hyderabad
<https://www.accenture.com/in-en/careers/jobsearch?fl=Hyderabad>

- 🤖 Enterprise AI Value Strategy Manager
- 🤖 Enterprise AI Value Strategy Senior Manager
- 💻 Full Stack Engineering Senior Manager
- 🤖 IMU - AI & Data Manager
- 🎓 Strategy Innovation Associate Director
- 🎓 Workplace Service Delivery Associate Manager
- 🎓 Workplace Service Delivery Associate Manager-Events

## Accenture — Pune
<https://www.accenture.com/in-en/careers/jobsearch?fl=Pune>

- 🤖 Enterprise AI Value Strategy Manager
- 🤖 Enterprise AI Value Strategy Senior Manager
- 💻 Full Stack Engineering Senior Manager
- 🤖 IMU - AI & Data Manager
- 🎓 Strategy Innovation Associate Director
- 🎓 Workplace Service Delivery Associate Manager
- 🎓 Workplace Service Delivery Associate Manager-Events

## Accenture — Gurugram
<https://www.accenture.com/in-en/careers/jobsearch?fl=Gurugram>

- 🤖 Enterprise AI Value Strategy Manager
- 🤖 Enterprise AI Value Strategy Senior Manager
- 💻 Full Stack Engineering Senior Manager
- 🤖 IMU - AI & Data Manager
- 🎓 Strategy Innovation Associate Director
- 🎓 Workplace Service Delivery Associate Manager
- 🎓 Workplace Service Delivery Associate Manager-Events

## Capgemini — India
<https://www.capgemini.com/in-en/careers/join-capgemini/job-search/>

- 🎓 Associate Application Consultant Kolkata (ex Calcutta) SaaS Solutions Permanent Experienced Professionals
- 🤖 GCP Data Engineer Bangalore, Bhubaneswar, Chennai (ex Madras), Coimbatore, Gandhinagar + 13 Data & AI Permanent Experienced Professionals

## IBM — India
<https://www.ibm.com/in-en/careers/career-opportunities>

- 🎓 🤖 Graduate / Associate - SAP AI Orchestration Consultant
- 🎓 🤖 Graduate/Associate - SAP AI Platform Consultant

## Cognizant — India
<https://careers.cognizant.com/global-en/jobs/>

- 🎓 Associate Director, Client Relationship Manager (Sales - Account Management & Expansion) – Travel & Hospitality Sector

## TatvaSoft — Ahmedabad
<https://www.tatvasoft.com/career>

- Apply for this job
- Business Development Executive
- Cloud & Devops
- Find the open positions listed below and apply via email on
- 🎓 I am a fresher, can I apply for open positions?
- Java Developer
- Software Testing & QA

## Tech Mahindra — India
<https://careers.techmahindra.com/>

- 🤖 Data Scientist

## Cognizant — India
<https://careers.cognizant.com/india-en/jobs/>

- 🎓 Associate Director, Client Relationship Manager (Sales - Account Management & Expansion) – Travel & Hospitality Sector

## Swiggy — Bengaluru
<https://careers.swiggy.com/>

- Sales Manager II

## Internshala (ML) — India
<https://internshala.com/internships/machine-learning-internship/>

- 🎓 🤖 Machine Learning Internships: Find 134 Machine Learning Intern Jobs

## Internshala (SDE) — India
<https://internshala.com/internships/software-development-internship/>

- 🎓 💻 Software Development Internships: 214+ Software Development Intern Jobs

## Internshala (AI) — India
<https://internshala.com/internships/artificial-intelligence-internship/>

- 🎓 🤖 Artificial intelligence Internships: Find 163 Artificial intelligence Intern Jobs

## Qualcomm — India
<https://careers.qualcomm.com/careers>

- 🎓 Associate's degree and 4+ years of relevant work experience.
- 🤖 Lead Engineer, Senior - Computer Vision Bangalore, Karnataka, India Systems Engineering Posted 14 hours ago

## Atlassian — Bengaluru
<https://www.atlassian.com/company/careers/all-jobs>

- 🎓 Account Associate, LATAM (Portuguese Speaking)
- 🎓 Associate Customer Success Manager
- 🎓 Associate Solution Engineer, Mid Market (West)
- 🎓 IIT Madras - Software Engineering Intern, 2027 Intern India
- 🤖 Principal Machine Learning Engineer
- 🤖 Principal Machine Learning Systems Engineer
- 🤖 Senior Account Executive , AI & Digital Natives (Bay Area)
- 🤖 Senior Account Executive , AI and Digital Native (NYC)
- 🤖 Senior Design Manager, Jira AI
- 🤖 Senior Machine Learning System Engineer
- 🤖 Senior Machine Learning Systems Engineering Manager - AI & ML Platform
- 🤖 Senior Manager, AI & Digital Natives
- 🤖 Senior Solution Consultant, Teamwork Foundations + AI
- 🤖 Senior Systems Engineer — AI Code Metrics Daemon
- 💻 Software Engineer
- 🤖 Solution Sales Executive, Enterprise Work Management & AI

## Razorpay — Bengaluru
<https://razorpay.com/jobs/>

- 🤖 Hiring AI Builders
- 🤖 Hiring the Most Obsessed AI Builders Apply here

## Sarvam AI — Bengaluru
<https://www.sarvam.ai/careers>

- 🎓 Product Operations & Analytics Intern Bengaluru Full Time On-Site

## Kore.ai — Hyderabad
<https://kore.ai/careers/>

- 🤖 AI Solution Sales Specialist
- 🤖 Lead AI Customer Engineer — Fanatic Customer Support
- 💻 Software Engineer/Senior Software Engineer - Technical Support

## Talabat — Dubai
<https://careers.talabat.com/>

- 🎓 Associate Graphic Designer

## Tabby — Dubai
<https://tabby.ai/careers>

- 🎓 🤖 AI Intern KSA
- 🎓 AML Associate KSA
- 💻 Backend Engineer II KSA
- 🎓 Compliance Associate Egypt
- 🎓 DBA Intern KSA
- 🎓 DevOps Intern KSA
- 🎓 FinOps Associate KSA
- 🎓 Information Security Intern KSA
- 🎓 💻 Intern Backend (Go) Engineer KSA
- 🎓 Intern QA Engineer KSA
- 💻 Senior Backend Engineer II Remote
- 🎓 Senior Tax Associate KSA
- 🤖 Technical Project Manager (AI focus) Remote

## Internshala Noida — Noida
<https://internshala.com/internships/internship-in-noida/>

- 🎓 Management Intern (BD & Pre Sales)

## Internshala Gurgaon — Gurugram
<https://internshala.com/internships/internship-in-gurgaon/>

- 🎓 Internships in Gurgaon: Top 3255 Paid Internship in Gurgaon
- 🎓 Management Intern (BD & Pre Sales)

## Grab — Singapore
<https://grab.careers/>

- 🎓 Associate, Collections Analytics and QC
- 🎓 Partner Acquisition & Partner Engagement Associate

## MyCareersFuture (ML) — Singapore
<https://www.mycareersfuture.gov.sg/search?search=machine+learning&sortBy=new_posting_date>

- 🎓 If you are a fresh graduate looking for a traineeship opportunity
- 🎓 Junior Executive

## Cashfree — Bengaluru
<https://www.cashfree.com/careers/>

- 🎓 Associate Director - Banking & Alliance Product
- 💻 Software Development Engineer - 3

## Signzy — Bengaluru
<https://www.signzy.com/careers/>

- 🎓 Associate Director - Enterprise Sales 875 days ago Chennai 7 years - 10 years Full Time
- 🎓 Lead Generation Associate 6 days ago Bangalore 1 to 3 Full Time
- 🎓 Partnership Intern 6 days ago Mumbai 0 to 1 Full Time
- 🎓 Sales Associate 21 days ago Mumbai 1 - 2 years Full Time

## Thunes — Singapore
<https://www.thunes.com/careers/>

- 🎓 Enterprise Singapore Graduate Scheme

## NICE — Pune
<https://www.nice.com/careers>

- 🤖 pageVisits-_glossary%2Fautomating-qa-with-ai
- 🤖 pageVisits-_info%2Ftop-trends-in-automating-qa-with-ai-what-you-need-to-know
- 🤖 pageVisits-_resources%2F5-executive-priorities-to-scale-agentic-ai-for-enterprise-value
- 🤖 pageVisits-_resources%2Fanalyst-backed-strategies-10-cx-ai-insights-for-executive-decision-makers
- 🤖 pageVisits-_resources%2Ftop-10-ai-first-cx-trends-to-lead-in-2026

## upGrad — Mumbai
<https://www.upgrad.com/careers/>

- 🤖 Data Scientist Salary in India: 2026

## Shiprocket — Gurugram
<https://careers.shiprocket.in/>

- 🎓 💻 Associate Software Engineer

## Internshala (Data Science) — India
<https://internshala.com/internships/data-science-internship/>

- 🤖 AI Application Developer
- 🤖 Automation Developer (With AI Agents)
- 🎓 🤖 Data Science Internships: Find 328 Data Science Intern Jobs

## Internshala (Web Dev) — India
<https://internshala.com/internships/web-development-internship/>

- 🤖 AI Application Developer
- 🎓 Web Development Internships: 323+ Web Development Intern Jobs

## Internshala (Python) — India
<https://internshala.com/internships/python-internship/>

- 🤖 AI Application Developer
- 🎓 Python Internships: Find 247 Python Intern Jobs

## Internshala (Full Stack) — India
<https://internshala.com/internships/full-stack-development-internship/>

- 🎓 💻 Full Stack Development Internships: 92+ Full Stack Development Intern Jobs

## Internshala (Frontend) — India
<https://internshala.com/internships/front-end-development-internship/>

- 🎓 💻 Front End Development Internships: Find 104 Front End Development Intern Jobs

## Internshala (Backend) — India
<https://internshala.com/internships/back-end-development-internship/>

- 🤖 AI Application Developer
- 🎓 💻 Backend Development Internships: Find 111 Backend Development Intern Jobs

## Internshala (App Dev) — India
<https://internshala.com/internships/mobile-app-development-internship/>

- 🎓 Mobile App Development Internships: Find 71 Mobile App Development Intern Jobs

## Internshala (Bangalore) — Bengaluru
<https://internshala.com/internships/internship-in-bangalore/>

- 🎓 Category Expansion Associate
- 🎓 Category Operations Associate
- 🎓 Flow Ops Associate

## YC Work at a Startup — Remote
<https://www.workatastartup.com/jobs>

- 💻 Fullstack Engineer

## AICTE Internship Portal — India
<https://internship.aicte-india.org/>

- 🎓 1 Crore Internship By 2027 | 79,57,193+ Internships | 82309 Companies

## Rupeek — Bengaluru
<https://rupeek.com/careers>

- 🎓 Senior Manager/ Associate Director - Talent Acquisition (Volume Hiring) Location: Bengaluru, Karnataka, India 20 hours ago

## Talentica — Pune
<https://www.talentica.com/careers/>

- 🤖 QA LLM Engineer

## HealthKart — Gurugram
<https://www.healthkart.com/careers>

- 💻 Senior Java Software Engineer

## Airwallex — Singapore
<https://www.airwallex.com/careers>

- 🎓 Associate Director, Obligations Management Regulatory & Compliance Americas, San Francisco
- 🎓 Associate/Manager, Credit Risk Operations (Debt Collections) Operations Management APAC, Sydney
- 🤖 Engineering Manager, AI Tooling Engineering APAC, Melbourne
- 🎓 Senior Associate, Revenue Strategy & Enablement, EMEA Operations Management Berlin
- 💻 Software Engineer, Spend Engineering Engineering • Melbourne APAC , Melbourne Melbourne
- 💻 Staff Software Engineer, New Products Engineering London

## Moon Technolabs — Ahmedabad
<https://www.moontechnolabs.com/career-with-us/>

- 🎓 HR - Fresher
- 🤖 Sr. AI/ML Developer

# 🔔 New career-page entries — 2026-07-14T19:20:09

## Accenture — Bengaluru
<https://www.accenture.com/in-en/careers/jobsearch?fl=Bengaluru>

- 🎓 Order to Cash Operations Associate
- 🎓 Procurement Operations Associate

## Accenture — Hyderabad
<https://www.accenture.com/in-en/careers/jobsearch?fl=Hyderabad>

- 🎓 Order to Cash Operations Associate
- 🎓 Procurement Operations Associate

## Accenture — Pune
<https://www.accenture.com/in-en/careers/jobsearch?fl=Pune>

- 🎓 Order to Cash Operations Associate
- 🎓 Procurement Operations Associate

## Accenture — Gurugram
<https://www.accenture.com/in-en/careers/jobsearch?fl=Gurugram>

- 🎓 Order to Cash Operations Associate
- 🎓 Procurement Operations Associate

## Capgemini — India
<https://www.capgemini.com/in-en/careers/join-capgemini/job-search/>

- 🤖 Data Engineer Pune Data & AI Permanent Experienced Professionals

## Tech Mahindra — India
<https://careers.techmahindra.com/>

- 🎓 Associate Product Architect
- 💻 Sr. Software Engineer

## Internshala (ML) — India
<https://internshala.com/internships/machine-learning-internship/>

- 🎓 🤖 Machine Learning Internships: Find 133 Machine Learning Intern Jobs

## Internshala (SDE) — India
<https://internshala.com/internships/software-development-internship/>

- 🎓 💻 Full Stack Developer - Intern
- 🎓 💻 Software Development Internships: 220+ Software Development Intern Jobs

## Internshala (AI) — India
<https://internshala.com/internships/artificial-intelligence-internship/>

- 🎓 🤖 Artificial intelligence Internships: Find 165 Artificial intelligence Intern Jobs

## Qualcomm — India
<https://careers.qualcomm.com/careers>

- 🎓 2. Associate Engineer
- 🎓 💻 2026 Intern(3 months)-Graphics&Gaming Software Engineer Chengdu, Sichuan, China Interim Engineering Intern - SW Posted 19 hours ago
- 💻 3. Software Engineer
- 💻 4. Senior Software Engineer
- 💻 5. Software Developer
- 🤖 💻 AI Solution Software Engineer Shanghai, Shanghai, China Software Engineering Posted 19 hours ago
- 🎓 Associate Engineer Hyderabad, Telangana, India Software Engineering Posted 2 days ago
- 🎓 Engineer, Associate
- 🎓 Engineer, Associate Hyderabad, Telangana, India Software Engineering Posted 19 hours ago
- 🤖 Engineer, Senior-AI and Machine Learning with embedded/C++ Hyderabad, Telangana, India Software Engineering Posted 2 months ago
- 🤖 Engineer, Staff-AI and Machine Learning with embedded/C++ Hyderabad, Telangana, India Software Engineering Posted 2 months ago
- 🤖 Engineer, Staff-Machine Learning-Embedded,C++ Hyderabad, Telangana, India Software Engineering Posted a month ago
- 🎓 🤖 Engineer/Associate Engineer - AI Platform Hyderabad, Telangana, India Software Engineering Posted 5 days ago
- 🤖 💻 Senior Software Engineer – Edge AI/GenAI San Diego, California, United States of America Software Engineering Posted a month ago
- 🤖 💻 Senior Software Engineer, Gaming AI Development San Diego, California, United States of America Software Engineering Posted 15 days ago

## AMD India — Bengaluru
<https://careers.amd.com/careers-home>

- 🤖 Agentic AI Business Applications Developer
- 💻 Senior Software Development Engineer

## Talabat — Dubai
<https://careers.talabat.com/>

- 🎓 Associate Compliance-InstaShop

## Internshala Gurgaon — Gurugram
<https://internshala.com/internships/internship-in-gurgaon/>

- 🎓 Internships in Gurgaon: Top 3252 Paid Internship in Gurgaon

## To The New — Noida
<https://www.tothenew.com/careers>

- 🎓 Associate Quality Engineering Lead
- 🎓 Associate Quality Engineering Lead 6-8 years Noida

## Internshala (Data Science) — India
<https://internshala.com/internships/data-science-internship/>

- 🎓 🤖 Data Science Internships: Find 326 Data Science Intern Jobs

## Internshala (Web Dev) — India
<https://internshala.com/internships/web-development-internship/>

- 🎓 💻 Full Stack Developer - Intern

## Internshala (Full Stack) — India
<https://internshala.com/internships/full-stack-development-internship/>

- 🎓 💻 Full Stack Developer - Intern

## Internshala (Backend) — India
<https://internshala.com/internships/back-end-development-internship/>

- 🎓 💻 Backend Development Internships: Find 112 Backend Development Intern Jobs

## Internshala (App Dev) — India
<https://internshala.com/internships/mobile-app-development-internship/>

- 🎓 Mobile App Development Internships: Find 72 Mobile App Development Intern Jobs

## Internshala (Ahmedabad) — Ahmedabad
<https://internshala.com/internships/internship-in-ahmedabad/>

- 🎓 HR Intern - Talent Acquisition

## YC Work at a Startup — Remote
<https://www.workatastartup.com/jobs>

- 🤖 Applied AI Engineer
- 💻 Engineer - Backend
- 💻 Engineer - Frontend
- 💻 Senior Software Engineer, Journeys Team (Fullstack)

## AICTE Internship Portal — India
<https://internship.aicte-india.org/>

- 🎓 1 Crore Internship By 2027 | 79,57,193+ Internships | 82312 Companies

## Rupeek — Bengaluru
<https://rupeek.com/careers>

- 🎓 Senior Manager/ Associate Director - Talent Acquisition (Volume Hiring) Location: Bengaluru, Karnataka, India 1 day ago

## Airwallex — Singapore
<https://www.airwallex.com/careers>

- 💻 Software Engineer, Org & Identity Engineering Engineering • Singapore APAC , Singapore Singapore
- 💻 Staff Software Engineer, Onboarding Team Engineering Singapore

## Webs Optimization — Ahmedabad
<https://www.websoptimization.com/career>

- 💻 (as a developer, software engineer, or similar technical role)
- 💻 Full Stack Java Developer (Angular + Spring)
- 💻 Job Opportunity | Sr. Full Stack Java Developer | Ahmedabad (Work from Office)
- 💻 Mernstack Full Stack Developer
- 💻 Sr. Full Stack Java Developer
- 💻 Sr. Full Stack Java Developer (Angular + Spring)

## Moon Technolabs — Ahmedabad
<https://www.moontechnolabs.com/career-with-us/>

- 🎓 Experience: Fresher
- 🎓 Trainee Business Development Executive
- 🎓 Trainee Product Sales Executive
- 🎓 Trainee Video Creator

# 🔔 New career-page entries — 2026-07-15T02:27:36

## Accenture — Bengaluru
<https://www.accenture.com/in-en/careers/jobsearch?fl=Bengaluru>

- 🤖 Enterprise AI Value Strategy Manager
- 🤖 Enterprise AI Value Strategy Senior Manager
- 🤖 IMU - AI & Data Manager
- 🎓 IMU Sales Capture Associate Director
- 🎓 Sales Capture Associate Director
- 🎓 Strategy Innovation Associate Director
- 🎓 Workplace Service Delivery Associate Manager
- 🎓 Workplace Service Delivery Associate Manager-Events

## Accenture — Hyderabad
<https://www.accenture.com/in-en/careers/jobsearch?fl=Hyderabad>

- 🤖 Enterprise AI Value Strategy Manager
- 🤖 Enterprise AI Value Strategy Senior Manager
- 🤖 IMU - AI & Data Manager
- 🎓 IMU Sales Capture Associate Director
- 🎓 Sales Capture Associate Director
- 🎓 Strategy Innovation Associate Director
- 🎓 Workplace Service Delivery Associate Manager
- 🎓 Workplace Service Delivery Associate Manager-Events

## Accenture — Pune
<https://www.accenture.com/in-en/careers/jobsearch?fl=Pune>

- 🤖 Enterprise AI Value Strategy Manager
- 🤖 Enterprise AI Value Strategy Senior Manager
- 🤖 IMU - AI & Data Manager
- 🎓 IMU Sales Capture Associate Director
- 🎓 Sales Capture Associate Director
- 🎓 Strategy Innovation Associate Director
- 🎓 Workplace Service Delivery Associate Manager
- 🎓 Workplace Service Delivery Associate Manager-Events

## Accenture — Gurugram
<https://www.accenture.com/in-en/careers/jobsearch?fl=Gurugram>

- 🤖 Enterprise AI Value Strategy Manager
- 🤖 Enterprise AI Value Strategy Senior Manager
- 🤖 IMU - AI & Data Manager
- 🎓 IMU Sales Capture Associate Director
- 🎓 Sales Capture Associate Director
- 🎓 Strategy Innovation Associate Director
- 🎓 Workplace Service Delivery Associate Manager
- 🎓 Workplace Service Delivery Associate Manager-Events

## Capgemini — India
<https://www.capgemini.com/in-en/careers/join-capgemini/job-search/>

- 🤖 GCP Data Engineer Chennai (ex Madras), Coimbatore, Gandhinagar, Gurgaon, Hyderabad + 13 Data & AI Permanent Experienced Professionals

## Tech Mahindra — India
<https://careers.techmahindra.com/>

- 💻 Sr. (SDET BE) Quality Engineer

## Peoplebox — Bengaluru
<https://www.peoplebox.ai/careers>

- 🎓 Associate Product Manager (APM) 70 days ago BANGALORE Full Time
- Content Marketing Manager 345 days ago BANGALORE 4-6 Full Time
- SEO Lead 229 days ago BANGALORE 4-6 Full Time
- 💻 Senior Backend Engineer 341 days ago BANGALORE 5-9 Full Time
- Talent Acquisition Lead 119 days ago BANGALORE 5+ Full Time

## YCombinator Jobs — Bengaluru
<https://www.ycombinator.com/jobs/location/bengaluru>

- 🤖 Vahan (S19) • AI recruiter for India's massive blue-collar workforce ( 22 days ago)

## Amazon India — India
<https://www.amazon.jobs/en/search?base_query=intern&loc_query=India>

- 🎓 Marketing Intern

## Qualcomm — India
<https://careers.qualcomm.com/careers>

- 🤖 💻 AI Solution Software Engineer Shanghai, Shanghai, China Software Engineering Posted a day ago
- 🎓 Engineer, Associate Hyderabad, Telangana, India Software Engineering Posted a day ago
- 🤖 Engineer, Machine Learning Software Verification Markham, Ontario, Canada Machine Learning Engineering Posted a day ago

## Atlassian — Bengaluru
<https://www.atlassian.com/company/careers/all-jobs>

- 🤖 Senior Machine Learning Manager

## Postman — Bengaluru
<https://www.postman.com/company/careers/open-positions/>

- 🤖 Applied AI Scientist, Small Language Model and AI Training
- 💻 Backend and System Engineer, Flows
- 🤖 Engineering Manager, Postman AI
- 🤖 Member of Technical Staff, AI Agent Development Lead
- 🤖 Member of Technical Staff, AI Reliability & Monitoring Engineering Lead
- 💻 Senior Backend Engineer, Cloud Platform
- 💻 Senior Backend Engineer, Observability
- 💻 Senior Frontend Engineer, Observability
- 💻 Senior Fullstack Engineer - Codegen
- 💻 Senior Fullstack Engineer, Observability
- 💻 Senior Fullstack Software Engineer - (Customer Journey)
- 💻 Senior Software Engineer - Fern
- 💻 Senior Software Engineer, Marketing Engineering
- 💻 Senior Software Engineer, Monetization
- 💻 Staff Software Engineer - Fern
- 💻 Staff Software Engineer, Business Platform
- 💻 Staff Software Engineer- Codegen

## Arcesium — Bengaluru
<https://careers.arcesium.com/>

- 💻 Software Engineer

## Synopsys — Bengaluru
<https://careers.synopsys.com/>

- 🎓 Hardware Verification Engineer, Entry Level

## Tabby — Dubai
<https://tabby.ai/careers>

- 🎓 🤖 AI Intern KSA
- 🎓 AML Associate KSA
- 💻 Backend Engineer II KSA
- 🎓 Compliance Associate Egypt
- 🎓 DBA Intern KSA
- 🎓 DevOps Intern KSA
- 🎓 FinOps Associate KSA
- 🎓 Information Security Intern KSA
- 🎓 💻 Intern Backend (Go) Engineer KSA
- 🎓 Intern QA Engineer KSA
- 💻 Senior Backend Engineer II Remote
- 🎓 Senior Tax Associate KSA
- 🤖 Technical Project Manager (AI focus) Remote

## Internshala Gurgaon — Gurugram
<https://internshala.com/internships/internship-in-gurgaon/>

- 🎓 Internships in Gurgaon: Top 3254 Paid Internship in Gurgaon

## Grab — Singapore
<https://grab.careers/>

- 🤖 💻 Senior Software Engineer, Backend (AI)

## AI Singapore — Singapore
<https://aisingapore.org/careers/>

- 🤖 AI Engineer
- 🤖 AI Governance Manager
- 🎓 🤖 AI Internship Programme (AIIP)
- 🤖 AI Student Developer Conference
- 🤖 LLM Application Developer Programme (LADP)

## MyCareersFuture (ML) — Singapore
<https://www.mycareersfuture.gov.sg/search?search=machine+learning&sortBy=new_posting_date>

- 🎓 If you are a fresh graduate looking for a traineeship opportunity
- 🎓 Junior Executive

## Cashfree — Bengaluru
<https://www.cashfree.com/careers/>

- 🎓 Associate Director - Banking & Alliance Product
- 💻 Software Development Engineer - 3

## Gramener — Hyderabad
<https://gramener.com/careers/>

- 🤖 Data Scientist
- 🤖 Data Scientist Bangalore Validate the models developed against statistical robustness and business sense.
- 🎓 Internship is processed with technical assessment followed by discussion with the hiring manager.
- 🎓 Junior UI/UX Engineer Hyderabad/ Collaborate with marketing and sales teams to design and implement website updates and landing pages.
- 🤖 Lead Data Science Engineer at Gramener
- 🤖 Lead Data Scientist – SFE Analytics Hyderabad Worked extensively on SFE Analytics (Pharma preferred).
- 🤖 Python Developer – GenAI/NLP Integration Hyderabad/Bangalore Core Python Development: 4–8 years of hands-on experience.
- 💻 Senior Full-Stack Developer Bangalore AWS or Azure cloud, Server management with basic visualization.
- 🎓 What is your process for Campus Hiring?

## Internshala (Data Science) — India
<https://internshala.com/internships/data-science-internship/>

- 🎓 🤖 Data Science Internships: Find 327 Data Science Intern Jobs

## Internshala (Web Dev) — India
<https://internshala.com/internships/web-development-internship/>

- 🎓 Web Development Internships: 324+ Web Development Intern Jobs

## Internshala (Python) — India
<https://internshala.com/internships/python-internship/>

- 🎓 Python Internships: Find 249 Python Intern Jobs

## Internshala (Full Stack) — India
<https://internshala.com/internships/full-stack-development-internship/>

- 🎓 💻 Full Stack Development Internships: 93+ Full Stack Development Intern Jobs

## Internshala (App Dev) — India
<https://internshala.com/internships/mobile-app-development-internship/>

- 🎓 Mobile App Development Internships: Find 73 Mobile App Development Intern Jobs

## FreshersWorld — India
<https://www.freshersworld.com/jobs/jobsearch/internship-jobs>

- 🎓 0 (Fresher)
- 🤖 AI Developer
- 🤖 AI Developer Jobs
- 🤖 AI ML Engineer
- 🤖 AI ML Engineer Jobs
- 🎓 ARE YOU A FRESHER?
- 🎓 ASSOCIATE
- 🎓 ASSOCIATE CSR
- 🎓 ASSOCIATE CSR Jobs
- 🎓 ASSOCIATE Jobs
- 🎓 Accountant Trainee Jobs Opening in Pearl Lemon at Central Delhi, Delhi Cantt., Delhi-Others, Bangalore, Mumbai, Delhi
- 🎓 Accounting Associate
- 🎓 Accounting Associate Jobs
- 🎓 Accounts Trainee
- 🎓 Accounts Trainee Jobs
- 🎓 Actuarial Associate
- 🎓 Actuarial Associate Jobs
- 💻 Analyst Programmer
- 💻 Analyst Programmer Jobs
- 🎓 Analytical Associate
- 🎓 Analytical Associate Jobs
- 🎓 Apply to Accountant Trainee Jobs in Pearl Lemon, Bangalo...
- 🎓 Apply to B2B Sales Intern Jobs in Value Score Business S...
- 🎓 Apply to Internship Jobs in Lumins Smart Lighting Soluti...
- 🎓 Apply to Internship LinkedIn Lead Generator Intern US Ac...
- 🎓 Apply to Junior Architect Jobs in The Fortune Group, Ban...
- 🎓 Apply to Legal Intern Jobs in The Fortune Group, Bangalo...
- 🎓 Apply to Outreach Intern Rojgaar Jobs in Rojgaar, Mumba...
- 🎓 Apply to Paid Internship Jobs in Angle One, Noida, Delhi...
- 🎓 Apply to Software Tester Trainee Jobs in Spraxa Solution...
- 🎓 Apprentice trainee
- 🎓 Apprentice trainee Jobs
- 🎓 Apprentice trainee engineering
- 🎓 Apprentice trainee engineering Jobs
- 🎓 Associate - Logistics
- 🎓 Associate - Logistics Jobs
- 🎓 Associate - Supply Chain
- 🎓 Associate - Supply Chain Jobs
- 🎓 Associate -HR
- 🎓 Associate -HR Jobs
- 🎓 Associate Accounts Payble
- 🎓 Associate Accounts Payble Jobs
- 🎓 Associate Banking Operations
- 🎓 Associate Banking Operations Jobs
- 🎓 Associate Business Analyst
- 🎓 Associate Business Analyst Jobs
- 🎓 Associate Consultant
- 🎓 Associate Consultant Jobs
- 🎓 Associate Customer
- 🎓 Associate Customer Jobs
- 🎓 Associate Customer Support
- 🎓 Associate Customer Support Jobs
- 🎓 Associate Data Analyst
- 🎓 Associate Data Analyst Jobs
- 🎓 Associate Finance
- 🎓 Associate Finance Jobs
- 🎓 Associate HR
- 🎓 Associate HR Jobs
- 🎓 Associate Hire to Retire
- 🎓 Associate Hire to Retire Jobs
- 🎓 Associate In Process Quality
- 🎓 Associate In Process Quality Jobs
- 🎓 Associate MIS
- 🎓 Associate MIS Jobs
- 🎓 Associate Maintenance
- 🎓 Associate Maintenance Jobs
- 🎓 Associate Network Business Analytics
- 🎓 Associate Network Business Analytics Jobs
- 🎓 Associate Product Manager
- 🎓 Associate Quality Testing
- 🎓 Associate Quality Testing Jobs
- 🎓 Associate Recruiter
- 🎓 Associate Recruiter Jobs
- 🎓 💻 Associate Software Development
- 🎓 💻 Associate Software Development Jobs
- 🎓 Associate UI/UX Designer
- 🎓 Associate UI/UX Designer Jobs
- 🎓 Associate-HR
- 🎓 Associate-HR Jobs
- 🎓 Associate-Procurement
- 🎓 Associate-Procurement Jobs
- 🎓 B2B Sales Intern Jobs Opening in Value Score Business Solutions LLP at Andheri East, Mumbai
- 💻 Back End Developer
- 🎓 Back office Associate
- 🎓 Back office Associate Jobs
- 🎓 💻 Backend Associate
- 🎓 💻 Backend Associate Jobs
- 🎓 Campus Hiring Officer
- 🎓 Campus Hiring Officer Jobs
- 🎓 Campus Recruiter
- 🎓 Campus Recruiter Jobs
- 🤖 Consultant – AI & Data Scientist
- 🤖 Consultant – AI & Data Scientist Jobs
- 💻 Content Management Web Developer
- 💻 Content Management Web Developer Jobs
- 🎓 Credit Card Associate
- 🎓 Credit Card Associate Jobs
- 🎓 Customer Support Associate
- 🎓 Customer Support Associate Jobs
- 🎓 Data Analyst Internship
- 🎓 Data Analyst Internship Jobs
- 🎓 🤖 Data Science Internship
- 🎓 🤖 Data Science Internship Jobs
- 🤖 Data Scientist
- 🤖 Data Scientist Jobs
- 🎓 Digital Associate
- 🎓 Digital Associate Jobs
- 🎓 Digital Content Management New Associate
- 🎓 Digital Content Management New Associate Jobs
- 🎓 Digital Marketing Internship
- 🎓 Digital Marketing Internship Jobs
- 🎓 Enterprise Sales Associate
- 🎓 Enterprise Sales Associate Jobs
- 🎓 Field Sales Associate
- 🎓 Field Sales Associate Jobs
- 🎓 Finance Internship
- 🎓 Finance Internship Jobs
- 🎓 Floor Associate
- 🎓 Floor Associate Jobs
- 🎓 For Quality Associate
- 🎓 For Quality Associate Jobs
- 💻 Full Stack Developer
- 💻 Fullstack Developer
- 💻 Fullstack Developer Jobs
- 🎓 GCPR Sales Associate
- 🎓 GCPR Sales Associate Jobs
- 🎓 HR And Admin Trainee
- 🎓 HR And Admin Trainee Jobs
- 🎓 HR Associate
- 🎓 HR Associate Jobs
- 🎓 HR Service Delivery New Associate
- 🎓 HR Service Delivery New Associate Jobs
- 🎓 Inclusive Insurance Associate
- 🎓 Inclusive Insurance Associate Jobs
- 🎓 Internship
- 🎓 Internship Jobs
- 🎓 Internship Jobs Opening in Lumins Smart Lighting Solutions LLP at Vasai, Mumbai, Mumbai Suburbs
- 🎓 Internship LinkedIn Lead Generator Intern US Accounting Outsourcing Jobs Opening in Safebooks Global at Satellite, Ahmedabad
- 🎓 Internship jobs - Internship Recruitment 2019
- 🎓 Inventory Squad Associate
- 🎓 Inventory Squad Associate Jobs
- 💻 Java Fullstack Developer
- 💻 Java Fullstack Developer Jobs
- 🎓 Jr Associate
- 🎓 Jr Associate Jobs
- 🎓 Junior Architect Jobs Opening in The Fortune Group at Shivajinagar, Bangalore
- 🎓 💻 Junior Software Developer
- 🎓 💻 Junior Software Developer Jobs
- 🎓 Legal Associate Legal Completions
- 🎓 Legal Associate Legal Completions Jobs
- 🎓 Legal Intern Jobs Opening in The Fortune Group at Shivajinagar, Bangalore
- 🎓 Loader Operation Associate
- 🎓 Loader Operation Associate Jobs
- 🎓 MANGEMENT ASSOCIATE
- 🎓 MANGEMENT ASSOCIATE Jobs
- 🤖 ML Engineer
- 🤖 ML Engineer Jobs
- 🤖 Machine Learning Engineer
- 🤖 Machine Learning Engineer Jobs
- 🤖 Machine Learning Scientist
- 🤖 Machine Learning Scientist Jobs
- 🎓 Machining Associate
- 🎓 Machining Associate Jobs
- 🎓 Management Trainee
- 🎓 Management Trainee Jobs
- 🎓 Market Research Associate
- 🎓 Market Research Associate Jobs
- 🎓 Market Research Trainee
- 🎓 Market Research Trainee Jobs
- 🎓 Mechanical Trainee
- 🎓 Mechanical Trainee Jobs
- 🎓 Middle Office Risk Support Associate
- 🎓 Middle Office Risk Support Associate Jobs
- 🎓 Naps /WILP Trainee ( Production
- 🎓 Naps /WILP Trainee ( Production Jobs
- 🎓 Other Graduate
- 🎓 Other Post Graduate
- 🎓 Outreach Intern Rojgaar Jobs Opening in Rojgaar at Andheri East, Borivali West, Byculla, Mumbai, Pune, Hyderabad
- 🎓 PTP Associate
- 🎓 PTP Associate Jobs
- 🎓 Paid Internship
- 🎓 Paid Internship Jobs
- 🎓 Paid Internship Jobs Opening in Angle One at Sector 62, Noida, Noida-Others, Noida, Delhi
- 💻 Principal Software Engineer IT
- 💻 Principal Software Engineer IT Jobs
- 🎓 Process Associate Trainee
- 🎓 Process Associate Trainee Jobs
- 🎓 Procure to Pay Associate
- 🎓 Procure to Pay Associate Jobs
- 🎓 Procure to Pay New Associate
- 🎓 Procure to Pay New Associate Jobs
- 🎓 Procurement Associate
- 🎓 Procurement Associate Jobs
- 🎓 Production Trainee
- 🎓 Production Trainee Jobs
- 🎓 Program Management Associate
- 🎓 Program Management Associate Jobs
- 🎓 Project Management Associate
- 🎓 Project Management Associate Jobs
- 🎓 Quality Assurance Trainee
- 🎓 Quality Assurance Trainee Jobs
- 🎓 Regulatory Affairs associate
- 🎓 Regulatory Affairs associate Jobs
- 🎓 Regulatory Associate
- 🎓 Regulatory Associate Jobs
- 🎓 Regulatory Operation Associate
- 🎓 Regulatory Operation Associate Jobs
- 🎓 Regulatory Operations Associate
- 🎓 Regulatory Operations Associate Jobs
- 💻 Remote Front End Developer
- 💻 Remote Front End Developer Jobs
- 💻 Remote Software Developer
- 💻 Remote Software Developer Jobs
- 💻 Remote Software Engineer
- 💻 Remote Software Engineer Jobs
- 💻 Remote Web Developer
- 💻 Remote Web Developer Jobs
- 🎓 SAP FICO Associate Consultant
- 🎓 SAP FICO Associate Consultant Jobs
- 🎓 Sales Associate
- 🎓 Sales Associate FMCG
- 🎓 Sales Associate FMCG Jobs
- 🎓 Sales Associate Jobs
- 🎓 Sales Trainee
- 🎓 Sales Trainee Jobs
- 🎓 Salesforce Trainee
- 🎓 Salesforce Trainee Jobs
- 🎓 Senior Associate
- 🎓 Senior Associate - HR
- 🎓 Senior Associate - HR Jobs
- 🎓 Senior Associate Jobs
- 🎓 Senior Associate Order to Cash
- 🎓 Senior Associate Order to Cash Jobs
- 💻 Senior Front End Developer
- 💻 Senior Front End Developer Jobs
- 💻 Senior Full Stack Developer
- 💻 Senior Full Stack Developer Jobs
- 🎓 Senior Sales Associate
- 🎓 Senior Sales Associate Jobs
- 💻 Senior Software Developer
- 💻 Senior Software Developer Jobs
- 💻 Senior Software Engineer
- 💻 Senior Software Engineer Jobs
- 🎓 Senior sale associate
- 🎓 Senior sale associate Jobs
- 💻 Software Developer
- 💻 Software Developer Jobs
- 💻 Software Engineer
- 🎓 💻 Software Engineer - Trainee
- 🎓 💻 Software Engineer - Trainee Jobs
- 💻 Software Engineer II
- 💻 Software Engineer II Jobs
- 💻 Software Engineer Jobs
- 🎓 Software Tester Trainee Jobs Opening in Spraxa Solutions Pvt Ltd. at Noida City Centre, Sector 15, Noida, Sector 18, Noida, Noida
- 💻 Sr Software Engineer
- 💻 Sr Software Engineer Jobs
- 🎓 Summer Internship
- 🎓 Summer Internship Jobs
- 🎓 Supply chain trainee
- 🎓 Supply chain trainee Jobs
- 🎓 Technical Associate
- 🎓 Technical Associate Jobs
- 🎓 Technical Support Associate
- 🎓 Technical Support Associate Jobs
- 🎓 Tele Calling Associate Sales A
- 🎓 Tele Calling Associate Sales A Jobs
- 🎓 Trainee Apprentice
- 🎓 Trainee Apprentice Jobs
- 🎓 Trainee EGC
- 🎓 Trainee EGC Jobs
- 🎓 Trainee Engineer
- 🎓 Trainee Engineer Jobs
- 🎓 Trainee Operator
- 🎓 Trainee Operator Jobs
- 🎓 Trainee Store Risk Management
- 🎓 Trainee Store Risk Management Jobs
- 🎓 Transaction Processing New Associate
- 🎓 Transaction Processing New Associate Jobs
- 🎓 Transaction processing associate
- 🎓 Transaction processing associate Jobs
- 💻 Web Developer
- 💻 Web Developer Jobs
- 🎓 Work From Home Internship
- 🎓 Work From Home Internship Jobs
- 🎓 franchise associate
- 🎓 franchise associate Jobs
- 🎓 production trainee
- 🎓 production trainee Jobs
- 🎓 transaction new associate
- 🎓 transaction new associate Jobs

## YC Work at a Startup — Remote
<https://www.workatastartup.com/jobs>

- 🎓 Intern
- 🎓 Software Engineering Intern

## AICTE Internship Portal — India
<https://internship.aicte-india.org/>

- 🎓 1 Crore Internship By 2027 | 79,57,193+ Internships | 82313 Companies

## Airwallex — Singapore
<https://www.airwallex.com/careers>

- 🎓 Senior Associate, Revenue Operations Operations Management Operations Management • Singapore APAC , Singapore Singapore
- 🎓 Senior Associate, Revenue Strategy & Enablement, EMEA Operations Management Amsterdam
- 💻 Senior Frontend Engineer, Expenses Engineering Americas, San Francisco
- 💻 Senior Software Engineer, Productivity Engineering Engineering • Seattle Americas , Seattle Seattle

## Skit.ai — Bengaluru
<https://skit.ai/careers/>

- 🤖 Forward Deployed AI Engineer 191 days ago Bangalore 3-4 years Full Time
- 💻 Senior Backend Engineer 78 days ago Bangalore 5-9 years Full Time
- 🤖 Senior Multi-Cloud AI DevOps Engineer 210 days ago Bangalore 5-6 years Full Time
- 🤖 Senior Security Engineer (Cloud, AI & Compliance) 29 days ago Bangalore 5+ years Full Time
- 🤖 Senior Site Reliability Engineer — Voice AI Platform 10 days ago Bangalore 5+ Years Full Time
- 💻 Software Engineer (Telephony) 133 days ago Bangalore 3-5 Years Full Time

## Yubi — Chennai
<https://www.go-yubi.com/careers/>

- 💻 Full Stack Software Engineer
- 🤖 Lead Engineer (Agentic AI)
- 🤖 Principal Engineer (Agentic AI)
- 🤖 Senior Data Scientist, Accumn — Mumbai
- 🤖 💻 Senior Software Engineer (Agentic AI)

## Eightfold AI — Bengaluru
<https://eightfold.ai/careers/>

- 🤖 Meet AI Interviewer: Your 24/7 recruiter.

## Entropik — Bengaluru
<https://www.entropik.io/careers>

- 🤖 AI Engineer 22 days ago Chennai 2-3 years Full Time
- 🤖 Senior AI Engineer 26 days ago Chennai 4-6 years Full Time
- 💻 Senior Backend Engineer 9 days ago Chennai , Chennai 3-6 years Full Time
- 💻 Senior Software Engineer - Backend + DevOps 12 days ago Chennai 3-6 years Full Time

## Moon Technolabs — Ahmedabad
<https://www.moontechnolabs.com/career-with-us/>

- 💻 Full Stack Developer
- 🎓 HR - Fresher
- 🤖 Sr. AI/ML Developer

## E2M Solutions — Ahmedabad
<https://www.e2msolutions.com/careers/>

- 🤖 AI Adoption Specialist - SEO 114 days ago Ahmedabad 4 Years Full Time
- 🤖 AI Adoption Specialist 315 days ago Ahmedabad 3+ Years Full Time
- 🤖 AI Engineer 71 days ago Ahmedabad 2 -3 Years Full Time
- 🎓 🤖 Associate AI Engineer 75 days ago Ahmedabad 1 - 2 Years Full Time
- 🎓 Associate Client Account Manager - SEO 323 days ago Ahmedabad 1 - 3 Years Full Time
- 🎓 Associate Client Account Manager 47 days ago Ahmedabad 1- 2 Years Full Time
- 🎓 🤖 💻 Associate Full Stack AI Engineer 72 days ago Ahmedabad 1 - 2 Full Time
- 💻 Full Stack Developer 43 days ago Ahmedabad 3 -5 Years Full Time
- 🎓 🤖 Junior AI Automation Engineer 36 days ago Ahmedabad 1+ Years Full Time
- 🤖 QA Manager – AI Automation 226 days ago Ahmedabad 7 years Full Time
- 💻 Senior Frontend Wordpress Developer (US Shift) 343 days ago Ahmedabad 7+ Full Time
- 🤖 Technical Lead - AI 113 days ago Ahmedabad 5-8 Years Full Time

# 🔔 New career-page entries — 2026-07-15T08:10:16

## Accenture — Bengaluru
<https://www.accenture.com/in-en/careers/jobsearch?fl=Bengaluru>

- 💻 Custom Software Engineer
- 🎓 Inbound Sales Representative Associate
- 🎓 Inbound Sales Representative Associate-Messaging

## Accenture — Hyderabad
<https://www.accenture.com/in-en/careers/jobsearch?fl=Hyderabad>

- 💻 Custom Software Engineer
- 🎓 Inbound Sales Representative Associate
- 🎓 Inbound Sales Representative Associate-Messaging

## Accenture — Pune
<https://www.accenture.com/in-en/careers/jobsearch?fl=Pune>

- 💻 Custom Software Engineer
- 🎓 Inbound Sales Representative Associate
- 🎓 Inbound Sales Representative Associate-Messaging

## Accenture — Gurugram
<https://www.accenture.com/in-en/careers/jobsearch?fl=Gurugram>

- 💻 Custom Software Engineer
- 🎓 Inbound Sales Representative Associate
- 🎓 Inbound Sales Representative Associate-Messaging

## Capgemini — India
<https://www.capgemini.com/in-en/careers/join-capgemini/job-search/>

- 🎓 Associate Business Advisor Mumbai (ex Bombay) Business Analysis Permanent Experienced Professionals
- 🎓 Associate C2C Dispute Management Process Expert Noida Finance Permanent Experienced Professionals
- 🤖 Machine Learning Engineer Chennai (ex Madras) Products & Systems Engineering Permanent Experienced Professionals
- 🤖 Power BI,SQL, Data Analyst - B2 Chennai (ex Madras) Data & AI Permanent Experienced Professionals
- 🤖 SAP BW4 HANA Consultant Chennai (ex Madras), Mumbai, Bangalore Data & AI Permanent Experienced Professionals

## IBM — India
<https://www.ibm.com/in-en/careers/search>

- 🎓 🤖 Cloud Duales Studium 2027 Bachelor@IBM: Wirtschaftsinformatik - Data Science (f,m,x) Internship Ehningen, DE
- 🤖 Consulting Technical Consultant-AI Integration Professional Bangalore, IN
- 🎓 Infrastructure & Technology Package Specialist 2026- Workday HCM & Compensation Entry Level Multiple Cities
- 🎓 Internship (100)
- 🎓 Sales Entry Level Technical Sales Specialist Entry Level Bucharest, RO
- 💻 Software Engineering Application Developer-Cloud FullStack Professional Bangalore, IN
- 🎓 Software Engineering IBM Consulting Interns Internship QUEZON CITY, PH

## Tech Mahindra — India
<https://careers.techmahindra.com/>

- 🎓 Associate Security Consultant

## Zenskar — Bengaluru
<https://www.zenskar.com/careers>

- Account Executive-Mid Market(US)
- 🎓 Content Marketing Intern
- Customer Success & Solutions Manager
- 🎓 Customer Success Intern
- Engineering Manager
- Enterprise Account Executive (US)
- 🎓 Field Marketing & Events Intern
- Finance Executive
- Forward Deployed Engineer
- 🎓 HR Intern
- 🎓 Intern @ Zenskar
- Product Manager
- Product Security Engineer
- 🎓 Revenue Operations Intern
- Senior Forward Deployed Engineer
- 🤖 Senior GenAI Engineer
- Senior Solutions Engineer (US)
- Solutions Consultant
- 💻 Tech Lead - Backend
- Technical Support Engineer
- We're hiring across every function. Here's where we're building right now.
- or apply via our careers page here:

## Swiggy — Bengaluru
<https://careers.swiggy.com/>

- Assistant Manager - Product Support
- Manager - Marketing

## Internshala (ML) — India
<https://internshala.com/internships/machine-learning-internship/>

- 🤖 AI Automation/N8n Developer
- 🎓 🤖 Machine Learning Internships: Find 137 Machine Learning Intern Jobs

## Internshala (SDE) — India
<https://internshala.com/internships/software-development-internship/>

- 🎓 💻 Software Development Internships: 222+ Software Development Intern Jobs

## Internshala (AI) — India
<https://internshala.com/internships/artificial-intelligence-internship/>

- 🤖 AI Automation/N8n Developer
- 🎓 🤖 Artificial intelligence Internships: Find 168 Artificial intelligence Intern Jobs
- 🎓 Data Automation Intern

## YCombinator Jobs — Bengaluru
<https://www.ycombinator.com/jobs/location/bengaluru>

- 🤖 Vahan (S19) • AI recruiter for India's massive blue-collar workforce ( 9 days ago)

## Qualcomm — India
<https://careers.qualcomm.com/careers>

- 💻 1. Senior Software Developer
- 💻 2. Software Developer
- 💻 4. Senior Software Engineer
- 💻 5. Principal Software Engineer
- 🤖 💻 AI Machine Learning Software Engineer, up to Staff (Taipei) Taipei, Taipei City, Taiwan Software Engineering Posted 14 days ago
- 💻 Camera Software Engineer, up to Staff
- 💻 Camera Software Engineer, up to Staff Taipei, Taipei City, Taiwan Software Engineering Posted 8 hours ago
- 🎓 Finance Analyst, Associate Bangalore, Karnataka, India Finance Posted 8 hours ago
- 💻 IOT Camera Software Engineer Chengdu, Sichuan, China Software Engineering Posted 7 days ago
- 💻 IOT Camera Software Engineer Shenzhen, Guangdong, China Software Engineering Posted a month ago
- 💻 R&D – IoT Linux Software Engineer (up to Senior) Shenzhen, Guangdong, China Software Engineering Posted 9 days ago
- 💻 Senior Software Engineer - Camera San Diego, California, United States of America Camera Software Engineering Posted 2 days ago
- 💻 Senior Staff Software Engineer - Camera San Diego, California, United States of America Camera Software Engineering Posted 2 days ago

## Optiver — Mumbai
<https://www.optiver.com/working-at-optiver/career-opportunities/>

- 💻 Senior Software Engineer - Research Platform

## AMD India — Bengaluru
<https://careers.amd.com/careers-home>

- 💻 Embedded Software Development Engineer
- 🤖 Principal AI Performance Engineer - LLM Inference (SGLang)
- 🤖 Senior AI Performance Engineer - LLM Inference (vLLM)
- 🤖 Senior Compiler Engineer – AI Accelerators (LLVM/MLIR)
- 🤖 Senior LLM Inference Performance Engineer
- 💻 Senior Software Development Engineer (Firmware)
- 💻 Staff Software Development Engineer

## Talabat — Dubai
<https://careers.talabat.com/>

- 🎓 Associate Quality Assurance

## Internshala Pune — Pune
<https://internshala.com/internships/internship-in-pune/>

- 🤖 AI Automation/N8n Developer

## Internshala Chennai — Chennai
<https://internshala.com/internships/internship-in-chennai/>

- 🎓 Accounts Fresher Job
- 🎓 Architecture Internship
- 🎓 Business Analyst Fresher Job
- 🎓 Business/MBA Internship
- 🎓 Chemical Internship
- 🎓 Civil Fresher Job
- 🎓 Civil Fresher Jobs
- 🎓 Civil Internship
- 🎓 Computer Science Internship
- 🎓 Content Writing Internship
- 🎓 Digital Marketing Fresher Job
- 🎓 Digital Marketing Fresher Jobs
- 🎓 Digital Marketing Internship
- 🎓 Electronics Internship
- 🎓 Engineering Internship
- 🎓 Finance Fresher Job
- 🎓 Finance Internship
- 🎓 Find personalised internship matches in
- 🎓 Fresher Jobs
- 🎓 Fresher Jobs by Places
- 🎓 Fresher Jobs by Type
- 🎓 Fresher Jobs in Bangalore
- 🎓 Fresher Jobs in Chennai
- 🎓 Fresher Jobs in Chennai for Freshers
- 🎓 Fresher Jobs in Delhi
- 🎓 Fresher Jobs in Gurgaon
- 🎓 Fresher Jobs in Hyderabad
- 🎓 Fresher Jobs in Kolkata
- 🎓 Fresher Jobs in Mumbai
- 🎓 Fresher Jobs in Noida
- 🎓 Fresher Jobs in Pune
- 💻 Full Stack Developer course with placement
- 🎓 Got an internship at Flipkart
- 🎓 Graphic Design Internship
- 🎓 HR Fresher Job
- 🎓 HR Fresher Jobs
- 🎓 HR Internship
- 🎓 Humanities Internship
- 🎓 If you are not registered on Internshala, register yourself today to find your dream internship.
- 🎓 International Internship
- 🎓 Internship by Places
- 🎓 Internship by Stream
- 🎓 Internship in Bangalore
- 🎓 Internship in Chennai
- 🎓 Internship in Delhi
- 🎓 Internship in Gurgaon
- 🎓 Internship in Hyderabad
- 🎓 Internship in Jaipur
- 🎓 Internship in Kolkata
- 🎓 Internship in Mumbai
- 🎓 Internship in Pune
- 🎓 JAVA Fresher Job
- 🎓 Latest Intern Jobs in Chennai
- 🎓 Latest Internship/ Jobs in Chennai
- 🎓 Law Internship
- 🎓 MBA Fresher Job
- 🎓 MBA Fresher Jobs
- 🎓 Marketing Internship
- 🎓 Mechanical Internship
- 🎓 Part Time Fresher Jobs
- 🎓 Part Time Fresher Jobs in Chennai
- 🎓 Part Time Internship in Chennai
- 🎓 Part Time Work From Home Fresher Jobs in Chennai
- 🎓 Part Time Work From Home Internship in Chennai
- 🎓 Q. Do I need to pay to apply for an internship in Chennai in Internshala?
- 🎓 Q. How can I apply for an internship in Chennai on Internshala?
- 🎓 Sales Development Representative (SDR) Intern SaaSNova
- 🎓 Science Internship
- 🎓 Software Testing Fresher Job
- 🎓 There are 100+ internship categories available in Chennai. Here are the top 5 categories for internships in Chennai-
- 🎓 View all fresher jobs
- 🎓 View all internship
- 💻 Web Developer Internships in Chennai
- 🎓 Work From Home Internship in Chennai
- 🎓 Work from Home Fresher Jobs in Chennai
- 🎓 You can apply for an internship in Chennai or internship jobs in Chennai on Internshala using the following steps-
- 🎓 post internship

## Internshala Noida — Noida
<https://internshala.com/internships/internship-in-noida/>

- 🎓 Trainee - Live Entertainment (Activities)

## Internshala Gurgaon — Gurugram
<https://internshala.com/internships/internship-in-gurgaon/>

- 🎓 Internships in Gurgaon: Top 3296 Paid Internship in Gurgaon
- 🎓 Trainee - Live Entertainment (Activities)

## Wingify — Pune
<https://wingify.com/careers/>

- 🤖 GenAI Engineer
- 💻 Senior Software Engineer - Backend & Search
- 💻 Senior Software Engineer - Client Services
- 💻 Software Engineer - QA (Client Services team)
- 💻 Software Engineer – Backend (Commerce)
- 💻 Software Engineer – Full Stack

## Pine Labs — Noida
<https://www.pinelabs.com/careers>

- 🎓 Management Trainee Program
- 🎓 Our flagship summer internship program for students from premier B-schools.
- 🎓 Sales Trainee Program

## GreyOrange — Gurugram
<https://www.greyorange.com/careers/>

- 💻 Software Development Engineer in Test I

## Internshala (Data Science) — India
<https://internshala.com/internships/data-science-internship/>

- 🤖 AI Automation/N8n Developer
- 🎓 Data Automation Intern
- 🎓 🤖 Data Science Internships: Find 333 Data Science Intern Jobs
- 🤖 Performance Marketing & AI Lead Generation

## Internshala (Web Dev) — India
<https://internshala.com/internships/web-development-internship/>

- 🎓 Web Development Internships: 330+ Web Development Intern Jobs

## Internshala (Python) — India
<https://internshala.com/internships/python-internship/>

- 🎓 Data Automation Intern
- 🎓 Python Internships: Find 255 Python Intern Jobs

## Internshala (Full Stack) — India
<https://internshala.com/internships/full-stack-development-internship/>

- 🎓 💻 Full Stack Development Internships: 95+ Full Stack Development Intern Jobs

## Internshala (Frontend) — India
<https://internshala.com/internships/front-end-development-internship/>

- 🎓 💻 Front End Development Internships: Find 107 Front End Development Intern Jobs

## Internshala (Backend) — India
<https://internshala.com/internships/back-end-development-internship/>

- 🎓 💻 Backend Development Internships: Find 115 Backend Development Intern Jobs

## Internshala (Bangalore) — Bengaluru
<https://internshala.com/internships/internship-in-bangalore/>

- 🎓 Academic Sales Associate
- 🎓 Trainee Site Engineers – Electrical
- 🎓 founders associate

## YC Work at a Startup — Remote
<https://www.workatastartup.com/jobs>

- 🎓 Electrical Engineering Intern
- 💻 Staff Software Engineer, SMS Team (Fullstack)

## AICTE Internship Portal — India
<https://internship.aicte-india.org/>

- 🎓 1 Crore Internship By 2027 | 79,57,193+ Internships | 82317 Companies

## Jar — Bengaluru
<https://www.myjar.app/careers>

- 🎓 Growth Intern

## Airwallex — Singapore
<https://www.airwallex.com/careers>

- 🤖 Account Executive, Startups (AI Solutions) Startups Startups • Singapore APAC , Singapore Singapore
- 🎓 Senior Associate, Revenue Strategy & Enablement, EMEA Operations Management Operations Management • Amsterdam Amsterdam , EMEA Amsterdam
- 💻 Senior Software Engineer Backend, Billing Engineering Singapore
- 💻 Senior Software Engineer, Search Platform Engineering Engineering • Singapore APAC , Singapore Singapore

## Glints — Singapore
<https://glints.com/careers>

- 🎓 Account Management Associate (Revenue - Medium Business)
- 🎓 Employer Acquisition Intern

# 🔔 New career-page entries — 2026-07-15T13:43:24

## Infosys — Bengaluru
<https://career.infosys.com/joblist>

- 🎓 Associate Security Officer
- 🤖 Gen AI Architect
- 🤖 💻 Java Full Stack/ Python GenAI Developer

## Accenture — Bengaluru
<https://www.accenture.com/in-en/careers/jobsearch?fl=Bengaluru>

- 🎓 Associate Director - Performance Marketing
- 🤖 Enterprise AI Value Strategy Senior Manager
- 💻 Full Stack Engineering Senior Manager
- 🎓 Inside Sales Associate Director
- 🎓 Strategy Innovation Associate Director

## Accenture — Hyderabad
<https://www.accenture.com/in-en/careers/jobsearch?fl=Hyderabad>

- 🎓 Associate Director - Performance Marketing
- 🤖 Enterprise AI Value Strategy Senior Manager
- 💻 Full Stack Engineering Senior Manager
- 🎓 Inside Sales Associate Director
- 🎓 Strategy Innovation Associate Director

## Accenture — Pune
<https://www.accenture.com/in-en/careers/jobsearch?fl=Pune>

- 🎓 Associate Director - Performance Marketing
- 🤖 Enterprise AI Value Strategy Senior Manager
- 💻 Full Stack Engineering Senior Manager
- 🎓 Inside Sales Associate Director
- 🎓 Strategy Innovation Associate Director

## Accenture — Gurugram
<https://www.accenture.com/in-en/careers/jobsearch?fl=Gurugram>

- 🎓 Associate Director - Performance Marketing
- 🤖 Enterprise AI Value Strategy Senior Manager
- 💻 Full Stack Engineering Senior Manager
- 🎓 Inside Sales Associate Director
- 🎓 Strategy Innovation Associate Director

## Capgemini — India
<https://www.capgemini.com/in-en/careers/join-capgemini/job-search/>

- 🎓 Associate Business Advisor Noida Business Analysis Permanent Experienced Professionals
- 🤖 SAP BW4 HANA Consultant Mumbai, Chennai (ex Madras), Bangalore Data & AI Permanent Experienced Professionals

## IBM — India
<https://www.ibm.com/in-en/careers/career-opportunities>

- 💻 Application Developer - Experience Front End
- 🎓 Associate IT Security Consultant (m/w/d) - Network Security

## IBM — India
<https://www.ibm.com/in-en/careers/search>

- 🎓 Cloud Master@IBM IBM Cloud Technical Sales Specialist (f/m/x) Internship KOELN, DE
- 🎓 Consulting Business Transformation Consultant-Banking Internship Islamabad, PK
- 🎓 Internship (104)
- 🎓 Sales Brand Technical Specialist Entry Level Esch-sur-Alzette, LU
- 💻 Software Engineering Application Developer-Cloud FullStack Professional Hyderabad, IN

## Keka HR — Hyderabad
<https://www.keka.com/careers>

- Hiring & Onboarding
- Hiring & Onboarding Create a great candidate experience before and after joining
- Hiring Software
- We are hiring !

## Zenskar — Bengaluru
<https://www.zenskar.com/careers>

- Talent Lead

## Internshala (ML) — India
<https://internshala.com/internships/machine-learning-internship/>

- 🤖 AI Designer
- 🤖 Data Scientist
- 🎓 🤖 Machine Learning Internships: Find 144 Machine Learning Intern Jobs

## Internshala (SDE) — India
<https://internshala.com/internships/software-development-internship/>

- 🤖 Data Scientist
- 🎓 💻 Software Development Internships: 234+ Software Development Intern Jobs

## Internshala (AI) — India
<https://internshala.com/internships/artificial-intelligence-internship/>

- 🎓 🤖 Artificial intelligence Internships: Find 174 Artificial intelligence Intern Jobs

## NVIDIA — India
<https://nvidia.wd5.myworkdayjobs.com/NVIDIAExternalCareerSite>

- 🤖 Developer Technology Engineer - AI
- 💻 Principal Software Engineer, Rack-Scale System Software — CSP Engagements
- 💻 Senior CUDA Test Development Software Engineer, SDET
- 🤖 Senior Computer Vision and Deep Learning Hardware Architect
- 💻 Senior Systems Software Engineer – GPU Software
- 💻 Software Engineer, NVLINK

## Qualcomm — India
<https://careers.qualcomm.com/careers>

- 💻 2. Senior Software Engineer
- 💻 4. Principal Software Engineer
- 🤖 Apply advanced NLP methods including Transformers, BERT‑based models, and LLM fine‑tuning.
- 🤖 Engineer, Senior-AI and Machine Learning with embedded/C++ Hyderabad, Telangana, India Software Engineering Posted 2 months ago
- 🤖 Staff ASIC Verification Engineer, Low Power AI Markham, Ontario, Canada ASICS Engineering Posted 14 hours ago
- 🎓 🤖 System AI Engineer, Display (New Grad Level and up) Markham, Ontario, Canada ASICS Engineering Posted 14 hours ago

## Postman — Bengaluru
<https://www.postman.com/company/careers/open-positions/>

- 🤖 Applied AI Scientist, Small Language Model and AI Training
- 💻 Backend and System Engineer, Flows
- 🤖 Engineering Manager, Postman AI
- 🤖 Member of Technical Staff, AI Agent Development Lead
- 🤖 Member of Technical Staff, AI Reliability & Monitoring Engineering Lead
- 💻 Senior Backend Engineer, Cloud Platform
- 💻 Senior Backend Engineer, Observability
- 💻 Senior Frontend Engineer, Observability
- 💻 Senior Fullstack Engineer - Codegen
- 💻 Senior Fullstack Engineer, Observability
- 💻 Senior Fullstack Software Engineer - (Customer Journey)
- 💻 Senior Software Engineer - Fern
- 💻 Senior Software Engineer, Marketing Engineering
- 💻 Senior Software Engineer, Monetization
- 💻 Staff Software Engineer - Fern
- 💻 Staff Software Engineer, Business Platform
- 💻 Staff Software Engineer- Codegen

## Arcesium — Bengaluru
<https://careers.arcesium.com/>

- 💻 Software Engineer

## Fractal Analytics — India
<https://fractal.ai/careers/>

- 🤖 AI & Data Solutions Architect (CPG/Retail)
- 🤖 AI Engineer
- 🤖 MLOps Lead
- 🤖 hiring@fractal.ai

## Kore.ai — Hyderabad
<https://kore.ai/careers/>

- 🤖 AI Solution Sales Specialist
- 🎓 Associate Director - Global Partner Marketing – Hyperscaler
- 🤖 Lead AI Customer Engineer — Fanatic Customer Support
- 💻 Software Engineer/Senior Software Engineer - Technical Support

## AMD India — Bengaluru
<https://careers.amd.com/careers-home>

- 💻 Lead Embedded Software Development Engineer

## Texas Instruments — Bengaluru
<https://careers.ti.com/>

- 🎓 Top 100 Internship Programs

## Micron India — Hyderabad
<https://careers.micron.com/careers>

- 🎓 Intern

## Tabby — Dubai
<https://tabby.ai/careers>

- 🎓 🤖 AI Intern KSA
- 🎓 AML Associate KSA
- 💻 Backend Engineer II KSA
- 🎓 Compliance Associate Egypt
- 🎓 DBA Intern KSA
- 🎓 DevOps Intern KSA
- 🎓 FinOps Associate KSA
- 🎓 Information Security Intern KSA
- 🎓 💻 Intern Backend (Go) Engineer KSA
- 🎓 Intern QA Engineer KSA
- 💻 Senior Backend Engineer II Remote
- 💻 Senior Fullstack Engineer (Android/Backend) Remote
- 🎓 Senior Tax Associate KSA
- 🤖 Technical Project Manager (AI focus) Remote

## Internshala Gurgaon — Gurugram
<https://internshala.com/internships/internship-in-gurgaon/>

- 🎓 Internships in Gurgaon: Top 3381 Paid Internship in Gurgaon

## Grab — Singapore
<https://grab.careers/>

- 🎓 Finance Associate, RTR - General Ledger

## MyCareersFuture (ML) — Singapore
<https://www.mycareersfuture.gov.sg/search?search=machine+learning&sortBy=new_posting_date>

- 🎓 If you are a fresh graduate looking for a traineeship opportunity
- 🎓 Junior Executive

## Cashfree — Bengaluru
<https://www.cashfree.com/careers/>

- 🎓 Associate Director - Banking & Alliance Product
- 💻 Software Development Engineer - 3

## Signzy — Bengaluru
<https://www.signzy.com/careers/>

- 🎓 Associate Director - Enterprise Sales 876 days ago Chennai 7 years - 10 years Full Time
- 🎓 Lead Generation Associate 7 days ago Bangalore 1 to 3 Full Time
- 🎓 Partnership Intern 7 days ago Mumbai 0 to 1 Full Time
- 🎓 Sales Associate 22 days ago Mumbai 1 - 2 years Full Time

## NICE — Pune
<https://www.nice.com/careers>

- 🤖 pageVisits-_glossary%2Fautomating-qa-with-ai
- 🤖 pageVisits-_info%2Ftop-trends-in-automating-qa-with-ai-what-you-need-to-know
- 🤖 pageVisits-_resources%2F5-executive-priorities-to-scale-agentic-ai-for-enterprise-value
- 🤖 pageVisits-_resources%2Fanalyst-backed-strategies-10-cx-ai-insights-for-executive-decision-makers
- 🤖 pageVisits-_resources%2Ftop-10-ai-first-cx-trends-to-lead-in-2026

## Techwave — Hyderabad
<https://techwave.wd108.myworkdayjobs.com/TechWave_Careers>

- 🤖 AI Architect
- 🎓 Junior FI Consultant
- 🎓 Junior Public Cloud Consultant
- 🤖 Service Delivery Manager – AI/ML and Data
- 🎓 Techwave Junior SAP Consultant Program

## Synechron — Pune
<https://www.synechron.com/careers>

- 💻 Full-Stack .NET Developer | .NET Core, React,... Mumbai, India JR1041517

## Internshala (Data Science) — India
<https://internshala.com/internships/data-science-internship/>

- 🎓 🤖 Data Science Internships: Find 345 Data Science Intern Jobs
- 🤖 Data Scientist

## Internshala (Web Dev) — India
<https://internshala.com/internships/web-development-internship/>

- 🤖 Data Scientist
- 💻 Full Stack Developer (React Native/Node.js)
- 🎓 Web Development Internships: 349+ Web Development Intern Jobs

## Internshala (Python) — India
<https://internshala.com/internships/python-internship/>

- 🤖 AI Designer
- 🎓 Python Internships: Find 261 Python Intern Jobs

## Internshala (Full Stack) — India
<https://internshala.com/internships/full-stack-development-internship/>

- 💻 Full Stack Developer (React Native/Node.js)
- 🎓 💻 Full Stack Development Internships: 103+ Full Stack Development Intern Jobs

## Internshala (Frontend) — India
<https://internshala.com/internships/front-end-development-internship/>

- 🎓 💻 Front End Development Internships: Find 113 Front End Development Intern Jobs

## Internshala (Backend) — India
<https://internshala.com/internships/back-end-development-internship/>

- 🎓 💻 Backend Development Internships: Find 124 Backend Development Intern Jobs
- 🤖 Data Scientist
- 💻 Full Stack Developer (React Native/Node.js)

## Internshala (App Dev) — India
<https://internshala.com/internships/mobile-app-development-internship/>

- 💻 Full Stack Developer (React Native/Node.js)
- 🎓 Mobile App Development Internships: Find 75 Mobile App Development Intern Jobs

## Internshala (Bangalore) — Bengaluru
<https://internshala.com/internships/internship-in-bangalore/>

- 🎓 Founders Associate - Operations (Males Only)

## Internshala (Ahmedabad) — Ahmedabad
<https://internshala.com/internships/internship-in-ahmedabad/>

- 🤖 Data Scientist

## YC Work at a Startup — Remote
<https://www.workatastartup.com/jobs>

- 💻 Backend Engineer
- 💻 Founding Software Engineer
- 💻 Senior Software Engineer, Email Team

## AICTE Internship Portal — India
<https://internship.aicte-india.org/>

- 🎓 1 Crore Internship By 2027 | 79,57,193+ Internships | 82278 Companies

## Rupeek — Bengaluru
<https://rupeek.com/careers>

- 🎓 Senior Manager/ Associate Director - Lender Partnerships Location: Bengaluru, Karnataka, India 5 days ago
- 💻 Software Development Engineer III Location: Bengaluru, Karnataka, India 4 weeks ago

## HealthKart — Gurugram
<https://www.healthkart.com/careers>

- 💻 Senior Java Software Engineer

## Airwallex — Singapore
<https://www.airwallex.com/careers>

- 🎓 Senior Associate, Revenue Strategy & Enablement, Americas Operations Management Americas, New York
- 🎓 Senior Associate, Revenue Strategy & Enablement, EMEA Operations Management Amsterdam
- 🤖 Senior Data Scientist, Anaytics (Risk & Compliance) Product Singapore
- 🤖 💻 Staff Software Engineer, AI Tooling Engineering APAC, Melbourne

## Softweb Solutions — Ahmedabad
<https://www.softwebsolutions.com/careers.html>

- 🎓 Intern

## Nevina Infotech — Ahmedabad
<https://nevinainfotech.com/career>

- 💻 Hire Web Developer

## NectarBits — Ahmedabad
<https://nectarbits.com/career>

- 💻 Cost to Hire Full Stack Developer

## Bitcot — Ahmedabad
<https://www.bitcot.com/careers/>

- 💻 Hire Full Stack Developer
- 🎓 Junior NodeJS Developer
- 🎓 Junior PHP Developer
- 🎓 Junior ReactJS Developer
- 🎓 Junior WordPress Developer
- 💻 Senior Web Developer

## Nevina Infotech — Ahmedabad
<https://www.nevinainfotech.com/careers>

- 🎓 Fresher
- 💻 Hire Web Developer
- 🤖 Job Title: Content Marketing & Link Building Specialist (AI-Driven SEO Expert)
- 🤖 SEO - Content Marketing & Link Building Specialist (AI-Driven SEO Expert)

## Alian Software — Ahmedabad
<https://www.aliansoftware.com/careers/>

- 🤖 AI product designer
- 💻 Full-stack engineer
- 🤖 Senior AI / ML engineer

## Mindpath Technology — Ahmedabad
<https://www.mindpathtech.com/careers/>

- 🎓 Business Development Intern
- 🎓 Employment Type - Internship
- 🎓 💻 Frontend Developer Intern
- 🎓 Python Intern

## Mobiloitte — Delhi
<https://www.mobiloitte.com/careers/>

- 🤖 Job Title: Senior Python AI Engineer (Contract Role) Location: Remote Shift Timing: 5:00 PM ...
- 🤖 Sr Python AI Engineer Short term project 9+ yrs Remote 5 pm till 2 am

# 🔔 New career-page entries — 2026-07-15T19:11:00

## Accenture — Bengaluru
<https://www.accenture.com/in-en/careers/jobsearch?fl=Bengaluru>

- 🎓 Procure to Pay Operations Associate
- 🎓 Procure to Pay Operations New Associate

## Accenture — Hyderabad
<https://www.accenture.com/in-en/careers/jobsearch?fl=Hyderabad>

- 🎓 Procure to Pay Operations Associate
- 🎓 Procure to Pay Operations New Associate

## Accenture — Pune
<https://www.accenture.com/in-en/careers/jobsearch?fl=Pune>

- 🎓 Procure to Pay Operations Associate
- 🎓 Procure to Pay Operations New Associate

## Accenture — Gurugram
<https://www.accenture.com/in-en/careers/jobsearch?fl=Gurugram>

- 🎓 Procure to Pay Operations Associate
- 🎓 Procure to Pay Operations New Associate

## Capgemini — India
<https://www.capgemini.com/in-en/careers/join-capgemini/job-search/>

- 🤖 GCP Data Engineer Navi Mumbai, Noida, Pune, Salem, Tiruchirapalli + 13 Data & AI Permanent Experienced Professionals

## IBM — India
<https://www.ibm.com/in-en/careers/career-opportunities>

- 🎓 Associate Oracle Project Delivery Consultant

## Cognizant — India
<https://careers.cognizant.com/global-en/jobs/>

- 💻 NonStop COBOL Software Engineer

## Tech Mahindra — India
<https://careers.techmahindra.com/>

- 🤖 Data Scientist
- 💻 Sr. Software Engineer

## Cognizant — India
<https://careers.cognizant.com/india-en/jobs/>

- 💻 NonStop COBOL Software Engineer

## Swiggy — Bengaluru
<https://careers.swiggy.com/>

- Assistant Manager - Business Finance

## Cars24 — Gurugram
<https://www.cars24.com/careers/>

- Brand manager
- Product Manager
- Senior Graphic Designer
- Senior UI/UX Designer

## Internshala (ML) — India
<https://internshala.com/internships/machine-learning-internship/>

- 🎓 🤖 Machine Learning Internships: Find 142 Machine Learning Intern Jobs

## Internshala (SDE) — India
<https://internshala.com/internships/software-development-internship/>

- 🤖 1. efficient usage of ai 2. flutter development 3.work with co production team/ lead for day to day tasks
- 🤖 AI Designer
- 🎓 💻 Software Development Internships: 223+ Software Development Intern Jobs

## Internshala (AI) — India
<https://internshala.com/internships/artificial-intelligence-internship/>

- 🎓 🤖 Artificial intelligence Internships: Find 170 Artificial intelligence Intern Jobs
- 🎓 🤖 E-commerce Product Research & AI Content Creation - Female - Internship

## Qualcomm — India
<https://careers.qualcomm.com/careers>

- 🎓 1. Project Trainee
- 🎓 2. Summer Trainee
- 🎓 3. Engineer Trainee
- 🤖 AI Software Platform Engineer Hsinchu City, Hsinchu City, Taiwan + 1 more Machine Learning Engineering Posted 7 months ago
- 🤖 Deep Learning Engineer for Automated Driving Seoul, Korea, Republic of Machine Learning Engineering Posted 16 days ago
- 🎓 Engineer, Associate Hyderabad, Telangana, India Software Engineering Posted 19 hours ago
- 🤖 Generative AI Algorithms Engineer Beijing, Beijing, China + 3 more Machine Learning Engineering Posted a month ago
- 🎓 🤖 Intern - Generative AI model personalization and efficient fine-tuning
- 🎓 🤖 Intern- Deep Learning R&D for Automated Driving Seoul, Korea, Republic of Interim Engineering Intern - SW Posted 7 months ago
- 🎓 Interns Group, Interns Group > Interim Engineering Intern - SW
- 🤖 Machine Learning & Generative AI Engineer, up to Staff Hsinchu City, Hsinchu City, Taiwan Hardware Engineering Posted 6 days ago
- 🤖 Machine Learning Engineer - Generative AI San Diego, California, United States of America Modem Technologies Software Posted 7 days ago
- 🤖 Senior Machine Learning Engineer Xian, Shaanxi, China Software Engineering Posted 3 months ago

## Synopsys — Bengaluru
<https://careers.synopsys.com/>

- 💻 Software Development Engineer

## Internshala Gurgaon — Gurugram
<https://internshala.com/internships/internship-in-gurgaon/>

- 🎓 Internships in Gurgaon: Top 3271 Paid Internship in Gurgaon

## Thunes — Singapore
<https://www.thunes.com/careers/>

- 🎓 Enterprise Singapore Graduate Scheme

## Tekion — Bengaluru
<https://tekion.com/careers>

- 🎓 Associate Principal Graphic Designer

## To The New — Noida
<https://www.tothenew.com/careers>

- 🎓 Associate Quality Engineering Lead
- 🎓 Associate Quality Engineering Lead 6-8 years Noida

## eSparkBiz — Ahmedabad
<https://www.esparkinfo.com/careers>

- 🤖 Hire AI Product Manager

## Synechron — Pune
<https://www.synechron.com/careers>

- 🤖 Principal AI Engineer Dallas, TX, United States of America JR1041938

## Internshala (Data Science) — India
<https://internshala.com/internships/data-science-internship/>

- 🤖 AI Designer
- 🎓 🤖 Data Science Internships: Find 337 Data Science Intern Jobs

## Internshala (Web Dev) — India
<https://internshala.com/internships/web-development-internship/>

- 🎓 Web Development Internships: 332+ Web Development Intern Jobs

## Internshala (Python) — India
<https://internshala.com/internships/python-internship/>

- 🎓 Python Internships: Find 252 Python Intern Jobs

## Internshala (Full Stack) — India
<https://internshala.com/internships/full-stack-development-internship/>

- 🎓 💻 Full Stack Development Internships: 97+ Full Stack Development Intern Jobs

## Internshala (Frontend) — India
<https://internshala.com/internships/front-end-development-internship/>

- 🎓 💻 Front End Development Internships: Find 107 Front End Development Intern Jobs
- 🤖 💻 Frontend Developer & Artificial Intelligence

## Internshala (Backend) — India
<https://internshala.com/internships/back-end-development-internship/>

- 🎓 💻 Backend Development Internships: Find 118 Backend Development Intern Jobs

## Internshala (App Dev) — India
<https://internshala.com/internships/mobile-app-development-internship/>

- 🤖 1. efficient usage of ai 2. flutter development 3.work with co production team/ lead for day to day tasks
- 🎓 Mobile App Development Internships: Find 72 Mobile App Development Intern Jobs

## YC Work at a Startup — Remote
<https://www.workatastartup.com/jobs>

- 💻 Staff Software Engineer, SMS Team (Fullstack)

## AICTE Internship Portal — India
<https://internship.aicte-india.org/>

- 🎓 1 Crore Internship By 2027 | 79,57,193+ Internships | 82283 Companies

## Rupeek — Bengaluru
<https://rupeek.com/careers>

- 🎓 Senior Manager/ Associate Director - Talent Acquisition (Volume Hiring) Location: Bengaluru, Karnataka, India 2 days ago

## Airwallex — Singapore
<https://www.airwallex.com/careers>

- 🎓 Senior Associate, Revenue Strategy & Enablement, EMEA Operations Management London
- 🤖 💻 Staff Backend Engineer, Agentic AI Engineering San Francisco
- 💻 Staff Backend Engineer, Issuing Platform Engineering Engineering • Singapore APAC , Singapore Singapore

# 🔔 New career-page entries — 2026-07-16T02:35:23

## Accenture — Bengaluru
<https://www.accenture.com/in-en/careers/jobsearch?fl=Bengaluru>

- 🎓 Associate Director - Performance Marketing
- 🤖 Enterprise AI Value Strategy Senior Manager
- 💻 Full Stack Engineering Senior Manager
- 🎓 Inside Sales Associate Director
- 🎓 Strategy Innovation Associate Director

## Accenture — Hyderabad
<https://www.accenture.com/in-en/careers/jobsearch?fl=Hyderabad>

- 🎓 Associate Director - Performance Marketing
- 🤖 Enterprise AI Value Strategy Senior Manager
- 💻 Full Stack Engineering Senior Manager
- 🎓 Inside Sales Associate Director
- 🎓 Strategy Innovation Associate Director

## Accenture — Pune
<https://www.accenture.com/in-en/careers/jobsearch?fl=Pune>

- 🎓 Associate Director - Performance Marketing
- 🤖 Enterprise AI Value Strategy Senior Manager
- 💻 Full Stack Engineering Senior Manager
- 🎓 Inside Sales Associate Director
- 🎓 Strategy Innovation Associate Director

## Accenture — Gurugram
<https://www.accenture.com/in-en/careers/jobsearch?fl=Gurugram>

- 🎓 Associate Director - Performance Marketing
- 🤖 Enterprise AI Value Strategy Senior Manager
- 💻 Full Stack Engineering Senior Manager
- 🎓 Inside Sales Associate Director
- 🎓 Strategy Innovation Associate Director

## Capgemini — India
<https://www.capgemini.com/in-en/careers/join-capgemini/job-search/>

- 🤖 SAP BW4 HANA Consultant Mumbai, Chennai (ex Madras), Bangalore Data & AI Permanent Experienced Professionals

## IBM — India
<https://www.ibm.com/in-en/careers/career-opportunities>

- 🎓 💻 Intern Conversion: Software Developer

## Cognizant — India
<https://careers.cognizant.com/global-en/jobs/>

- 🎓 Kinaxis Principal Architect - Associate Director - 00069661931

## Cognizant — India
<https://careers.cognizant.com/india-en/jobs/>

- 🎓 Kinaxis Principal Architect - Associate Director - 00069661931

## Peoplebox — Bengaluru
<https://www.peoplebox.ai/careers>

- 🎓 Associate Product Manager (APM) 71 days ago BANGALORE Full Time
- Content Marketing Manager 346 days ago BANGALORE 4-6 Full Time
- SEO Lead 230 days ago BANGALORE 4-6 Full Time
- 💻 Senior Backend Engineer 342 days ago BANGALORE 5-9 Full Time
- Talent Acquisition Lead 120 days ago BANGALORE 5+ Full Time

## Internshala (SDE) — India
<https://internshala.com/internships/software-development-internship/>

- 🎓 💻 Software Development Internships: 227+ Software Development Intern Jobs

## YCombinator Jobs — Bengaluru
<https://www.ycombinator.com/jobs/location/bengaluru>

- 🤖 Vahan (S19) • AI recruiter for India's massive blue-collar workforce ( 23 days ago)

## Qualcomm — India
<https://careers.qualcomm.com/careers>

- 💻 #Software Engineer - WLAN Santa Clara, California, United States of America Software Engineering Posted a day ago
- 🎓 Engineer, Associate Hyderabad, Telangana, India Software Engineering Posted a day ago

## AMD India — Bengaluru
<https://careers.amd.com/careers-home>

- 💻 Senior Software Development Engineer
- 💻 Staff Software Development Engineer

## Internshala Gurgaon — Gurugram
<https://internshala.com/internships/internship-in-gurgaon/>

- 🎓 Internships in Gurgaon: Top 3293 Paid Internship in Gurgaon

## Internshala (Data Science) — India
<https://internshala.com/internships/data-science-internship/>

- 🎓 🤖 Data Science Internships: Find 339 Data Science Intern Jobs

## Internshala (Web Dev) — India
<https://internshala.com/internships/web-development-internship/>

- 🎓 Web Development Internships: 339+ Web Development Intern Jobs

## Internshala (Python) — India
<https://internshala.com/internships/python-internship/>

- 🎓 Python Internships: Find 255 Python Intern Jobs

## Internshala (Full Stack) — India
<https://internshala.com/internships/full-stack-development-internship/>

- 🎓 💻 Full Stack Development Internships: 99+ Full Stack Development Intern Jobs

## Internshala (Frontend) — India
<https://internshala.com/internships/front-end-development-internship/>

- 🎓 💻 Front End Development Internships: Find 108 Front End Development Intern Jobs

## Internshala (Backend) — India
<https://internshala.com/internships/back-end-development-internship/>

- 🎓 💻 Backend Development Internships: Find 120 Backend Development Intern Jobs

## Internshala (App Dev) — India
<https://internshala.com/internships/mobile-app-development-internship/>

- 🎓 Mobile App Development Internships: Find 74 Mobile App Development Intern Jobs

## Internshala (Ahmedabad) — Ahmedabad
<https://internshala.com/internships/internship-in-ahmedabad/>

- 🎓 Growth Associate (Sales)

## YC Work at a Startup — Remote
<https://www.workatastartup.com/jobs>

- 💻 Engineer - Backend
- 💻 Engineer - Frontend
- 🎓 Software Engineering Intern

## AICTE Internship Portal — India
<https://internship.aicte-india.org/>

- 🎓 1 Crore Internship By 2027 | 79,57,193+ Internships | 82284 Companies

## Airwallex — Singapore
<https://www.airwallex.com/careers>

- 🎓 Field Marketing Senior Associate Marketing Marketing • Tel Aviv EMEA , Tel Aviv Tel Aviv

## Entropik — Bengaluru
<https://www.entropik.io/careers>

- 🤖 AI Engineer 23 days ago Chennai 2-3 years Full Time
- 🤖 Senior AI Engineer 27 days ago Chennai 4-6 years Full Time
- 💻 Senior Backend Engineer 10 days ago Chennai , Chennai 3-6 years Full Time
- 💻 Senior Software Engineer - Backend + DevOps 13 days ago Chennai 3-6 years Full Time

## E2M Solutions — Ahmedabad
<https://www.e2msolutions.com/careers/>

- 🤖 AI Adoption Specialist - SEO 115 days ago Ahmedabad 4 Years Full Time
- 🤖 AI Adoption Specialist 316 days ago Ahmedabad 3+ Years Full Time
- 🤖 AI Engineer 72 days ago Ahmedabad 2 -3 Years Full Time
- 🎓 🤖 Associate AI Engineer 76 days ago Ahmedabad 1 - 2 Years Full Time
- 🎓 Associate Client Account Manager - SEO 324 days ago Ahmedabad 1 - 3 Years Full Time
- 🎓 Associate Client Account Manager 48 days ago Ahmedabad 1- 2 Years Full Time
- 🎓 🤖 💻 Associate Full Stack AI Engineer 73 days ago Ahmedabad 1 - 2 Full Time
- 💻 Full Stack Developer 44 days ago Ahmedabad 3 -5 Years Full Time
- 🎓 🤖 Junior AI Automation Engineer 37 days ago Ahmedabad 1+ Years Full Time
- 🤖 QA Manager – AI Automation 227 days ago Ahmedabad 7 years Full Time
- 💻 Senior Frontend Wordpress Developer (US Shift) 344 days ago Ahmedabad 7+ Full Time
- 🤖 Technical Lead - AI 114 days ago Ahmedabad 5-8 Years Full Time

# 🔔 New career-page entries — 2026-07-16T08:13:30

## GIFT City (aggregator) — Gandhinagar
<https://giftgujarat.in/company-job-openings>

- Chief Manager - AIF
- Deputy Manager - Manager

## Accenture — Bengaluru
<https://www.accenture.com/in-en/careers/jobsearch?fl=Bengaluru>

- 💻 Custom Software Engineer
- 🎓 Custom Software Engineering Associate Manager
- 🎓 Order to Cash Operations Associate Manager
- 🎓 Software/Application/Cloud Tech Support Associate

## Accenture — Hyderabad
<https://www.accenture.com/in-en/careers/jobsearch?fl=Hyderabad>

- 💻 Custom Software Engineer
- 🎓 Custom Software Engineering Associate Manager
- 🎓 Order to Cash Operations Associate Manager
- 🎓 Software/Application/Cloud Tech Support Associate

## Accenture — Pune
<https://www.accenture.com/in-en/careers/jobsearch?fl=Pune>

- 💻 Custom Software Engineer
- 🎓 Custom Software Engineering Associate Manager
- 🎓 Order to Cash Operations Associate Manager
- 🎓 Software/Application/Cloud Tech Support Associate

## Accenture — Gurugram
<https://www.accenture.com/in-en/careers/jobsearch?fl=Gurugram>

- 💻 Custom Software Engineer
- 🎓 Custom Software Engineering Associate Manager
- 🎓 Order to Cash Operations Associate Manager
- 🎓 Software/Application/Cloud Tech Support Associate

## Capgemini — India
<https://www.capgemini.com/in-en/careers/join-capgemini/job-search/>

- 💻 Senior Software Engineer Bangalore Software Engineering Permanent Experienced Professionals
- 💻 Senior Software Engineer Pune Software Engineering Permanent Experienced Professionals

## IBM — India
<https://www.ibm.com/in-en/careers/search>

- 🎓 🤖 Cloud Duales Studium 2027 Bachelor@IBM: Wirtschaftsinformatik - Data Science (f,m,x) Internship Ehningen, DE
- 🎓 Cloud Master@IBM IBM Cloud Technical Sales Specialist (f/m/x) Internship KOELN, DE
- 🤖 Consulting Technical Consultant-AI Integration Professional Bangalore, IN
- 🤖 Data & Analytics Data Scientist - AI - Managing Consultant Professional London, GB
- 🎓 Infrastructure & Technology Package Specialist 2026- Workday HCM & Compensation Entry Level Multiple Cities
- 🎓 Internship (92)
- 🎓 Sales Brand Technical Specialist Entry Level Esch-sur-Alzette, LU
- 💻 Software Engineering Application Developer-Cloud FullStack Professional Bangalore, IN
- 🎓 Software Engineering IBM Consulting Interns Internship QUEZON CITY, PH

## Cognizant — India
<https://careers.cognizant.com/global-en/jobs/>

- 🎓 Associate Director - Portfolio & Content Marketing
- 🤖 Delivery Lead - Data & AI
- 🎓 Senior Associate - Control Champions

## Cognizant — India
<https://careers.cognizant.com/india-en/jobs/>

- 🎓 Associate Director - Portfolio & Content Marketing
- 🤖 Delivery Lead - Data & AI
- 🎓 Senior Associate - Control Champions

## Zenskar — Bengaluru
<https://www.zenskar.com/careers>

- Account Executive-Mid Market(US)
- 🎓 Content Marketing Intern
- Customer Success & Solutions Manager
- 🎓 Customer Success Intern
- Engineering Manager
- Enterprise Account Executive (US)
- 🎓 Field Marketing & Events Intern
- Finance Executive
- Forward Deployed Engineer
- 🎓 Intern @ Zenskar
- Product Manager
- Product Security Engineer
- 🎓 Revenue Operations Intern
- 🤖 Senior GenAI Engineer
- Senior Solutions Engineer (US)
- Solutions Consultant
- Talent Lead
- 💻 Tech Lead - Backend
- We're hiring across every function. Here's where we're building right now.
- or apply via our careers page here:

## Meesho — Bengaluru
<https://www.meesho.io/jobs>

- 🎓 Associate Director - Sort center Design & Operations – Sort Center Automation​ Fulfilment & Experience Bangalore, Karnataka

## Internshala (SDE) — India
<https://internshala.com/internships/software-development-internship/>

- 🎓 💻 Software Development Internships: 223+ Software Development Intern Jobs

## Internshala (AI) — India
<https://internshala.com/internships/artificial-intelligence-internship/>

- 🤖 AI Graphic Designer
- 🎓 🤖 Artificial intelligence Internships: Find 172 Artificial intelligence Intern Jobs

## YCombinator Jobs — Bengaluru
<https://www.ycombinator.com/jobs/location/bengaluru>

- 🤖 Vahan (S19) • AI recruiter for India's massive blue-collar workforce ( 10 days ago)

## Atlassian — Bengaluru
<https://www.atlassian.com/company/careers/all-jobs>

- 🎓 Account Associate, LATAM (Portuguese Speaking)
- 🎓 Associate Customer Success Manager
- 🎓 Associate Solution Engineer, Mid Market (West)
- 🤖 Principal Machine Learning Engineer
- 🤖 Principal Machine Learning Systems Engineer
- 🤖 Senior Account Executive , AI & Digital Natives (Bay Area)
- 🤖 Senior Account Executive , AI and Digital Native (NYC)
- 🤖 Senior Design Manager, Jira AI
- 🤖 Senior Machine Learning Manager
- 🤖 Senior Machine Learning System Engineer
- 🤖 Senior Machine Learning Systems Engineering Manager - AI & ML Platform
- 🤖 Senior Manager, AI & Digital Natives
- 🤖 Senior Solution Consultant, Teamwork Foundations + AI
- 🤖 Senior Systems Engineer — AI Code Metrics Daemon
- 💻 Software Engineer
- 🤖 Solution Sales Executive, Enterprise Work Management & AI

## Arcesium — Bengaluru
<https://careers.arcesium.com/>

- 💻 Software Engineer

## Wadhwani AI — India
<https://www.wadhwaniai.org/careers/>

- 🤖 Lead - AI Deployment Solutions (Programs)

## Kore.ai — Hyderabad
<https://kore.ai/careers/>

- 🤖 AI Solution Sales Specialist

## Internshala Gurgaon — Gurugram
<https://internshala.com/internships/internship-in-gurgaon/>

- 🎓 Internships in Gurgaon: Top 3333 Paid Internship in Gurgaon

## Grab — Singapore
<https://grab.careers/>

- 🎓 Associate, Mass Acquisition
- 💻 Senior Software Engineer, Mobile (Android)
- 🤖 TechOps, AI Operations & Automation Specialist

## Signzy — Bengaluru
<https://www.signzy.com/careers/>

- 🎓 Associate Director - Enterprise Sales 877 days ago Chennai 7 years - 10 years Full Time
- 🎓 Lead Generation Associate 8 days ago Bangalore 1 to 3 Full Time
- 🎓 Partnership Intern 8 days ago Mumbai 0 to 1 Full Time
- 🎓 Sales Associate 23 days ago Mumbai 1 - 2 years Full Time

## Yulu — Bengaluru
<https://www.yulu.bike/careers/>

- 🎓 Associate Director

## GreyOrange — Gurugram
<https://www.greyorange.com/careers/>

- 💻 Role: Software Development Engineer in Test II (SDET II)
- 💻 Software Development Engineer III
- 💻 Software Development Engineer in Test I
- 💻 Software Development Engineer in Test II
- 💻 Software Development Engineer in Test III

## upGrad — Mumbai
<https://www.upgrad.com/careers/>

- 🤖 Executive Diploma in Data Science & AI
- 🤖 Executive Diploma in Machine Learning and AI
- 🤖 Executive Diploma in Machine Learning and AI from IIITB
- 🎓 🤖 Executive Post Graduate Certificate in AI-Native Software Engineering - IIT Kharagpur
- 🎓 🤖 Executive Post Graduate Certificate in Building AI Products, Systems & Services - IIT Kharagpur
- 🎓 🤖 Executive Post Graduate Programme in Applied AI and Agentic AI
- 🤖 Executive Programme in Generative AI for Leaders
- 🎓 🤖 Post Graduate Certificate in Data Science & AI (Executive)

## Synechron — Pune
<https://www.synechron.com/careers>

- 🎓 Infrastructure Engineer Bengaluru - EC-2 Gateway campus, India JR1041970

## Internshala (Data Science) — India
<https://internshala.com/internships/data-science-internship/>

- 🤖 AI Graphic Designer
- 🤖 AI Prompt Engineer And Tester
- 🎓 🤖 Data Science Internships: Find 345 Data Science Intern Jobs

## Internshala (Web Dev) — India
<https://internshala.com/internships/web-development-internship/>

- 🎓 Web Development Internships: 330+ Web Development Intern Jobs

## Internshala (Python) — India
<https://internshala.com/internships/python-internship/>

- 🎓 Python Internships: Find 250 Python Intern Jobs

## Internshala (Full Stack) — India
<https://internshala.com/internships/full-stack-development-internship/>

- 🎓 💻 Full Stack Development Internships: 95+ Full Stack Development Intern Jobs

## Internshala (Frontend) — India
<https://internshala.com/internships/front-end-development-internship/>

- 🎓 💻 Front End Development Internships: Find 106 Front End Development Intern Jobs
- 🤖 💻 Frontend Developer & Artificial Intelligence

## Internshala (Backend) — India
<https://internshala.com/internships/back-end-development-internship/>

- 🎓 💻 Backend Development Internships: Find 115 Backend Development Intern Jobs

## Internshala (App Dev) — India
<https://internshala.com/internships/mobile-app-development-internship/>

- 🎓 Mobile App Development Internships: Find 72 Mobile App Development Intern Jobs

## YC Work at a Startup — Remote
<https://www.workatastartup.com/jobs>

- 🤖 Applied AI Engineer
- 💻 Backend Engineer
- 🎓 Electrical Engineering Intern
- 💻 Senior Software Engineer, Journeys Team (Fullstack)

## AICTE Internship Portal — India
<https://internship.aicte-india.org/>

- 🎓 1 Crore Internship By 2027 | 79,57,193+ Internships | 82288 Companies

## Rupeek — Bengaluru
<https://rupeek.com/careers>

- 🎓 Senior Manager/ Associate Director - Lender Partnerships Location: Bengaluru, Karnataka, India 6 days ago

## Airwallex — Singapore
<https://www.airwallex.com/careers>

- 🤖 Senior Data Scientist, Anaytics (Risk & Compliance) Product Singapore
- 🤖 Senior Data Scientist, GTM Engineering Engineering • San Francisco Americas , San Francisco San Francisco
- 💻 Senior Software Engineer (Android), Financial Platform Engineering Engineering • Singapore APAC , Singapore Singapore
- 💻 Staff Software Engineer Backend, Billing Engineering Singapore
- 💻 Staff Software Engineer, Infrastructure (Citizen Dev) Engineering Engineering • Singapore APAC , Singapore Singapore

# 🔔 New career-page entries — 2026-07-16T13:50:26

## Accenture — Bengaluru
<https://www.accenture.com/in-en/careers/jobsearch?fl=Bengaluru>

- 🎓 Associate Director - Performance Marketing
- 🤖 Enterprise AI Value Strategy Senior Manager
- 💻 Full Stack Engineering Senior Manager
- 🎓 Inside Sales Associate Director
- 🎓 Strategy Innovation Associate Director

## Accenture — Hyderabad
<https://www.accenture.com/in-en/careers/jobsearch?fl=Hyderabad>

- 🎓 Associate Director - Performance Marketing
- 🤖 Enterprise AI Value Strategy Senior Manager
- 💻 Full Stack Engineering Senior Manager
- 🎓 Inside Sales Associate Director
- 🎓 Strategy Innovation Associate Director

## Accenture — Pune
<https://www.accenture.com/in-en/careers/jobsearch?fl=Pune>

- 🎓 Associate Director - Performance Marketing
- 🤖 Enterprise AI Value Strategy Senior Manager
- 💻 Full Stack Engineering Senior Manager
- 🎓 Inside Sales Associate Director
- 🎓 Strategy Innovation Associate Director

## Accenture — Gurugram
<https://www.accenture.com/in-en/careers/jobsearch?fl=Gurugram>

- 🎓 Associate Director - Performance Marketing
- 🤖 Enterprise AI Value Strategy Senior Manager
- 💻 Full Stack Engineering Senior Manager
- 🎓 Inside Sales Associate Director
- 🎓 Strategy Innovation Associate Director

## IBM — India
<https://www.ibm.com/in-en/careers/career-opportunities>

- 🎓 Entry Level Sales Specialist
- 🎓 🤖 Graduate / Associate - SAP AI Orchestration Consultant
- 🎓 🤖 Graduate/Associate - SAP AI Platform Consultant

## IBM — India
<https://www.ibm.com/in-en/careers/search>

- 🎓 Consulting Business Transformation Consultant-Banking Internship Islamabad, PK
- 💻 Data & Analytics Sr. Software Engineer (TS/SCI) Professional Multiple Cities
- 🎓 Internship (94)
- 🎓 Sales Apprenti.e 'Metropole Program' Business développement – Ecosystème - IBM France - H/F Internship Bois Colombes Cedex, FR
- 🎓 Sales Entry level Technical Sales Specialist Data - IBM Denmark (incl. Assignment in Valencia) Entry Level COPENHAGEN, DK
- 🎓 Sales Technical Sales Intern (Auckland) Internship AUCKLAND, NZ
- 🎓 Software Engineering (NATC Intern)Application Developer Internship Kaohsiung, TW

## Cognizant — India
<https://careers.cognizant.com/global-en/jobs/>

- 🤖 Consulting Manager - AI Engineer– Insurance & Retirement

## Tech Mahindra — India
<https://careers.techmahindra.com/>

- 🎓 Associate Data Architect

## Cognizant — India
<https://careers.cognizant.com/india-en/jobs/>

- 🤖 Consulting Manager - AI Engineer– Insurance & Retirement

## Keka HR — Hyderabad
<https://www.keka.com/careers>

- Hiring & Onboarding
- Hiring & Onboarding Create a great candidate experience before and after joining
- Hiring Software
- We are hiring !

## Internshala (ML) — India
<https://internshala.com/internships/machine-learning-internship/>

- 🤖 AI Tool Developer
- 🎓 🤖 Machine Learning Internships: Find 145 Machine Learning Intern Jobs

## Internshala (SDE) — India
<https://internshala.com/internships/software-development-internship/>

- 🤖 AI Tool Developer
- 🎓 💻 Software Development Internships: 230+ Software Development Intern Jobs

## Internshala (AI) — India
<https://internshala.com/internships/artificial-intelligence-internship/>

- 🤖 AI Tool Developer
- 🎓 🤖 Artificial intelligence Internships: Find 175 Artificial intelligence Intern Jobs

## Qualcomm — India
<https://careers.qualcomm.com/careers>

- 💻 CPU Software Engineer Senior Bangalore, Karnataka, India Software Engineering Posted 9 days ago
- 💻 CPU Software Engineer staff Bangalore, Karnataka, India Software Engineering Posted 14 hours ago
- 💻 CPU Software Engineer, Senior Staff
- 💻 CPU Software Engineer, Senior Staff Bangalore, Karnataka, India Software Engineering Posted 14 hours ago
- 💻 CPU Software Engineer, Senior Staff Bangalore, Karnataka, India Software Engineering Posted 5 months ago
- 🤖 Senior Engineer- ML tools Hyderabad, Telangana, India Software Engineering Posted 14 hours ago
- 💻 Senior Staff Software Engineer San Diego, California, United States of America Software Engineering Posted 7 months ago
- 💻 Software Engineer, Staff/Senior Staff – Virtual Platforms Bangalore, Karnataka, India Software Engineering Posted 22 days ago

## Optiver — Mumbai
<https://www.optiver.com/working-at-optiver/career-opportunities/>

- 🎓 Trading Automation and Operations Intern (Summer 2027)

## AMD India — Bengaluru
<https://careers.amd.com/careers-home>

- 💻 Lead EDA C++ Software Development Engineer
- 💻 Lead Software Development Engineer – C++ / EDA
- 💻 Senior Software Development Engineer - C++

## Talabat — Dubai
<https://careers.talabat.com/>

- 🎓 Associate People Operations - 6 month contract

## Tabby — Dubai
<https://tabby.ai/careers>

- 🎓 🤖 AI Intern KSA
- 🎓 AML Associate KSA
- 💻 Backend Engineer II KSA
- 🎓 Compliance Associate Egypt
- 🎓 DBA Intern KSA
- 🎓 DevOps Intern KSA
- 🎓 FinOps Associate KSA
- 🎓 Information Security Intern KSA
- 🎓 💻 Intern Backend (Go) Engineer KSA
- 🎓 Intern QA Engineer KSA
- 💻 Senior Backend Engineer II Remote
- 🎓 Senior Enterprise Risk Associate Egypt
- 🎓 Senior Tax Associate KSA
- 🤖 Technical Project Manager (AI focus) Remote

## Internshala Chennai — Chennai
<https://internshala.com/internships/internship-in-chennai/>

- 🎓 Trainee Site Engineers – Electrical

## Internshala Noida — Noida
<https://internshala.com/internships/internship-in-noida/>

- 🤖 AI Tool Developer
- 🎓 Content Writing Intern
- 🎓 Delegate Acquisition Intern
- 🎓 E-commerce Associate

## Internshala Gurgaon — Gurugram
<https://internshala.com/internships/internship-in-gurgaon/>

- 🤖 AI Tool Developer
- 🎓 Content Writing Intern
- 🎓 Delegate Acquisition Intern
- 🎓 E-commerce Associate
- 🎓 Internships in Gurgaon: Top 3419 Paid Internship in Gurgaon

## Grab — Singapore
<https://grab.careers/>

- 🎓 Credit Operation Associate
- 💻 Senior Software Engineer, Backend - Insurance Operations
- 💻 Software Engineer, Backend - Insurance Operations

## Pine Labs — Noida
<https://www.pinelabs.com/careers>

- 🎓 Management Trainee Program
- 🎓 Our flagship summer internship program for students from premier B-schools.
- 🎓 Sales Trainee Program

## Thunes — Singapore
<https://www.thunes.com/careers/>

- 🎓 Enterprise Singapore Graduate Scheme

## NICE — Pune
<https://www.nice.com/careers>

- 🤖 pageVisits-_glossary%2Fautomating-qa-with-ai
- 🤖 pageVisits-_info%2Ftop-trends-in-automating-qa-with-ai-what-you-need-to-know
- 🤖 pageVisits-_resources%2F5-executive-priorities-to-scale-agentic-ai-for-enterprise-value
- 🤖 pageVisits-_resources%2Fanalyst-backed-strategies-10-cx-ai-insights-for-executive-decision-makers
- 🤖 pageVisits-_resources%2Ftop-10-ai-first-cx-trends-to-lead-in-2026

## Synechron — Pune
<https://www.synechron.com/careers>

- 🤖 Python AI Engineer | ML & Cloud Deployment Hyderabad Eco Park, India JR1041548

## Internshala (Data Science) — India
<https://internshala.com/internships/data-science-internship/>

- 🤖 AI Tool Developer
- 🎓 🤖 Data Science Internships: Find 352 Data Science Intern Jobs

## Internshala (Web Dev) — India
<https://internshala.com/internships/web-development-internship/>

- 🤖 AI Tool Developer
- 💻 Full Stack Android Application Developer
- 🎓 Web Development Internships: 339+ Web Development Intern Jobs

## Internshala (Python) — India
<https://internshala.com/internships/python-internship/>

- 🤖 AI Tool Developer
- 🎓 💻 Full Stack Developer (Trainee/Intern)
- 🎓 Python Internships: Find 257 Python Intern Jobs

## Internshala (Full Stack) — India
<https://internshala.com/internships/full-stack-development-internship/>

- 💻 Full Stack Android Application Developer
- 🎓 💻 Full Stack Development Internships: 99+ Full Stack Development Intern Jobs

## Internshala (Frontend) — India
<https://internshala.com/internships/front-end-development-internship/>

- 🎓 💻 Front End Development Internships: Find 107 Front End Development Intern Jobs

## Internshala (Backend) — India
<https://internshala.com/internships/back-end-development-internship/>

- 🤖 AI Tool Developer
- 🎓 💻 Backend Development Internships: Find 122 Backend Development Intern Jobs

## Internshala (App Dev) — India
<https://internshala.com/internships/mobile-app-development-internship/>

- 💻 Full Stack Android Application Developer
- 🎓 Mobile App Development Internships: Find 76 Mobile App Development Intern Jobs

## Internshala (Bangalore) — Bengaluru
<https://internshala.com/internships/internship-in-bangalore/>

- 🎓 Content Intern
- 🎓 Content Writing Intern
- 🎓 💻 Full Stack Developer (Trainee/Intern)

## Internshala (Hyderabad) — Hyderabad
<https://internshala.com/internships/internship-in-hyderabad/>

- 🎓 Trainee Site Engineers – Electrical

## AICTE Internship Portal — India
<https://internship.aicte-india.org/>

- 🎓 1 Crore Internship By 2027 | 79,57,193+ Internships | 82293 Companies

## Nitor Infotech — Pune
<https://www.nitorinfotech.com/careers/>

- 🎓 Associate Director
- 🎓 Associate Engineering Manager
- 💻 Software Engineer
- 🎓 💻 Trainee Software Engineer

## Airwallex — Singapore
<https://www.airwallex.com/careers>

- 💻 Fullstack Engineer, Scale Engineering Engineering • London EMEA , London London
- 💻 Principal Software Engineer, Tech Platform, Edge Team Engineering Engineering • Singapore APAC , Singapore Singapore
- 💻 Senior Software Engineer, Lending Engineering Engineering • Singapore APAC , Singapore Singapore
- 💻 Senior Software Engineer, Onboarding Team Engineering APAC, Singapore
- 🤖 Staff AI Engineer Engineering Engineering • San Francisco Americas , San Francisco San Francisco
- 🤖 Staff Data Scientist, GTM Engineering Engineering • San Francisco Americas , San Francisco San Francisco
- 💻 Staff Software Engineer, Search Platform Engineering Singapore

## Glints — Singapore
<https://glints.com/careers>

- 🎓 Sales Administration Intern - Glints Future Leader Programme

## Webs Optimization — Ahmedabad
<https://www.websoptimization.com/career>

- 💻 Frontend Developer
- 💻 Job Description – Frontend Developer (Angular & React)
- 💻 Job Opportunity || Frontend Developer | 2 - 3 Years | Ahmedabad (Work from Office)
- 💻 Work closely with Designers, Backend Developers, QA, and Project Managers

## Nevina Infotech — Ahmedabad
<https://nevinainfotech.com/career>

- 💻 Hire Web Developer

## TOPS Infosolutions — Ahmedabad
<https://www.topsinfosolutions.com/careers/>

- 🤖 Data Scientist

## Moon Technolabs — Ahmedabad
<https://www.moontechnolabs.com/career-with-us/>

- 🎓 Experience: Fresher
- 💻 Full Stack Developer
- 🎓 Trainee Business Development Executive
- 🎓 Trainee Product Sales Executive
- 🎓 Trainee Video Creator

## Nevina Infotech — Ahmedabad
<https://www.nevinainfotech.com/careers>

- 🎓 Fresher
- 💻 Hire Web Developer
- 🤖 Job Title: Content Marketing & Link Building Specialist (AI-Driven SEO Expert)
- 🤖 SEO - Content Marketing & Link Building Specialist (AI-Driven SEO Expert)

## Alian Software — Ahmedabad
<https://www.aliansoftware.com/careers/>

- 🤖 AI product designer
- 💻 Full-stack engineer
- 🤖 Senior AI / ML engineer

# 🔔 New career-page entries — 2026-07-17T02:37:29

## Capgemini — India
<https://www.capgemini.com/in-en/careers/join-capgemini/job-search/>

- 🤖 GCP Data Engineer Pune, Salem, Tiruchirapalli, Tiruchirappalli, Bangalore + 13 Data & AI Permanent Experienced Professionals
- 🤖 GEN AI Engineer Hyderabad, Bangalore Software Engineering Permanent Experienced Professionals
- 🤖 Pyspark Developer Hyderabad, Chennai (ex Madras), Navi Mumbai, Bangalore, Pune Data & AI Permanent Executives

## IBM — India
<https://www.ibm.com/in-en/careers/career-opportunities>

- 🎓 🤖 Entry Level AI-First Transformation – Strategy Consultant
- 🎓 Entry level Brand Sales Specialist - Power - Luxembourg
- 💻 Senior Software Engineer - Confluent Cloud Traffic

## IBM — India
<https://www.ibm.com/in-en/careers/search>

- 🎓 🤖 Cloud Duales Studium 2027 Bachelor@IBM: Wirtschaftsinformatik - Data Science (f,m,x) Internship Ehningen, DE
- 🎓 Cloud Master@IBM IBM Cloud Technical Sales Specialist (f/m/x) Internship KOELN, DE
- 🎓 Consulting Threat Intelligence Consultant-Threat Analysis Internship ABU DHABI, AE
- 🎓 Internship (88)
- 🎓 Sales Brand Technical Specialist Entry Level Esch-sur-Alzette, LU
- 🎓 Sales Entry Level Technical Sales Specialist Entry Level Bucharest, RO

## Cognizant — India
<https://careers.cognizant.com/global-en/jobs/>

- 🤖 Applied AI Engineer (Generative AI)
- 🤖 GenAI Test Automation Lead
- 💻 Senior Software Engineer – .NET, Azure & Angular (Hybrid)
- 💻 Senior Software Engineer – .NET, Azure & Angular(Hybrid)
- 💻 Senior Software Engineer – Java/Spring Boot

## Tech Mahindra — India
<https://careers.techmahindra.com/>

- 💻 Full Stack Developer (React + Any Backend)
- 💻 Sr, Backend Developer

## Cognizant — India
<https://careers.cognizant.com/india-en/jobs/>

- 🤖 Applied AI Engineer (Generative AI)
- 🤖 GenAI Test Automation Lead
- 💻 Senior Software Engineer – .NET, Azure & Angular (Hybrid)
- 💻 Senior Software Engineer – .NET, Azure & Angular(Hybrid)
- 💻 Senior Software Engineer – Java/Spring Boot

## Peoplebox — Bengaluru
<https://www.peoplebox.ai/careers>

- 🎓 Associate Product Manager (APM) 72 days ago BANGALORE Full Time
- Content Marketing Manager 347 days ago BANGALORE 4-6 Full Time
- SEO Lead 231 days ago BANGALORE 4-6 Full Time
- 💻 Senior Backend Engineer 343 days ago BANGALORE 5-9 Full Time
- Talent Acquisition Lead 121 days ago BANGALORE 5+ Full Time

## Tata group — India
<https://www.tata.com/careers/jobs/joblisting>

- Apply

## Internshala (ML) — India
<https://internshala.com/internships/machine-learning-internship/>

- 🎓 🤖 Machine Learning Internships: Find 139 Machine Learning Intern Jobs

## Internshala (SDE) — India
<https://internshala.com/internships/software-development-internship/>

- 🎓 💻 Software Development Internships: 221+ Software Development Intern Jobs

## Internshala (AI) — India
<https://internshala.com/internships/artificial-intelligence-internship/>

- 🎓 🤖 Artificial intelligence Internships: Find 170 Artificial intelligence Intern Jobs

## YCombinator Jobs — Bengaluru
<https://www.ycombinator.com/jobs/location/bengaluru>

- 🤖 Vahan (S19) • AI recruiter for India's massive blue-collar workforce ( 24 days ago)

## Qualcomm — India
<https://careers.qualcomm.com/careers>

- 💻 2. Senior Software Engineer
- 💻 CPU Software Engineer, Senior Staff Bangalore, Karnataka, India Software Engineering Posted a day ago
- 🤖 Sr. Engineer, Machine Learning Engineering Markham, Ontario, Canada Machine Learning Engineering Posted a day ago

## Kore.ai — Hyderabad
<https://kore.ai/careers/>

- 🤖 AI Solution Sales Specialist
- 🎓 Associate Director - Global Partner Marketing – Hyperscaler
- 🤖 Lead AI Customer Engineer — Fanatic Customer Support
- 💻 Software Engineer/Senior Software Engineer - Technical Support

## Internshala Gurgaon — Gurugram
<https://internshala.com/internships/internship-in-gurgaon/>

- 🎓 Internships in Gurgaon: Top 3349 Paid Internship in Gurgaon

## Grab — Singapore
<https://grab.careers/>

- 💻 Lead Software Engineer, Mobile (iOS|Flutter)

## Tekion — Bengaluru
<https://tekion.com/careers>

- 💻 Architect, Software Engineering - Frontend - Integration
- 🎓 Associate Principal Graphic Designer

## GreyOrange — Gurugram
<https://www.greyorange.com/careers/>

- 💻 Role: Software Development Engineer in Test II (SDET II)
- 💻 Software Development Engineer III
- 💻 Software Development Engineer in Test I
- 💻 Software Development Engineer in Test II
- 💻 Software Development Engineer in Test III

## To The New — Noida
<https://www.tothenew.com/careers>

- 🎓 Associate Director - Sales
- 🎓 Associate Technical Lead - Data Engineering
- 💻 Senior Software Engineer - Python

## Internshala (Data Science) — India
<https://internshala.com/internships/data-science-internship/>

- 🤖 AI Designer
- 🎓 🤖 Data Science Internships: Find 333 Data Science Intern Jobs

## Internshala (Web Dev) — India
<https://internshala.com/internships/web-development-internship/>

- 🎓 Web Development Internships: 329+ Web Development Intern Jobs

## Internshala (Python) — India
<https://internshala.com/internships/python-internship/>

- 🎓 Python Internships: Find 246 Python Intern Jobs

## Internshala (Full Stack) — India
<https://internshala.com/internships/full-stack-development-internship/>

- 🎓 💻 Full Stack Development Internships: 97+ Full Stack Development Intern Jobs

## Internshala (Frontend) — India
<https://internshala.com/internships/front-end-development-internship/>

- 🎓 💻 Front End Development Internships: Find 104 Front End Development Intern Jobs

## Internshala (Backend) — India
<https://internshala.com/internships/back-end-development-internship/>

- 🎓 💻 Backend Development Internships: Find 121 Backend Development Intern Jobs

## Internshala (App Dev) — India
<https://internshala.com/internships/mobile-app-development-internship/>

- 🎓 Mobile App Development Internships: Find 70 Mobile App Development Intern Jobs

## YC Work at a Startup — Remote
<https://www.workatastartup.com/jobs>

- 💻 Founding Software Engineer
- 💻 Staff Software Engineer, SMS Team (Fullstack)

## AICTE Internship Portal — India
<https://internship.aicte-india.org/>

- 🎓 1 Crore Internship By 2027 | 79,57,193+ Internships | 82296 Companies

## Rupeek — Bengaluru
<https://rupeek.com/careers>

- 🎓 Senior Manager/ Associate Director - Talent Acquisition (Volume Hiring) Location: Bengaluru, Karnataka, India 3 days ago

## HealthKart — Gurugram
<https://www.healthkart.com/careers>

- 💻 Senior Java Software Engineer

## Airwallex — Singapore
<https://www.airwallex.com/careers>

- 💻 Senior Software Engineer, DevOps Engineering Engineering • Seoul APAC , Seoul Seoul
- 💻 Senior Software Engineer, Org & Identity Engineering APAC, Singapore

## Entropik — Bengaluru
<https://www.entropik.io/careers>

- 🤖 AI Engineer 24 days ago Chennai 2-3 years Full Time
- 🤖 Senior AI Engineer 28 days ago Chennai 4-6 years Full Time
- 💻 Senior Backend Engineer 11 days ago Chennai , Chennai 3-6 years Full Time
- 💻 Senior Software Engineer - Backend + DevOps 14 days ago Chennai 3-6 years Full Time

## E2M Solutions — Ahmedabad
<https://www.e2msolutions.com/careers/>

- 🤖 AI Adoption Specialist - SEO 116 days ago Ahmedabad 4 Years Full Time
- 🤖 AI Adoption Specialist 317 days ago Ahmedabad 3+ Years Full Time
- 🤖 AI Engineer 73 days ago Ahmedabad 2 -3 Years Full Time
- 🎓 🤖 Associate AI Engineer 77 days ago Ahmedabad 1 - 2 Years Full Time
- 🎓 Associate Client Account Manager - SEO 325 days ago Ahmedabad 1 - 3 Years Full Time
- 🎓 Associate Client Account Manager 49 days ago Ahmedabad 1- 2 Years Full Time
- 🎓 🤖 💻 Associate Full Stack AI Engineer 74 days ago Ahmedabad 1 - 2 Full Time
- 💻 Full Stack Developer 45 days ago Ahmedabad 3 -5 Years Full Time
- 🎓 🤖 Junior AI Automation Engineer 38 days ago Ahmedabad 1+ Years Full Time
- 🤖 QA Manager – AI Automation 228 days ago Ahmedabad 7 years Full Time
- 💻 Senior Frontend Wordpress Developer (US Shift) 345 days ago Ahmedabad 7+ Full Time
- 🤖 Technical Lead - AI 115 days ago Ahmedabad 5-8 Years Full Time

## Bitsclan IT Solutions — India
<https://www.bitsclan.com/careers/>

- 💻 Full Stack & DevOps Engineers

# 🔔 New career-page entries — 2026-07-17T08:10:05

## SmartSense Consulting Solutions — Gandhinagar
<https://www.smartsensesolutions.com/career>

- QA Automation Engineer
- Sr. QA Engineer

## Accenture — Bengaluru
<https://www.accenture.com/in-en/careers/jobsearch?fl=Bengaluru>

- 🤖 Enterprise AI Value Strategy Manager
- 🤖 IMU - AI & Data Manager

## Accenture — Hyderabad
<https://www.accenture.com/in-en/careers/jobsearch?fl=Hyderabad>

- 🤖 Enterprise AI Value Strategy Manager
- 🤖 IMU - AI & Data Manager

## Accenture — Pune
<https://www.accenture.com/in-en/careers/jobsearch?fl=Pune>

- 🤖 Enterprise AI Value Strategy Manager
- 🤖 IMU - AI & Data Manager

## Accenture — Gurugram
<https://www.accenture.com/in-en/careers/jobsearch?fl=Gurugram>

- 🤖 Enterprise AI Value Strategy Manager
- 🤖 IMU - AI & Data Manager

## Capgemini — India
<https://www.capgemini.com/in-en/careers/join-capgemini/job-search/>

- 💻 Senior Software Engineer Hyderabad Software Engineering Permanent Experienced Professionals

## IBM — India
<https://www.ibm.com/in-en/careers/career-opportunities>

- 🎓 🤖 Graduate / Associate - SAP AI Orchestration Consultant

## Cognizant — India
<https://careers.cognizant.com/global-en/jobs/>

- 🎓 Associate Consultant

## Tech Mahindra — India
<https://careers.techmahindra.com/>

- 💻 Software Developer - Java 11

## Cognizant — India
<https://careers.cognizant.com/india-en/jobs/>

- 🎓 Associate Consultant

## Swiggy — Bengaluru
<https://careers.swiggy.com/>

- Executive - Client Servicing
- lead ads planning

## Internshala (ML) — India
<https://internshala.com/internships/machine-learning-internship/>

- 🎓 🤖 Machine Learning Internships: Find 142 Machine Learning Intern Jobs

## Internshala (SDE) — India
<https://internshala.com/internships/software-development-internship/>

- 🎓 💻 Software Development Internships: 220+ Software Development Intern Jobs

## Internshala (AI) — India
<https://internshala.com/internships/artificial-intelligence-internship/>

- 🎓 🤖 Artificial intelligence Internships: Find 172 Artificial intelligence Intern Jobs

## YCombinator Jobs — Bengaluru
<https://www.ycombinator.com/jobs/location/bengaluru>

- 🤖 Vahan (S19) • AI recruiter for India's massive blue-collar workforce ( 11 days ago)

## Arcesium — Bengaluru
<https://careers.arcesium.com/>

- 💻 Software Engineer

## AMD India — Bengaluru
<https://careers.amd.com/careers-home>

- 🤖 Senior Technical Program Lead - Product Execution – Datacenter & Enterprise AI
- 🤖 Senior Technical Program Manager - Software – Datacenter & Enterprise AI

## Internshala Pune — Pune
<https://internshala.com/internships/internship-in-pune/>

- 🎓 Business Operations & Brand Experience Intern

## Internshala Noida — Noida
<https://internshala.com/internships/internship-in-noida/>

- 🎓 Management Intern (BD & Pre Sales)

## Internshala Gurgaon — Gurugram
<https://internshala.com/internships/internship-in-gurgaon/>

- 🎓 Internships in Gurgaon: Top 3384 Paid Internship in Gurgaon
- 🎓 Management Intern (BD & Pre Sales)

## Grab — Singapore
<https://grab.careers/>

- 💻 Lead Software Engineer, Backend
- 💻 Lead Software Engineer, Backend - Payments

## Yulu — Bengaluru
<https://www.yulu.bike/careers/>

- 🎓 Associate Director

## Internshala (Data Science) — India
<https://internshala.com/internships/data-science-internship/>

- 🎓 🤖 Data Science Internships: Find 340 Data Science Intern Jobs

## Internshala (Web Dev) — India
<https://internshala.com/internships/web-development-internship/>

- 🎓 Web Development Internships: 332+ Web Development Intern Jobs

## Internshala (Python) — India
<https://internshala.com/internships/python-internship/>

- 🎓 Python Internships: Find 249 Python Intern Jobs

## Internshala (Full Stack) — India
<https://internshala.com/internships/full-stack-development-internship/>

- 🎓 💻 Full Stack Development Internships: 99+ Full Stack Development Intern Jobs

## Internshala (Frontend) — India
<https://internshala.com/internships/front-end-development-internship/>

- 🎓 🤖 AI Development Internship
- 🎓 💻 Frontend development Internship in Bengaluru
- 🎓 💻 Frontend development Internship in Coimbatore
- 🎓 💻 Frontend development Internship in Delhi
- 🎓 💻 Frontend development Internship in Gurgaon
- 🎓 💻 Frontend development Internship in Hyderabad
- 🎓 💻 Frontend development Internship in Kolkata
- 🎓 💻 Frontend development Internships: Find 9 Frontend development Intern Jobs
- 💻 Full Stack Developer (React Native/Node.js)
- 🎓 💻 Latest Frontend development Intern Jobs
- 🎓 💻 Q. How can I apply for a frontend development internship on Internshala?
- 🤖 💻 Software Developer – Dashboard, AI/LLM & Automation
- 🎓 💻 You can apply for a frontend development internship or frontend development intern job using the following steps-

## Internshala (Backend) — India
<https://internshala.com/internships/back-end-development-internship/>

- 🎓 💻 Backend Development Internships: Find 123 Backend Development Intern Jobs

## Internshala (Bangalore) — Bengaluru
<https://internshala.com/internships/internship-in-bangalore/>

- 🎓 HR Intern
- 🎓 QA Intern

## YC Work at a Startup — Remote
<https://www.workatastartup.com/jobs>

- 💻 Senior Software Engineer, Email Team

## AICTE Internship Portal — India
<https://internship.aicte-india.org/>

- 🎓 1 Crore Internship By 2027 | 79,57,193+ Internships | 82299 Companies

## Rupeek — Bengaluru
<https://rupeek.com/careers>

- 🎓 Senior Manager/ Associate Director - Lender Partnerships Location: Bengaluru, Karnataka, India 1 week ago

## Airwallex — Singapore
<https://www.airwallex.com/careers>

- 🎓 Associate Director, FCC Models & Product Risk Regulatory & Compliance Regulatory & Compliance • Portland Americas , Portland Portland
- 🎓 Senior Associate, Revenue Strategy & Enablement, EMEA Operations Management Operations Management • Amsterdam Amsterdam , EMEA Amsterdam
- 💻 Software Engineer, Yield Engineering Engineering • Sydney APAC , Sydney Sydney
- 💻 Staff Software Engineer, Productivity Engineering Americas, Seattle

## Glints — Singapore
<https://glints.com/careers>

- 🎓 Business Development Internship Rp1M Internship Minimum Bachelor’s Degree Sales Strategy Sales and Marketing + 2

## Softweb Solutions — Ahmedabad
<https://www.softwebsolutions.com/careers.html>

- 🎓 Intern

## Webs Optimization — Ahmedabad
<https://www.websoptimization.com/career>

- 💻 (as a developer, software engineer, or similar technical role)
- 💻 Frontend Developer
- 💻 Full Stack Java Developer (Angular + Spring)
- 💻 Job Description – Frontend Developer (Angular & React)
- 💻 Job Opportunity | Sr. Full Stack Java Developer | Ahmedabad (Work from Office)
- 💻 Job Opportunity || Frontend Developer | 2 - 3 Years | Ahmedabad (Work from Office)
- 💻 Mernstack Full Stack Developer
- 💻 Sr. Full Stack Java Developer
- 💻 Sr. Full Stack Java Developer (Angular + Spring)
- 💻 Work closely with Designers, Backend Developers, QA, and Project Managers

## Moon Technolabs — Ahmedabad
<https://www.moontechnolabs.com/career-with-us/>

- 🎓 Experience: Fresher
- 💻 Full Stack Developer
- 🎓 HR - Fresher
- 🤖 Sr. AI/ML Developer
- 🎓 Trainee Business Development Executive
- 🎓 Trainee Product Sales Executive
- 🎓 Trainee Video Creator

## Chapter247 Infotech — Indore
<https://www.chapter247.com/careers/>

- 🤖 AI/ML Engineer Indore 2 to 4 Years Full Time

## Mobiloitte — Delhi
<https://www.mobiloitte.com/careers/>

- 🤖 Job Title: Senior Python AI Engineer (Contract Role) Location: Remote Shift Timing: 5:00 PM ...
- 🤖 Sr Python AI Engineer Short term project 9+ yrs Remote 5 pm till 2 am

## ServiceNow India — Hyderabad
<https://careers.servicenow.com/careers/>

- 🤖 Forward Deployed Solution Architect – Applied AI FDE

## Systango Technologies — Indore
<https://www.systango.com/careers>

- 🤖 Enterprise Sales Manager — Digital Engineering & AI
- 🤖 GenAI Engineer (S03)
- 🤖 Senior AI Engineer (S04)

## Indus Net Technologies — Kolkata
<https://www.indusnet.co.in/careers/>

- 🤖 I Love Technology Podcast | Episode 5 | How to lead AI transformation

## C5i — Bengaluru
<https://www.c5i.ai/careers/>

- 🎓 Associate Manager

## Brillio — Bengaluru
<https://www.brillio.com/careers/>

- 🎓 Graduate School

# 🔔 New career-page entries — 2026-07-17T13:28:26

## Capgemini — India
<https://www.capgemini.com/in-en/careers/join-capgemini/job-search/>

- 🤖 Data Science Architect Bangalore Software Engineering Permanent Experienced Professionals

## IBM — India
<https://www.ibm.com/in-en/careers/career-opportunities>

- 🎓 Associate visual designer
- 🎓 Corporate Development Associate
- 🎓 Entry level Brand Sales Specialist - Luxembourg

## Cognizant — India
<https://careers.cognizant.com/global-en/jobs/>

- 💻 Full Stack Engineer (Node/React)
- 💻 Senior Full Stack Engineer (Node/React)

## Tech Mahindra — India
<https://careers.techmahindra.com/>

- 💻 Sr. Software Engineer
- 💻 Sr. Software Engineer - Snowflake DBT

## Cognizant — India
<https://careers.cognizant.com/india-en/jobs/>

- 💻 Full Stack Engineer (Node/React)
- 💻 Senior Full Stack Engineer (Node/React)

## Internshala (ML) — India
<https://internshala.com/internships/machine-learning-internship/>

- 🤖 AI Engineer
- 🎓 🤖 Machine Learning Internships: Find 145 Machine Learning Intern Jobs

## Internshala (SDE) — India
<https://internshala.com/internships/software-development-internship/>

- 🤖 AI Engineer
- 🎓 💻 Software Development Intern (Groovy / Java / React Native)
- 🎓 💻 Software Development Internships: 212+ Software Development Intern Jobs

## Internshala (AI) — India
<https://internshala.com/internships/artificial-intelligence-internship/>

- 🎓 🤖 Artificial intelligence Internships: Find 176 Artificial intelligence Intern Jobs

## Qualcomm — India
<https://careers.qualcomm.com/careers>

- 💻 2. Senior Software Engineer
- 💻 5. Lead Software Engineer
- 🤖 Engineer, Staff-AI,Python Dev Testing Hyderabad, Telangana, India Software Engineering Posted 2 months ago

## Atlassian — Bengaluru
<https://www.atlassian.com/company/careers/all-jobs>

- 🎓 Account Associate, LATAM (Portuguese Speaking)
- 🎓 Associate Customer Success Manager
- 🎓 Associate Solution Engineer, Mid Market (West)
- 🤖 Principal Machine Learning Engineer
- 🤖 Principal Machine Learning Systems Engineer
- 🤖 Senior Account Executive , AI & Digital Natives (Bay Area)
- 🤖 Senior Account Executive , AI and Digital Native (NYC)
- 🤖 Senior Design Manager, Jira AI
- 🤖 Senior Machine Learning Manager
- 🤖 Senior Machine Learning System Engineer
- 🤖 Senior Machine Learning Systems Engineering Manager - AI & ML Platform
- 🤖 Senior Manager, AI & Digital Natives
- 🤖 Senior Solution Consultant, Teamwork Foundations + AI
- 🤖 Senior Systems Engineer — AI Code Metrics Daemon
- 💻 Software Engineer
- 🤖 Solution Sales Executive, Enterprise Work Management & AI

## Kore.ai — Hyderabad
<https://kore.ai/careers/>

- 🤖 AI Solution Sales Specialist
- 🎓 Associate Director - Global Partner Marketing – Hyperscaler

## Micron India — Hyderabad
<https://careers.micron.com/careers>

- 🎓 Intern
- 💻 Staff Engineer, Front End Labor Data Engineering Singapore, Singapore Posted 14 hours ago

## Tabby — Dubai
<https://tabby.ai/careers>

- 🎓 🤖 AI Intern KSA
- 🎓 AML Associate KSA
- 💻 Backend Engineer II KSA
- 🎓 Compliance Associate Egypt
- 🎓 DBA Intern KSA
- 🎓 DevOps Intern KSA
- 🎓 FinOps Associate KSA
- 🎓 Information Security Intern KSA
- 🎓 💻 Intern Backend (Go) Engineer KSA
- 🎓 Intern QA Engineer KSA
- 💻 Senior Backend Engineer II Remote
- 🎓 Senior Enterprise Risk Associate Egypt
- 🎓 Senior Tax Associate KSA
- 🤖 Technical Project Manager (AI focus) Remote

## Internshala Pune — Pune
<https://internshala.com/internships/internship-in-pune/>

- 🎓 Content Marketing Associate

## Internshala Chennai — Chennai
<https://internshala.com/internships/internship-in-chennai/>

- 🎓 Sales Trainee

## Internshala Gurgaon — Gurugram
<https://internshala.com/internships/internship-in-gurgaon/>

- 🎓 Internships in Gurgaon: Top 3433 Paid Internship in Gurgaon

## Grab — Singapore
<https://grab.careers/>

- 🤖 Lead Machine Learning Engineer (Foundation Models)
- 🤖 Principal Machine Learning Engineer
- 💻 Software Engineer, Backend

## MyCareersFuture (SDE) — Singapore
<https://www.mycareersfuture.gov.sg/search?search=software+engineer&sortBy=new_posting_date>

- 🎓 If you are a fresh graduate looking for a traineeship opportunity
- 🎓 Junior Executive

## Pine Labs — Noida
<https://www.pinelabs.com/careers>

- 🎓 Management Trainee Program
- 🎓 Our flagship summer internship program for students from premier B-schools.
- 🎓 Sales Trainee Program

## NICE — Pune
<https://www.nice.com/careers>

- 🤖 pageVisits-_glossary%2Fautomating-qa-with-ai
- 🤖 pageVisits-_info%2Ftop-trends-in-automating-qa-with-ai-what-you-need-to-know
- 🤖 pageVisits-_resources%2F5-executive-priorities-to-scale-agentic-ai-for-enterprise-value
- 🤖 pageVisits-_resources%2Fanalyst-backed-strategies-10-cx-ai-insights-for-executive-decision-makers
- 🤖 pageVisits-_resources%2Ftop-10-ai-first-cx-trends-to-lead-in-2026

## Internshala (Data Science) — India
<https://internshala.com/internships/data-science-internship/>

- 🤖 AI Engineer
- 🎓 🤖 Data Science Internships: Find 350 Data Science Intern Jobs
- 🤖 Project Executive - AI Data Services

## Internshala (Web Dev) — India
<https://internshala.com/internships/web-development-internship/>

- 🤖 AI Engineer
- 🎓 💻 Software Development Intern (Groovy / Java / React Native)
- 🎓 Web Development Internships: 315+ Web Development Intern Jobs

## Internshala (Python) — India
<https://internshala.com/internships/python-internship/>

- 🎓 Python Internships: Find 258 Python Intern Jobs

## Internshala (Full Stack) — India
<https://internshala.com/internships/full-stack-development-internship/>

- 🎓 💻 Full Stack Development Internships: 95+ Full Stack Development Intern Jobs
- 🎓 💻 Software Development Intern (Groovy / Java / React Native)

## Internshala (Backend) — India
<https://internshala.com/internships/back-end-development-internship/>

- 🤖 AI Engineer
- 🎓 💻 Backend Development Internships: Find 120 Backend Development Intern Jobs

## Internshala (App Dev) — India
<https://internshala.com/internships/mobile-app-development-internship/>

- 🎓 Mobile App Development Internships: Find 71 Mobile App Development Intern Jobs
- 🎓 💻 Software Development Intern (Groovy / Java / React Native)

## YC Work at a Startup — Remote
<https://www.workatastartup.com/jobs>

- 💻 Staff Software Engineer, SMS Team (Fullstack)

## AICTE Internship Portal — India
<https://internship.aicte-india.org/>

- 🎓 1 Crore Internship By 2027 | 79,57,193+ Internships | 82304 Companies

## Rupeek — Bengaluru
<https://rupeek.com/careers>

- 💻 Software Development Engineer III Location: Bengaluru, Karnataka, India 1 month ago

## Airwallex — Singapore
<https://www.airwallex.com/careers>

- 🎓 Associate Director, Obligations Management Regulatory & Compliance Amsterdam, EMEA
- 💻 Senior Backend Engineer, Spend Team (Cards) Engineering Engineering • Melbourne APAC , Melbourne Melbourne
- 🤖 💻 Senior Software Engineer, AI Tooling Engineering Engineering • San Francisco Americas , San Francisco San Francisco
- 💻 Senior Software Engineer, Infrastructure (Infra Platform) Engineering Engineering • Singapore APAC , Singapore Singapore
- 💻 Senior Software Engineer, Issuing Platform Engineering Engineering • Singapore APAC , Singapore Singapore
- 💻 Staff Software Engineer, Lending Engineering APAC, Singapore

# 🔔 New career-page entries — 2026-07-17T19:08:22

## SmartSense Consulting Solutions — Gandhinagar
<https://www.smartsensesolutions.com/career>

- QA Automation Engineer
- Sr. QA Engineer

## Accenture — Bengaluru
<https://www.accenture.com/in-en/careers/jobsearch?fl=Bengaluru>

- 💻 Custom Software Engineer
- 💻 Custome software engineer
- 🎓 Delivery Operations Associate Manager
- 🎓 Packaged Application Development Associate Manager

## Accenture — Hyderabad
<https://www.accenture.com/in-en/careers/jobsearch?fl=Hyderabad>

- 💻 Custom Software Engineer
- 💻 Custome software engineer
- 🎓 Delivery Operations Associate Manager
- 🎓 Packaged Application Development Associate Manager

## Accenture — Pune
<https://www.accenture.com/in-en/careers/jobsearch?fl=Pune>

- 💻 Custom Software Engineer
- 💻 Custome software engineer
- 🎓 Delivery Operations Associate Manager
- 🎓 Packaged Application Development Associate Manager

## Accenture — Gurugram
<https://www.accenture.com/in-en/careers/jobsearch?fl=Gurugram>

- 💻 Custom Software Engineer
- 💻 Custome software engineer
- 🎓 Delivery Operations Associate Manager
- 🎓 Packaged Application Development Associate Manager

## Capgemini — India
<https://www.capgemini.com/in-en/careers/join-capgemini/job-search/>

- 🤖 GCP Data Engineer Bhubaneswar, Chennai (ex Madras), Coimbatore, Gandhinagar, Gurgaon + 13 Data & AI Permanent Experienced Professionals

## IBM — India
<https://www.ibm.com/in-en/careers/career-opportunities>

- 🎓 Entry Level Sales Specialist (Power & Cloud)

## Cognizant — India
<https://careers.cognizant.com/global-en/jobs/>

- 🎓 Associate Director - ServiceNow Delivery Partner

## Tech Mahindra — India
<https://careers.techmahindra.com/>

- 🎓 Associate Consultant Quality

## Cognizant — India
<https://careers.cognizant.com/india-en/jobs/>

- 🎓 Associate Director - ServiceNow Delivery Partner

## Swiggy — Bengaluru
<https://careers.swiggy.com/>

- Regional Partnership Manager

## Cars24 — Gurugram
<https://www.cars24.com/careers/>

- Brand manager
- Product Manager
- Senior Graphic Designer
- Senior UI/UX Designer

## Internshala (ML) — India
<https://internshala.com/internships/machine-learning-internship/>

- 🎓 🤖 Machine Learning Internships: Find 146 Machine Learning Intern Jobs

## Internshala (SDE) — India
<https://internshala.com/internships/software-development-internship/>

- 🤖 Data Scientist
- 🎓 💻 Software Development Internships: 206+ Software Development Intern Jobs

## Internshala (AI) — India
<https://internshala.com/internships/artificial-intelligence-internship/>

- 🎓 🤖 Artificial intelligence Internships: Find 172 Artificial intelligence Intern Jobs

## Arcesium — Bengaluru
<https://careers.arcesium.com/>

- 💻 Software Engineer

## Internshala Gurgaon — Gurugram
<https://internshala.com/internships/internship-in-gurgaon/>

- 🎓 Internships in Gurgaon: Top 3332 Paid Internship in Gurgaon

## MyCareersFuture (ML) — Singapore
<https://www.mycareersfuture.gov.sg/search?search=machine+learning&sortBy=new_posting_date>

- 🎓 If you are a fresh graduate looking for a traineeship opportunity
- 🎓 Junior Executive

## Wingify — Pune
<https://wingify.com/careers/>

- 💻 Senior Software Engineer - Backend & Search
- 💻 Senior Software Engineer - Client Services
- 💻 Software Engineer - QA (Client Services team)
- 💻 Software Engineer – Backend (Commerce)
- 💻 Software Engineer – Full Stack

## Tekion — Bengaluru
<https://tekion.com/careers>

- 💻 Architect, Software Engineering - Frontend - Integration

## Synechron — Pune
<https://www.synechron.com/careers>

- 💻 Backend Java Developer - Java Version 17+, Sp... Gurugram, India JR1041733

## Internshala (Data Science) — India
<https://internshala.com/internships/data-science-internship/>

- 🎓 🤖 Data Science Internships: Find 343 Data Science Intern Jobs

## Internshala (Web Dev) — India
<https://internshala.com/internships/web-development-internship/>

- 🎓 Web Development Internships: 303+ Web Development Intern Jobs

## Internshala (Python) — India
<https://internshala.com/internships/python-internship/>

- 🎓 Python Internships: Find 247 Python Intern Jobs

## Internshala (Full Stack) — India
<https://internshala.com/internships/full-stack-development-internship/>

- 🎓 💻 Full Stack Development Internships: 89+ Full Stack Development Intern Jobs

## Internshala (Backend) — India
<https://internshala.com/internships/back-end-development-internship/>

- 🎓 💻 Backend Development Internships: Find 115 Backend Development Intern Jobs

## Internshala (App Dev) — India
<https://internshala.com/internships/mobile-app-development-internship/>

- 🎓 Mobile App Development Internships: Find 67 Mobile App Development Intern Jobs

## YC Work at a Startup — Remote
<https://www.workatastartup.com/jobs>

- 💻 Backend Engineer
- 💻 Founding Software Engineer

## AICTE Internship Portal — India
<https://internship.aicte-india.org/>

- 🎓 1 Crore Internship By 2027 | 79,57,193+ Internships | 82305 Companies

## Rupeek — Bengaluru
<https://rupeek.com/careers>

- 🎓 Associate Product Manager Location: Bengaluru, Karnataka, India 4 weeks ago
- 🎓 Senior Manager/ Associate Director - Talent Acquisition (Volume Hiring) Location: Bengaluru, Karnataka, India 4 days ago

## Groovy Web — Ahmedabad
<https://www.groovyweb.co/careers/>

- 🤖 One senior engineer, AI-accelerated — owns architecture, security, and the last 20% AI tools leave broken. No recruitment, no ramp-up.

## Awign — Gurugram
<https://www.awign.com/careers>

- 🎓 Data annotation and labelling for Awign- Associate

## Airwallex — Singapore
<https://www.airwallex.com/careers>

- 💻 Senior Software Engineer (Android), Financial Platform Engineering APAC, Singapore
- 💻 Senior Software Engineer, Lending Engineering Engineering • Singapore APAC , Singapore Singapore
- 💻 Software Engineer II, Liquidity Platform Engineering Engineering • Singapore APAC , Singapore Singapore
- 💻 Staff Software Engineer, Ecosystem Engineering APAC, Singapore
- 💻 Staff Software Engineer, Lending Engineering Engineering • Singapore APAC , Singapore Singapore

## Softweb Solutions — Ahmedabad
<https://www.softwebsolutions.com/careers.html>

- 🎓 Intern

## Groovy Web (openings) — Ahmedabad
<https://www.groovyweb.co/current-openings/>

- 🤖 One senior engineer, AI-accelerated — owns architecture, security, and the last 20% AI tools leave broken. No recruitment, no ramp-up.

## Groovy Web (careers) — Ahmedabad
<https://www.groovyweb.co/career/>

- 🤖 One senior engineer, AI-accelerated — owns architecture, security, and the last 20% AI tools leave broken. No recruitment, no ramp-up.

## Groovy Web (jobs) — Ahmedabad
<https://www.groovyweb.co/jobs/>

- 🤖 One senior engineer, AI-accelerated — owns architecture, security, and the last 20% AI tools leave broken. No recruitment, no ramp-up.

## Algoscale — Noida
<https://algoscale.com/careers/>

- 🤖 Hire AI Developer
- 💻 Hire Full Stack Developer
- 🎓 Joined as Associate
- 🤖 ML Engineer

## Mastercard Pune — Pune
<https://careers.mastercard.com/us/en>

- 💻 Lead Software Engineer
- 💻 Senior Software Engineer
- 💻 Software Engineer II

# 🔔 New career-page entries — 2026-07-18T02:28:45

## Accenture — Bengaluru
<https://www.accenture.com/in-en/careers/jobsearch?fl=Bengaluru>

- 🎓 Custom Software Engineering Associate Manager
- 🎓 Customer Contact Comms Associate-Messaging
- 🎓 Customer Contact Communications Associate
- 🎓 Data Eng, Mgmt & Governance Associate Manager
- 💻 Full Stack Engineer

## Accenture — Hyderabad
<https://www.accenture.com/in-en/careers/jobsearch?fl=Hyderabad>

- 🎓 Custom Software Engineering Associate Manager
- 🎓 Customer Contact Comms Associate-Messaging
- 🎓 Customer Contact Communications Associate
- 🎓 Data Eng, Mgmt & Governance Associate Manager
- 💻 Full Stack Engineer

## Accenture — Pune
<https://www.accenture.com/in-en/careers/jobsearch?fl=Pune>

- 🎓 Custom Software Engineering Associate Manager
- 🎓 Customer Contact Comms Associate-Messaging
- 🎓 Customer Contact Communications Associate
- 🎓 Data Eng, Mgmt & Governance Associate Manager
- 💻 Full Stack Engineer

## Accenture — Gurugram
<https://www.accenture.com/in-en/careers/jobsearch?fl=Gurugram>

- 🎓 Custom Software Engineering Associate Manager
- 🎓 Customer Contact Comms Associate-Messaging
- 🎓 Customer Contact Communications Associate
- 🎓 Data Eng, Mgmt & Governance Associate Manager
- 💻 Full Stack Engineer

## Cognizant — India
<https://careers.cognizant.com/global-en/jobs/>

- 🎓 Junior Data Analyst

## Cognizant — India
<https://careers.cognizant.com/india-en/jobs/>

- 🎓 Junior Data Analyst

## Internshala (ML) — India
<https://internshala.com/internships/machine-learning-internship/>

- 🎓 🤖 Machine Learning Internships: Find 147 Machine Learning Intern Jobs

## Internshala (AI) — India
<https://internshala.com/internships/artificial-intelligence-internship/>

- 🎓 🤖 Artificial intelligence Internships: Find 173 Artificial intelligence Intern Jobs

## YCombinator Jobs — Bengaluru
<https://www.ycombinator.com/jobs/location/bengaluru>

- 🤖 Vahan (S19) • AI recruiter for India's massive blue-collar workforce ( 25 days ago)

## Qualcomm — India
<https://careers.qualcomm.com/careers>

- 🎓 5. Associate Specialist

## Kore.ai — Hyderabad
<https://kore.ai/careers/>

- 🤖 AI Solution Sales Specialist
- 🎓 Associate Director - Global Partner Marketing – Hyperscaler
- 🤖 Lead AI Customer Engineer — Fanatic Customer Support
- 💻 Software Engineer/Senior Software Engineer - Technical Support

## Optiver — Mumbai
<https://www.optiver.com/working-at-optiver/career-opportunities/>

- 🎓 Recruitment Intern (Working Student)

## AMD India — Bengaluru
<https://careers.amd.com/careers-home>

- 🤖 FPGA Engineer: Physical AI & Robotics

## Micron India — Hyderabad
<https://careers.micron.com/careers>

- 🎓 Intern

## Internshala Gurgaon — Gurugram
<https://internshala.com/internships/internship-in-gurgaon/>

- 🎓 Internships in Gurgaon: Top 3329 Paid Internship in Gurgaon

## Pine Labs — Noida
<https://www.pinelabs.com/careers>

- 🎓 Management Trainee Program
- 🎓 Our flagship summer internship program for students from premier B-schools.
- 🎓 Sales Trainee Program

## Nutanix — Bengaluru
<https://www.nutanix.com/careers>

- 🎓 Associate, Corporate Strategy

## Internshala (Data Science) — India
<https://internshala.com/internships/data-science-internship/>

- 🎓 🤖 Data Science Internships: Find 344 Data Science Intern Jobs

## Internshala (Frontend) — India
<https://internshala.com/internships/front-end-development-internship/>

- 🎓 💻 Associate Frontend Developer (Framer Only)
- 🎓 💻 Front End Development Internship in Bengaluru
- 🎓 💻 Front End Development Internship in Coimbatore
- 🎓 💻 Front End Development Internship in Delhi
- 🎓 💻 Front End Development Internship in Gurgaon
- 🎓 💻 Front End Development Internship in Hyderabad
- 🎓 💻 Front End Development Internship in Kolkata
- 🎓 💻 Front End Development Internships: Find 88 Front End Development Intern Jobs
- 🤖 💻 Frontend Developer & Artificial Intelligence
- 💻 Full Stack Developer
- 🎓 Junior PHP Developer
- 🎓 💻 Latest Front End Development Intern Jobs
- 🎓 💻 Q. How can I apply for a front end development internship on Internshala?
- 🎓 💻 You can apply for a front end development internship or front end development intern job using the following steps-

## YC Work at a Startup — Remote
<https://www.workatastartup.com/jobs>

- 🎓 Intern
- 🎓 Software Engineering Intern

## AICTE Internship Portal — India
<https://internship.aicte-india.org/>

- 🎓 1 Crore Internship By 2027 | 79,57,193+ Internships | 82306 Companies

## HealthKart — Gurugram
<https://www.healthkart.com/careers>

- 💻 Senior Java Software Engineer

## Airwallex — Singapore
<https://www.airwallex.com/careers>

- 💻 Senior Backend Engineer, Liquidity Platform Engineering APAC, Singapore
- 💻 Senior Backend Engineer, Liquidity Platform Engineering Engineering • Singapore APAC , Singapore Singapore
- 🤖 💻 Staff Software Engineer, AI Tooling Engineering Engineering • Sydney APAC , Sydney Sydney

## Entropik — Bengaluru
<https://www.entropik.io/careers>

- 🤖 AI Engineer 25 days ago Chennai 2-3 years Full Time
- 🤖 Senior AI Engineer 29 days ago Chennai 4-6 years Full Time
- 💻 Senior Backend Engineer 12 days ago Chennai , Chennai 3-6 years Full Time
- 💻 Senior Software Engineer - Backend + DevOps 15 days ago Chennai 3-6 years Full Time

## E2M Solutions — Ahmedabad
<https://www.e2msolutions.com/careers/>

- 🤖 AI Adoption Specialist - SEO 117 days ago Ahmedabad 4 Years Full Time
- 🤖 AI Adoption Specialist 318 days ago Ahmedabad 3+ Years Full Time
- 🤖 AI Engineer 74 days ago Ahmedabad 2 -3 Years Full Time
- 🎓 🤖 Associate AI Engineer 78 days ago Ahmedabad 1 - 2 Years Full Time
- 🎓 Associate Client Account Manager - SEO 326 days ago Ahmedabad 1 - 3 Years Full Time
- 🎓 Associate Client Account Manager 50 days ago Ahmedabad 1- 2 Years Full Time
- 🎓 🤖 💻 Associate Full Stack AI Engineer 75 days ago Ahmedabad 1 - 2 Full Time
- 💻 Full Stack Developer 46 days ago Ahmedabad 3 -5 Years Full Time
- 🎓 🤖 Junior AI Automation Engineer 39 days ago Ahmedabad 1+ Years Full Time
- 🤖 QA Manager – AI Automation 229 days ago Ahmedabad 7 years Full Time
- 💻 Senior Frontend Wordpress Developer (US Shift) 346 days ago Ahmedabad 7+ Full Time
- 🤖 Technical Lead - AI 116 days ago Ahmedabad 5-8 Years Full Time

## Upstox — Mumbai
<https://upstox.com/careers/>

- 🎓 Associate Director - Program Manager
- 💻 SDE II - Android
- 💻 SDE III- Android
- 💻 SDE III/IV IOS

## Nutanix India — Bengaluru
<https://www.nutanix.com/company/careers>

- 🎓 Associate, Corporate Strategy

## Indus Net Technologies — Kolkata
<https://www.indusnet.co.in/careers/>

- 🤖 How to lead AI transformation

# 🔔 New career-page entries — 2026-07-18T07:49:33

## GIFT City (aggregator) — Gandhinagar
<https://giftgujarat.in/company-job-openings>

- Chief Manager - AIF
- Deputy Manager - Manager

## Accenture — Bengaluru
<https://www.accenture.com/in-en/careers/jobsearch?fl=Bengaluru>

- 🎓 Associate Director - Performance Marketing
- 🤖 Enterprise AI Value Strategy Manager
- 💻 Full Stack Engineering Senior Manager
- 🤖 IMU - AI & Data Manager
- 🎓 Inside Sales Associate Director
- 🎓 Strategy Innovation Associate Director

## Accenture — Hyderabad
<https://www.accenture.com/in-en/careers/jobsearch?fl=Hyderabad>

- 🎓 Associate Director - Performance Marketing
- 🤖 Enterprise AI Value Strategy Manager
- 💻 Full Stack Engineering Senior Manager
- 🤖 IMU - AI & Data Manager
- 🎓 Inside Sales Associate Director
- 🎓 Strategy Innovation Associate Director

## Accenture — Pune
<https://www.accenture.com/in-en/careers/jobsearch?fl=Pune>

- 🎓 Associate Director - Performance Marketing
- 🤖 Enterprise AI Value Strategy Manager
- 💻 Full Stack Engineering Senior Manager
- 🤖 IMU - AI & Data Manager
- 🎓 Inside Sales Associate Director
- 🎓 Strategy Innovation Associate Director

## Accenture — Gurugram
<https://www.accenture.com/in-en/careers/jobsearch?fl=Gurugram>

- 🎓 Associate Director - Performance Marketing
- 🤖 Enterprise AI Value Strategy Manager
- 💻 Full Stack Engineering Senior Manager
- 🤖 IMU - AI & Data Manager
- 🎓 Inside Sales Associate Director
- 🎓 Strategy Innovation Associate Director

## Capgemini — India
<https://www.capgemini.com/in-en/careers/join-capgemini/job-search/>

- 💻 Software Engineer Bangalore Software Engineering Permanent Experienced Professionals

## Zenskar — Bengaluru
<https://www.zenskar.com/careers>

- Account Executive-Mid Market(US)
- 🎓 Content Marketing Intern
- Customer Success & Solutions Manager
- 🎓 Customer Success Intern
- Engineering Manager
- Enterprise Account Executive (US)
- 🎓 Field Marketing & Events Intern
- Finance Executive
- Forward Deployed Engineer
- 🎓 Intern @ Zenskar
- Product Manager
- Product Security Engineer
- 🎓 Revenue Operations Intern
- 🤖 Senior GenAI Engineer
- Senior Solutions Engineer
- Senior Solutions Engineer (US)
- Solutions Consultant
- 💻 Staff Engineer - Backend
- Talent Lead
- 💻 Tech Lead - Backend
- We're hiring across every function. Here's where we're building right now.
- or apply via our careers page here:

## Peoplebox — Bengaluru
<https://www.peoplebox.ai/careers>

- 🎓 Associate Product Manager (APM) 73 days ago BANGALORE Full Time
- Content Marketing Manager 348 days ago BANGALORE 4-6 Full Time
- SEO Lead 232 days ago BANGALORE 4-6 Full Time
- 💻 Senior Backend Engineer 344 days ago BANGALORE 5-9 Full Time
- Talent Acquisition Lead 122 days ago BANGALORE 5+ Full Time

## Internshala (ML) — India
<https://internshala.com/internships/machine-learning-internship/>

- 🤖 AI Tools Testing Specialist
- 🎓 🤖 Machine Learning Internships: Find 149 Machine Learning Intern Jobs

## Internshala (AI) — India
<https://internshala.com/internships/artificial-intelligence-internship/>

- 🤖 AI Tools Testing Specialist
- 🎓 🤖 Artificial intelligence Internships: Find 174 Artificial intelligence Intern Jobs

## YCombinator Jobs — Bengaluru
<https://www.ycombinator.com/jobs/location/bengaluru>

- 🤖 Vahan (S19) • AI recruiter for India's massive blue-collar workforce ( 12 days ago)

## Qualcomm — India
<https://careers.qualcomm.com/careers>

- 🎓 Security Specialist, Associate San Diego, California, United States of America Security Posted a month ago

## Internshala Chennai — Chennai
<https://internshala.com/internships/internship-in-chennai/>

- 🎓 Trainee Site Engineers – Electrical

## Internshala Gurgaon — Gurugram
<https://internshala.com/internships/internship-in-gurgaon/>

- 🎓 Internships in Gurgaon: Top 3336 Paid Internship in Gurgaon

## MyCareersFuture (SDE) — Singapore
<https://www.mycareersfuture.gov.sg/search?search=software+engineer&sortBy=new_posting_date>

- 🎓 If you are a fresh graduate looking for a traineeship opportunity
- 🎓 Junior Executive

## Zetwerk — Bengaluru
<https://www.zetwerk.com/careers/>

- 🎓 Associate Manager - Quality

## Internshala (Data Science) — India
<https://internshala.com/internships/data-science-internship/>

- 🤖 AI Tools Testing Specialist
- 🎓 🤖 Data Science Internships: Find 345 Data Science Intern Jobs

## Internshala (Web Dev) — India
<https://internshala.com/internships/web-development-internship/>

- 🎓 Web Development Internships: 306+ Web Development Intern Jobs

## Internshala (Python) — India
<https://internshala.com/internships/python-internship/>

- 🎓 Python Internships: Find 252 Python Intern Jobs

## Internshala (Full Stack) — India
<https://internshala.com/internships/full-stack-development-internship/>

- 🎓 💻 Full Stack Development Internships: 90+ Full Stack Development Intern Jobs

## Internshala (Backend) — India
<https://internshala.com/internships/back-end-development-internship/>

- 🎓 💻 Backend Development Internships: Find 116 Backend Development Intern Jobs

## Internshala (App Dev) — India
<https://internshala.com/internships/mobile-app-development-internship/>

- 🎓 Job offer post internship
- 🎓 Mobile App Development Internships: Find 66 Mobile App Development Intern Jobs

## YC Work at a Startup — Remote
<https://www.workatastartup.com/jobs>

- 🤖 Applied AI Engineer
- 💻 Senior Software Engineer, Email Team

## AICTE Internship Portal — India
<https://internship.aicte-india.org/>

- 🎓 1 Crore Internship By 2027 | 79,57,193+ Internships | 82307 Companies

## Airwallex — Singapore
<https://www.airwallex.com/careers>

- 🤖 Engineering Manager, AI Tooling Engineering Engineering • Melbourne APAC , Melbourne Melbourne
- 🤖 💻 Senior Software Engineer, AI Tooling Engineering Americas, San Francisco
- 🎓 Staff Product Manager (0-1 Billing) Product Product • Singapore APAC , Singapore Singapore

## Webs Optimization — Ahmedabad
<https://www.websoptimization.com/career>

- 💻 (as a developer, software engineer, or similar technical role)
- 💻 Frontend Developer
- 💻 Full Stack Java Developer (Angular + Spring)
- 💻 Job Description – Frontend Developer (Angular & React)
- 💻 Job Opportunity | Sr. Full Stack Java Developer | Ahmedabad (Work from Office)
- 💻 Job Opportunity || Frontend Developer | 2 - 3 Years | Ahmedabad (Work from Office)
- 💻 Mernstack Full Stack Developer
- 💻 Sr. Full Stack Java Developer
- 💻 Sr. Full Stack Java Developer (Angular + Spring)
- 💻 Work closely with Designers, Backend Developers, QA, and Project Managers

## Upstox — Mumbai
<https://upstox.com/careers/>

- 🎓 Associate Manager - Taxation
- 🎓 Associate Manager – Financial Reporting
- 🎓 Associate-Research & Insight
- 🎓 Join our Finance and Accounts team as a Associate Manager - Taxation. Location: Sunshine Tower, Mumbai, Maharashtra, India (UPSL.BOM.OO1).
- 💻 SDE III (Backend)
- 🎓 Senior Manager / Associate Director - Branding

## Systango Technologies — Indore
<https://www.systango.com/careers>

- 🤖 Enterprise Sales Manager — Digital Engineering & AI
- 🤖 GenAI Engineer (S03)
- 🤖 Senior AI Engineer (S04)

## Indus Net Technologies — Kolkata
<https://www.indusnet.co.in/careers/>

- 🎓 Associate Vice President Sales Strategy Bancassurance, Bajaj Allianz Life Insurance Company
- 🤖 I Love Technology Podcast | Episode 5 | How to lead AI transformation

# 🔔 New career-page entries — 2026-07-18T13:15:01

## Accenture — Bengaluru
<https://www.accenture.com/in-en/careers/jobsearch?fl=Bengaluru>

- 💻 Custom Software Engineer
- 🎓 Custom Software Engineering Associate Manager
- 🎓 Customer Contact Comms Associate-Messaging
- 🎓 Customer Contact Communications Associate
- 🎓 Data Eng, Mgmt & Governance Associate Manager
- 💻 Full Stack Engineer

## Accenture — Hyderabad
<https://www.accenture.com/in-en/careers/jobsearch?fl=Hyderabad>

- 💻 Custom Software Engineer
- 🎓 Custom Software Engineering Associate Manager
- 🎓 Customer Contact Comms Associate-Messaging
- 🎓 Customer Contact Communications Associate
- 🎓 Data Eng, Mgmt & Governance Associate Manager
- 💻 Full Stack Engineer

## Accenture — Pune
<https://www.accenture.com/in-en/careers/jobsearch?fl=Pune>

- 💻 Custom Software Engineer
- 🎓 Custom Software Engineering Associate Manager
- 🎓 Customer Contact Comms Associate-Messaging
- 🎓 Customer Contact Communications Associate
- 🎓 Data Eng, Mgmt & Governance Associate Manager
- 💻 Full Stack Engineer

## Accenture — Gurugram
<https://www.accenture.com/in-en/careers/jobsearch?fl=Gurugram>

- 💻 Custom Software Engineer
- 🎓 Custom Software Engineering Associate Manager
- 🎓 Customer Contact Comms Associate-Messaging
- 🎓 Customer Contact Communications Associate
- 🎓 Data Eng, Mgmt & Governance Associate Manager
- 💻 Full Stack Engineer

## IBM — India
<https://www.ibm.com/in-en/careers/search>

- 🎓 🤖 Cloud Duales Studium 2027 Bachelor@IBM: Wirtschaftsinformatik - Data Science (f,m,x) Internship Ehningen, DE
- 🎓 Consulting Business Transformation Consultant-Banking Internship Islamabad, PK
- 🤖 Data & Analytics Data Scientist - AI - Managing Consultant Professional London, GB
- 🎓 Enterprise Operations Process Associate Order Management - Health Care (Voice) Professional Gurgaon, IN
- 🎓 Infrastructure & Technology Package Specialist 2026- Workday HCM & Compensation Entry Level Multiple Cities
- 🎓 Internship (92)
- 🎓 Sales Brand Technical Specialist Entry Level Esch-sur-Alzette, LU
- 🎓 Sales Entry level Technical Sales Specialist Data - IBM Denmark (incl. Assignment in Valencia) Entry Level COPENHAGEN, DK
- 💻 Software Engineering Application Developer-Cloud FullStack Professional Bangalore, IN
- 🎓 Software Engineering IBM Consulting Interns Internship QUEZON CITY, PH
- 💻 Software Engineering Senior SAP Integration Software Engineer Professional Multiple Cities

## Keka HR — Hyderabad
<https://www.keka.com/careers>

- Hiring & Onboarding
- Hiring & Onboarding Create a great candidate experience before and after joining
- Hiring Software
- We are hiring !

## Internshala (ML) — India
<https://internshala.com/internships/machine-learning-internship/>

- 🎓 🤖 Machine Learning Internships: Find 150 Machine Learning Intern Jobs

## Internshala (AI) — India
<https://internshala.com/internships/artificial-intelligence-internship/>

- 🎓 🤖 Artificial intelligence Internships: Find 176 Artificial intelligence Intern Jobs

## Qualcomm — India
<https://careers.qualcomm.com/careers>

- 💻 2. Senior Software Engineer
- 💻 3. Lead Software Engineer
- 💻 4. Principal Software Engineer
- 💻 5. Software Engineer
- 🤖 Staff Product Manager - Data Center AI Software San Diego, California, United States of America Product Management Posted 2 days ago

## Atlassian — Bengaluru
<https://www.atlassian.com/company/careers/all-jobs>

- 🎓 Account Associate, LATAM (Portuguese Speaking)
- 🎓 Associate Customer Success Manager
- 🎓 Associate Solution Engineer, Mid Market (West)
- 🤖 Principal Machine Learning Engineer
- 🤖 Principal Machine Learning Systems Engineer
- 🤖 Senior Account Executive , AI & Digital Natives (Bay Area)
- 🤖 Senior Account Executive , AI and Digital Native (NYC)
- 🤖 Senior Design Manager, Jira AI
- 🤖 Senior Machine Learning Manager
- 🤖 Senior Machine Learning System Engineer
- 🤖 Senior Machine Learning Systems Engineering Manager - AI & ML Platform
- 🤖 Senior Manager, AI & Digital Natives
- 🤖 Senior Solution Consultant, Teamwork Foundations + AI
- 🤖 Senior Systems Engineer — AI Code Metrics Daemon
- 💻 Software Engineer
- 🤖 Solution Sales Executive, Enterprise Work Management & AI

## Tabby — Dubai
<https://tabby.ai/careers>

- 🎓 🤖 AI Intern KSA
- 🎓 AML Associate KSA
- 💻 Backend Engineer II KSA
- 🎓 Compliance Associate Egypt
- 🎓 DBA Intern KSA
- 🎓 DevOps Intern KSA
- 🎓 FinOps Associate KSA
- 🎓 Information Security Intern KSA
- 🎓 💻 Intern Backend (Go) Engineer KSA
- 🎓 Intern QA Engineer KSA
- 💻 Senior Backend Engineer II Remote
- 🎓 Senior Enterprise Risk Associate Egypt
- 🎓 Senior Tax Associate KSA

## Internshala Gurgaon — Gurugram
<https://internshala.com/internships/internship-in-gurgaon/>

- 🎓 Internships in Gurgaon: Top 3378 Paid Internship in Gurgaon

## Wingify — Pune
<https://wingify.com/careers/>

- 🎓 Intern - Website Development
- 💻 Senior Software Engineer - Backend & Search
- 💻 Senior Software Engineer - Client Services
- 💻 Software Engineer - QA (Client Services team)
- 💻 Software Engineer – Backend (Commerce)
- 💻 Software Engineer – Full Stack

## Yulu — Bengaluru
<https://www.yulu.bike/careers/>

- 🎓 Associate Director

## Internshala (Data Science) — India
<https://internshala.com/internships/data-science-internship/>

- 🎓 🤖 Data Science Internships: Find 344 Data Science Intern Jobs

## Internshala (Web Dev) — India
<https://internshala.com/internships/web-development-internship/>

- 🎓 Web Development Internships: 308+ Web Development Intern Jobs

## Internshala (Python) — India
<https://internshala.com/internships/python-internship/>

- 🎓 Python Internships: Find 255 Python Intern Jobs

## Internshala (Full Stack) — India
<https://internshala.com/internships/full-stack-development-internship/>

- 🎓 💻 Full Stack Development Internships: 91+ Full Stack Development Intern Jobs

## Internshala (Frontend) — India
<https://internshala.com/internships/front-end-development-internship/>

- 🎓 💻 Front End Development Internships: Find 89 Front End Development Intern Jobs

## Internshala (Backend) — India
<https://internshala.com/internships/back-end-development-internship/>

- 🎓 💻 Backend Development Internships: Find 115 Backend Development Intern Jobs

## Internshala (App Dev) — India
<https://internshala.com/internships/mobile-app-development-internship/>

- 🎓 Mobile App Development Internships: Find 64 Mobile App Development Intern Jobs

## YC Work at a Startup — Remote
<https://www.workatastartup.com/jobs>

- 💻 Backend Engineer
- 💻 Senior Software Engineer, Journeys Team (Fullstack)

## AICTE Internship Portal — India
<https://internship.aicte-india.org/>

- 🎓 1 Crore Internship By 2027 | 79,57,193+ Internships | 82312 Companies

## Airwallex — Singapore
<https://www.airwallex.com/careers>

- 🤖 Account Executive, Startups (AI Solutions) Startups Startups • Seoul APAC , Seoul Seoul
- 🎓 Senior Associate, Revenue Strategy & Enablement, EMEA Operations Management London
- 💻 Senior Software Engineer (iOS), Financial Platform Engineering Engineering • Singapore APAC , Singapore Singapore
- 💻 Software Engineer, GTPN Platform Engineering Engineering • Singapore APAC , Singapore Singapore

## Nevina Infotech — Ahmedabad
<https://nevinainfotech.com/career>

- 💻 Hire Web Developer

## Nevina Infotech — Ahmedabad
<https://www.nevinainfotech.com/careers>

- 🎓 Fresher
- 💻 Hire Web Developer
- 🤖 Job Title: Content Marketing & Link Building Specialist (AI-Driven SEO Expert)
- 🤖 SEO - Content Marketing & Link Building Specialist (AI-Driven SEO Expert)

## Alian Software — Ahmedabad
<https://www.aliansoftware.com/careers/>

- 🤖 AI product designer
- 💻 Full-stack engineer
- 🤖 Senior AI / ML engineer

## SolGuruz — Ahmedabad
<https://solguruz.com/careers/>

- 🎓 Business Development Intern (WFO - Ahmedabad) Ahmedabad 0 - 1 years experience 1 positions

## Spiral Mantra — India
<https://spiralmantra.com/careers/>

- 🤖 Hire AI Engineer
- 💻 Hire Backend Developer
- 💻 Hire Frontend Developer
- 🤖 Hire ML Engineer
- 🤖 Spiral Mantra excels in IT services, offering app development, DevOps, and data engineering with scalable, secure, and AI-driven solutions.

## Mastercard Pune — Pune
<https://careers.mastercard.com/us/en>

- 💻 Lead Software Engineer
- 💻 Senior Software Engineer
- 💻 Software Engineer II

## SRM Tech — Chennai
<https://www.srmtech.com/careers/>

- 💻 Programmer Analyst

# 🔔 New career-page entries — 2026-07-18T19:03:44

## Capgemini — India
<https://www.capgemini.com/in-en/careers/join-capgemini/job-search/>

- 💻 Senior Software Engineer Bangalore Software Engineering Permanent Experienced Professionals

## IBM — India
<https://www.ibm.com/in-en/careers/career-opportunities>

- 🎓 2026 Intern Conversion : Hardware Engineer

## Peoplebox — Bengaluru
<https://www.peoplebox.ai/careers>

- 🎓 Associate Product Manager (APM) 73 days ago BANGALORE Full Time
- Content Marketing Manager 348 days ago BANGALORE 4-6 Full Time
- SEO Lead 232 days ago BANGALORE 4-6 Full Time
- 💻 Senior Backend Engineer 344 days ago BANGALORE 5-9 Full Time
- Talent Acquisition Lead 122 days ago BANGALORE 5+ Full Time

## Cars24 — Gurugram
<https://www.cars24.com/careers/>

- Brand manager
- Product Manager
- Senior Graphic Designer
- Senior UI/UX Designer

## Internshala (ML) — India
<https://internshala.com/internships/machine-learning-internship/>

- 🎓 🤖 Machine Learning Internships: Find 148 Machine Learning Intern Jobs

## Internshala (SDE) — India
<https://internshala.com/internships/software-development-internship/>

- 🎓 💻 Software Development Internships: 202+ Software Development Intern Jobs

## Internshala (AI) — India
<https://internshala.com/internships/artificial-intelligence-internship/>

- 🎓 🤖 Artificial intelligence Internships: Find 170 Artificial intelligence Intern Jobs

## Qualcomm — India
<https://careers.qualcomm.com/careers>

- 💻 Staff Software Engineer - Camera San Diego, California, United States of America Camera Software Engineering Posted 2 days ago

## Internshala Gurgaon — Gurugram
<https://internshala.com/internships/internship-in-gurgaon/>

- 🎓 Internships in Gurgaon: Top 3293 Paid Internship in Gurgaon

## MyCareersFuture (SDE) — Singapore
<https://www.mycareersfuture.gov.sg/search?search=software+engineer&sortBy=new_posting_date>

- 🎓 If you are a fresh graduate looking for a traineeship opportunity
- 🎓 Junior Executive

## Pine Labs — Noida
<https://www.pinelabs.com/careers>

- 🎓 Management Trainee Program
- 🎓 Our flagship summer internship program for students from premier B-schools.
- 🎓 Sales Trainee Program

## Thunes — Singapore
<https://www.thunes.com/careers/>

- 🎓 Enterprise Singapore Graduate Scheme

## Internshala (Data Science) — India
<https://internshala.com/internships/data-science-internship/>

- 🎓 🤖 Data Science Internships: Find 336 Data Science Intern Jobs
- 🤖 💻 Full-Stack AI Developer

## Internshala (Web Dev) — India
<https://internshala.com/internships/web-development-internship/>

- 🤖 💻 Full-Stack AI Developer
- 🎓 Web Development Internships: 297+ Web Development Intern Jobs

## Internshala (Python) — India
<https://internshala.com/internships/python-internship/>

- 🤖 💻 Full-Stack AI Developer
- 🎓 Python Internships: Find 253 Python Intern Jobs

## Internshala (Full Stack) — India
<https://internshala.com/internships/full-stack-development-internship/>

- 🎓 💻 Full Stack Development Internships: 92+ Full Stack Development Intern Jobs
- 🤖 💻 Full-Stack AI Developer

## Internshala (Frontend) — India
<https://internshala.com/internships/front-end-development-internship/>

- 🎓 💻 Front End Development Internships: Find 86 Front End Development Intern Jobs

## Internshala (Backend) — India
<https://internshala.com/internships/back-end-development-internship/>

- 🎓 💻 Backend Development Internships: Find 111 Backend Development Intern Jobs
- 🤖 💻 Full-Stack AI Developer

## Internshala (App Dev) — India
<https://internshala.com/internships/mobile-app-development-internship/>

- 🤖 💻 Full-Stack AI Developer
- 🎓 Mobile App Development Internships: Find 62 Mobile App Development Intern Jobs

## YC Work at a Startup — Remote
<https://www.workatastartup.com/jobs>

- 💻 Founding Software Engineer

## AICTE Internship Portal — India
<https://internship.aicte-india.org/>

- 🎓 1 Crore Internship By 2027 | 79,57,193+ Internships | 82313 Companies

## Rupeek — Bengaluru
<https://rupeek.com/careers>

- 🎓 Senior Manager/ Associate Director - Talent Acquisition (Volume Hiring) Location: Bengaluru, Karnataka, India 5 days ago

## Airwallex — Singapore
<https://www.airwallex.com/careers>

- 🎓 Associate Director, Obligations Management Regulatory & Compliance Regulatory & Compliance • New York Americas , New York New York
- 🤖 Senior Data Scientist, Anaytics (Risk & Compliance) Product Singapore

## Softweb Solutions — Ahmedabad
<https://www.softwebsolutions.com/careers.html>

- 🎓 Intern

## Webs Optimization — Ahmedabad
<https://www.websoptimization.com/career>

- 💻 (as a developer, software engineer, or similar technical role)
- 💻 Frontend Developer
- 💻 Full Stack Java Developer (Angular + Spring)
- 💻 Job Description – Frontend Developer (Angular & React)
- 💻 Job Opportunity | Sr. Full Stack Java Developer | Ahmedabad (Work from Office)
- 💻 Job Opportunity || Frontend Developer | 2 - 3 Years | Ahmedabad (Work from Office)
- 💻 Mernstack Full Stack Developer
- 💻 Sr. Full Stack Java Developer
- 💻 Sr. Full Stack Java Developer (Angular + Spring)
- 💻 Work closely with Designers, Backend Developers, QA, and Project Managers

## Moon Technolabs — Ahmedabad
<https://www.moontechnolabs.com/career-with-us/>

- 🎓 Experience: Fresher
- 💻 Full Stack Developer
- 🎓 Trainee Business Development Executive
- 🎓 Trainee Product Sales Executive
- 🎓 Trainee Video Creator

## Upstox — Mumbai
<https://upstox.com/careers/>

- 🎓 Associate Director - Program Manager
- 💻 SDE II - Android
- 💻 SDE III- Android
- 💻 SDE III/IV IOS

# 🔔 New career-page entries — 2026-07-19T02:42:39

## Capgemini — India
<https://www.capgemini.com/in-en/careers/join-capgemini/job-search/>

- 🤖 GCP Data Engineer Noida, Pune, Salem, Tiruchirapalli, Tiruchirappalli + 13 Data & AI Permanent Experienced Professionals

## YCombinator Jobs — Bengaluru
<https://www.ycombinator.com/jobs/location/bengaluru>

- 🤖 Vahan (S19) • AI recruiter for India's massive blue-collar workforce ( 26 days ago)

## Qualcomm — India
<https://careers.qualcomm.com/careers>

- 💻 Camera Software Engineer, up to Staff Taipei, Taipei City, Taiwan Software Engineering Posted 2 days ago

## Internshala Gurgaon — Gurugram
<https://internshala.com/internships/internship-in-gurgaon/>

- 🎓 Internships in Gurgaon: Top 3296 Paid Internship in Gurgaon

## Zluri — Hyderabad
<https://www.zluri.com/careers>

- 💻 Senior Software Engineer (Backend) Bangalore 3-5 years Full Time
- 💻 Software Development Engineer in Test (SDET 2) 3-6 years Full Time

## Wingify — Pune
<https://wingify.com/careers/>

- 🎓 Intern - Website Development
- 💻 Senior Software Engineer - Backend & Search
- 💻 Senior Software Engineer - Client Services
- 💻 Software Engineer - QA (Client Services team)
- 💻 Software Engineer – Backend (Commerce)
- 💻 Software Engineer – Full Stack

## Techwave — Hyderabad
<https://techwave.wd108.myworkdayjobs.com/TechWave_Careers>

- 🤖 AI Architect
- 🎓 Finance Intern
- 🎓 Junior FI Consultant
- 🎓 Junior Public Cloud Consultant
- 🤖 Service Delivery Manager – AI/ML and Data
- 🎓 Techwave Junior SAP Consultant Program

## Internshala (Data Science) — India
<https://internshala.com/internships/data-science-internship/>

- 🎓 🤖 Data Science Internships: Find 337 Data Science Intern Jobs

## YC Work at a Startup — Remote
<https://www.workatastartup.com/jobs>

- 💻 Senior Software Engineer

## AICTE Internship Portal — India
<https://internship.aicte-india.org/>

- 🎓 1 Crore Internship By 2027 | 79,57,193+ Internships | 82314 Companies

## Airwallex — Singapore
<https://www.airwallex.com/careers>

- 🎓 Associate Director, FCC Models & Product Risk Regulatory & Compliance Amsterdam, EMEA
- 🎓 Associate Director, Strategy & Operations – CEO Office Operations Management Operations Management • London EMEA , London London
- 🎓 Senior Associate, Revenue Strategy & Enablement, EMEA Operations Management Amsterdam
- 💻 Senior Software Engineer (Frontend), GTPN Platform Engineering Engineering • Singapore APAC , Singapore Singapore
- 💻 Senior Software Engineer, Frontend, Onboarding Engineering APAC, Singapore
- 💻 Software Engineer II (Android), Financial Platform Engineering Engineering • Singapore APAC , Singapore Singapore
- 🤖 Staff Product Manager, AI Enablement Product Product • San Francisco Americas , San Francisco San Francisco

## Entropik — Bengaluru
<https://www.entropik.io/careers>

- 🤖 AI Engineer 26 days ago Chennai 2-3 years Full Time
- 🤖 Senior AI Engineer 30 days ago Chennai 4-6 years Full Time
- 💻 Senior Backend Engineer 13 days ago Chennai , Chennai 3-6 years Full Time
- 💻 Senior Software Engineer - Backend + DevOps 16 days ago Chennai 3-6 years Full Time

## E2M Solutions — Ahmedabad
<https://www.e2msolutions.com/careers/>

- 🤖 AI Adoption Specialist - SEO 118 days ago Ahmedabad 4 Years Full Time
- 🤖 AI Adoption Specialist 319 days ago Ahmedabad 3+ Years Full Time
- 🤖 AI Engineer 75 days ago Ahmedabad 2 -3 Years Full Time
- 🎓 🤖 Associate AI Engineer 79 days ago Ahmedabad 1 - 2 Years Full Time
- 🎓 Associate Client Account Manager - SEO 327 days ago Ahmedabad 1 - 3 Years Full Time
- 🎓 Associate Client Account Manager 51 days ago Ahmedabad 1- 2 Years Full Time
- 🎓 🤖 💻 Associate Full Stack AI Engineer 76 days ago Ahmedabad 1 - 2 Full Time
- 💻 Full Stack Developer 47 days ago Ahmedabad 3 -5 Years Full Time
- 🎓 🤖 Junior AI Automation Engineer 40 days ago Ahmedabad 1+ Years Full Time
- 🤖 QA Manager – AI Automation 230 days ago Ahmedabad 7 years Full Time
- 💻 Senior Frontend Wordpress Developer (US Shift) 347 days ago Ahmedabad 7+ Full Time
- 🤖 Technical Lead - AI 117 days ago Ahmedabad 5-8 Years Full Time

## Upstox — Mumbai
<https://upstox.com/careers/>

- 🎓 Associate Manager - Taxation
- 🎓 Associate Manager – Financial Reporting
- 🎓 Associate-Research & Insight
- 🎓 Join our Finance and Accounts team as a Associate Manager - Taxation. Location: Sunshine Tower, Mumbai, Maharashtra, India (UPSL.BOM.OO1).
- 💻 SDE III (Backend)
- 🎓 Senior Manager / Associate Director - Branding

## SolGuruz — Ahmedabad
<https://solguruz.com/careers/>

- 🎓 Business Development Intern (WFO - Ahmedabad) Ahmedabad 0 - 1 years experience 1 positions

## Systango Technologies — Indore
<https://www.systango.com/careers>

- 🤖 Enterprise Sales Manager — Digital Engineering & AI
- 🤖 GenAI Engineer (S03)
- 🤖 Senior AI Engineer (S04)

## Indus Net Technologies — Kolkata
<https://www.indusnet.co.in/careers/>

- 🎓 Associate Vice President Sales Strategy Bancassurance, Bajaj Allianz Life Insurance Company
- 🤖 I Love Technology Podcast | Episode 5 | How to lead AI transformation

# 🔔 New career-page entries — 2026-07-19T08:18:10

## Keka HR — Hyderabad
<https://www.keka.com/careers>

- Hiring & Onboarding
- Hiring & Onboarding Create a great candidate experience before and after joining
- Hiring Software
- We are hiring !

## Peoplebox — Bengaluru
<https://www.peoplebox.ai/careers>

- 🎓 Associate Product Manager (APM) 74 days ago BANGALORE Full Time
- Content Marketing Manager 349 days ago BANGALORE 4-6 Full Time
- SEO Lead 233 days ago BANGALORE 4-6 Full Time
- 💻 Senior Backend Engineer 345 days ago BANGALORE 5-9 Full Time
- Talent Acquisition Lead 123 days ago BANGALORE 5+ Full Time

## Internshala (ML) — India
<https://internshala.com/internships/machine-learning-internship/>

- 🎓 🤖 Machine Learning Internships: Find 145 Machine Learning Intern Jobs

## Internshala (AI) — India
<https://internshala.com/internships/artificial-intelligence-internship/>

- 🎓 🤖 Artificial intelligence Internships: Find 168 Artificial intelligence Intern Jobs

## YCombinator Jobs — Bengaluru
<https://www.ycombinator.com/jobs/location/bengaluru>

- 🤖 Vahan (S19) • AI recruiter for India's massive blue-collar workforce ( 13 days ago)

## Kore.ai — Hyderabad
<https://kore.ai/careers/>

- 🤖 AI Solution Sales Specialist
- 🤖 Lead AI Customer Engineer — Fanatic Customer Support

## Tabby — Dubai
<https://tabby.ai/careers>

- 🎓 🤖 AI Intern KSA
- 🎓 AML Associate KSA
- 💻 Backend Engineer II KSA
- 🎓 Compliance Associate Egypt
- 🎓 DBA Intern KSA
- 🎓 DevOps Intern KSA
- 🎓 FinOps Associate KSA
- 🎓 Information Security Intern KSA
- 🎓 💻 Intern Backend (Go) Engineer KSA
- 🎓 Intern QA Engineer KSA
- 💻 Senior Backend Engineer II Remote
- 🎓 Senior Enterprise Risk Associate Egypt
- 🎓 Senior Tax Associate KSA

## Internshala Pune — Pune
<https://internshala.com/internships/internship-in-pune/>

- 🎓 Content Marketing Associate

## Internshala Gurgaon — Gurugram
<https://internshala.com/internships/internship-in-gurgaon/>

- 🎓 Internships in Gurgaon: Top 3293 Paid Internship in Gurgaon

## Tekion — Bengaluru
<https://tekion.com/careers>

- 💻 Architect, Software Engineering - Frontend - Integration

## Internshala (Data Science) — India
<https://internshala.com/internships/data-science-internship/>

- 🎓 🤖 Data Science Internships: Find 335 Data Science Intern Jobs
- 🎓 Graphic Design Intern

## Internshala (Web Dev) — India
<https://internshala.com/internships/web-development-internship/>

- 🎓 Web Development Internships: 301+ Web Development Intern Jobs

## Internshala (Full Stack) — India
<https://internshala.com/internships/full-stack-development-internship/>

- 🎓 💻 Full Stack Development Internships: 94+ Full Stack Development Intern Jobs

## Internshala (Frontend) — India
<https://internshala.com/internships/front-end-development-internship/>

- 🎓 💻 Front End Development Internships: Find 87 Front End Development Intern Jobs

## Internshala (Backend) — India
<https://internshala.com/internships/back-end-development-internship/>

- 🎓 💻 Backend Development Internships: Find 113 Backend Development Intern Jobs

## Internshala (Hyderabad) — Hyderabad
<https://internshala.com/internships/internship-in-hyderabad/>

- 🎓 Trainee Site Engineers – Electrical

## YC Work at a Startup — Remote
<https://www.workatastartup.com/jobs>

- 🎓 Electrical Engineering Intern
- 💻 Founding Software Engineer
- 💻 Staff Software Engineer, SMS Team (Fullstack)

## AICTE Internship Portal — India
<https://internship.aicte-india.org/>

- 🎓 1 Crore Internship By 2027 | 79,57,193+ Internships | 82317 Companies

## Airwallex — Singapore
<https://www.airwallex.com/careers>

- 🎓 Senior Associate, Revenue Strategy & Enablement, EMEA Operations Management EMEA, London
- 🤖 Senior Data Scientist, GTM Engineering Engineering • San Francisco Americas , San Francisco San Francisco
- 💻 Software Engineer, Spend Engineering APAC, Melbourne
- 💻 Staff Software Engineer, Onboarding Team Engineering Engineering • Singapore APAC , Singapore Singapore

## Digicorp — Ahmedabad
<https://www.digi-corp.com/careers>

- 💻 Software Developer
- 💻 Sr. Software Developer

## Nevina Infotech — Ahmedabad
<https://nevinainfotech.com/career>

- 💻 Hire Web Developer

## NectarBits — Ahmedabad
<https://nectarbits.com/career>

- 💻 Cost to Hire Full Stack Developer

## Bitcot — Ahmedabad
<https://www.bitcot.com/careers/>

- 💻 Hire Full Stack Developer
- 🎓 Junior NodeJS Developer
- 🎓 Junior PHP Developer
- 🎓 Junior ReactJS Developer
- 🎓 Junior WordPress Developer
- 💻 Senior Web Developer

## Teksun — Gandhinagar
<https://teksun.com/careers/>

- 🎓 Intern

## Nevina Infotech — Ahmedabad
<https://www.nevinainfotech.com/careers>

- 🎓 Fresher
- 💻 Hire Web Developer
- 🤖 Job Title: Content Marketing & Link Building Specialist (AI-Driven SEO Expert)
- 🤖 SEO - Content Marketing & Link Building Specialist (AI-Driven SEO Expert)

## Alian Software — Ahmedabad
<https://www.aliansoftware.com/careers/>

- 🤖 AI product designer
- 💻 Full-stack engineer
- 🤖 Senior AI / ML engineer

## Bitsclan IT Solutions — India
<https://www.bitsclan.com/careers/>

- 💻 Full Stack & DevOps Engineers

## SRM Tech — Chennai
<https://www.srmtech.com/careers/>

- 💻 Programmer Analyst

## Agicent Technologies — Noida
<https://www.agicent.com/careers>

- 💻 Backend Developer
- 💻 Full Stack Developer

# 🔔 New career-page entries — 2026-07-19T13:17:41

## Accenture — Bengaluru
<https://www.accenture.com/in-en/careers/jobsearch?fl=Bengaluru>

- 🎓 Associate Director - Performance Marketing
- 🤖 Enterprise AI Value Strategy Manager
- 💻 Full Stack Engineering Senior Manager
- 🤖 IMU - AI & Data Manager
- 🎓 Inside Sales Associate Director
- 🎓 Strategy Innovation Associate Director

## Accenture — Hyderabad
<https://www.accenture.com/in-en/careers/jobsearch?fl=Hyderabad>

- 🎓 Associate Director - Performance Marketing
- 🤖 Enterprise AI Value Strategy Manager
- 💻 Full Stack Engineering Senior Manager
- 🤖 IMU - AI & Data Manager
- 🎓 Inside Sales Associate Director
- 🎓 Strategy Innovation Associate Director

## Accenture — Pune
<https://www.accenture.com/in-en/careers/jobsearch?fl=Pune>

- 🎓 Associate Director - Performance Marketing
- 🤖 Enterprise AI Value Strategy Manager
- 💻 Full Stack Engineering Senior Manager
- 🤖 IMU - AI & Data Manager
- 🎓 Inside Sales Associate Director
- 🎓 Strategy Innovation Associate Director

## Accenture — Gurugram
<https://www.accenture.com/in-en/careers/jobsearch?fl=Gurugram>

- 🎓 Associate Director - Performance Marketing
- 🤖 Enterprise AI Value Strategy Manager
- 💻 Full Stack Engineering Senior Manager
- 🤖 IMU - AI & Data Manager
- 🎓 Inside Sales Associate Director
- 🎓 Strategy Innovation Associate Director

## Capgemini — India
<https://www.capgemini.com/in-en/careers/join-capgemini/job-search/>

- 💻 Dot Net Fullstack Developer Navi Mumbai, Noida, Pune, Salem, Tiruchirapalli + 13 Software Engineering Permanent Experienced Professionals

## IBM — India
<https://www.ibm.com/in-en/careers/career-opportunities>

- 💻 Application Developer-Experience Front End

## Internshala (ML) — India
<https://internshala.com/internships/machine-learning-internship/>

- 🎓 🤖 Machine Learning Internships: Find 146 Machine Learning Intern Jobs

## Internshala (SDE) — India
<https://internshala.com/internships/software-development-internship/>

- 🎓 💻 Software Development Internships: 203+ Software Development Intern Jobs

## Internshala (AI) — India
<https://internshala.com/internships/artificial-intelligence-internship/>

- 🎓 🤖 Artificial intelligence Internships: Find 169 Artificial intelligence Intern Jobs

## Sarvam AI — Bengaluru
<https://www.sarvam.ai/careers>

- 🎓 Product Operations & Analytics Intern Bengaluru Full Time On-Site

## Kore.ai — Hyderabad
<https://kore.ai/careers/>

- 🎓 Associate Director - Global Partner Marketing – Hyperscaler

## Internshala Chennai — Chennai
<https://internshala.com/internships/internship-in-chennai/>

- 🎓 Trainee Site Engineers – Electrical

## Internshala Gurgaon — Gurugram
<https://internshala.com/internships/internship-in-gurgaon/>

- 🎓 Internships in Gurgaon: Top 3302 Paid Internship in Gurgaon

## MyCareersFuture (ML) — Singapore
<https://www.mycareersfuture.gov.sg/search?search=machine+learning&sortBy=new_posting_date>

- 🎓 If you are a fresh graduate looking for a traineeship opportunity
- 🎓 Junior Executive

## Internshala (Data Science) — India
<https://internshala.com/internships/data-science-internship/>

- 🎓 🤖 Data Science Internships: Find 337 Data Science Intern Jobs

## Internshala (Python) — India
<https://internshala.com/internships/python-internship/>

- 🎓 Python Internships: Find 254 Python Intern Jobs

## YC Work at a Startup — Remote
<https://www.workatastartup.com/jobs>

- 💻 Senior Software Engineer, Journeys Team (Fullstack)

## AICTE Internship Portal — India
<https://internship.aicte-india.org/>

- 🎓 1 Crore Internship By 2027 | 79,57,193+ Internships | 82319 Companies

## Airwallex — Singapore
<https://www.airwallex.com/careers>

- 💻 Senior Software Engineer, Scale Engineering London
- 🤖 Staff Product Manager, AI Enablement Product San Francisco
- 💻 Staff Software Engineer, Scale Engineering Engineering • London EMEA , London London

## Moon Technolabs — Ahmedabad
<https://www.moontechnolabs.com/career-with-us/>

- 🎓 Experience: Fresher
- 💻 Full Stack Developer
- 🎓 Trainee Business Development Executive
- 🎓 Trainee Product Sales Executive
- 🎓 Trainee Video Creator

## Systango Technologies — Indore
<https://www.systango.com/careers>

- 🤖 Enterprise Sales Manager — Digital Engineering & AI
- 🤖 GenAI Engineer (S03)
- 🤖 Senior AI Engineer (S04)

## Affine — Bengaluru
<https://www.affine.ai/careers>

- 🤖 Data Science Hybrid Consultant- Data Scientist with GenAI Bengaluru 5-8 years Full Time CON01479 View Job
- 🤖 Data Science Hybrid Data Scientist with GenAI Bengaluru 3-6 years Full Time SEN01478 View Job
- 💻 Engineering Remote Java Backend Engineer Bengaluru 3-4 years Full Time CON01498 View Job

# 🔔 New career-page entries — 2026-07-19T19:06:01

## GIFT City (aggregator) — Gandhinagar
<https://giftgujarat.in/company-job-openings>

- Chief Manager - AIF
- Deputy Manager - Manager

## Zenskar — Bengaluru
<https://www.zenskar.com/careers>

- Account Executive-Mid Market(US)
- 🎓 Content Marketing Intern
- Customer Success & Solutions Manager
- 🎓 Customer Success Intern
- Engineering Manager
- Enterprise Account Executive (US)
- 🎓 Field Marketing & Events Intern
- Finance Executive
- Forward Deployed Engineer
- 🎓 Intern @ Zenskar
- Product Manager
- Product Security Engineer
- 🎓 Revenue Operations Intern
- 🤖 Senior GenAI Engineer
- Senior Solutions Engineer
- Senior Solutions Engineer (US)
- Solutions Consultant
- 💻 Staff Engineer - Backend
- Talent Lead
- 💻 Tech Lead - Backend
- We're hiring across every function. Here's where we're building right now.
- or apply via our careers page here:

## Cars24 — Gurugram
<https://www.cars24.com/careers/>

- Brand manager
- Product Manager
- Senior Graphic Designer
- Senior UI/UX Designer

## Internshala (ML) — India
<https://internshala.com/internships/machine-learning-internship/>

- 🤖 AI Engineer
- 🎓 🤖 Machine Learning Internships: Find 144 Machine Learning Intern Jobs

## Internshala (SDE) — India
<https://internshala.com/internships/software-development-internship/>

- 🎓 💻 Software Development Internships: 195+ Software Development Intern Jobs

## Internshala (AI) — India
<https://internshala.com/internships/artificial-intelligence-internship/>

- 🎓 🤖 Artificial intelligence Internships: Find 163 Artificial intelligence Intern Jobs

## Qualcomm — India
<https://careers.qualcomm.com/careers>

- 💻 Camera Software Engineer, up to Staff Taipei, Taipei City, Taiwan Software Engineering Posted 3 days ago

## Kore.ai — Hyderabad
<https://kore.ai/careers/>

- 🤖 Lead AI Customer Engineer — Fanatic Customer Support
- 💻 Software Engineer/Senior Software Engineer - Technical Support

## Internshala Pune — Pune
<https://internshala.com/internships/internship-in-pune/>

- 🤖 AI Engineer

## Internshala Noida — Noida
<https://internshala.com/internships/internship-in-noida/>

- 🎓 International Customer Service: The Coolest Weekend Internship

## Internshala Gurgaon — Gurugram
<https://internshala.com/internships/internship-in-gurgaon/>

- 🎓 Internships in Gurgaon: Top 3215 Paid Internship in Gurgaon

## Cashfree — Bengaluru
<https://www.cashfree.com/careers/>

- 🎓 Associate Director - Banking & Alliance Product
- 💻 Software Development Engineer - 3

## Pine Labs — Noida
<https://www.pinelabs.com/careers>

- 🎓 Management Trainee Program
- 🎓 Our flagship summer internship program for students from premier B-schools.
- 🎓 Sales Trainee Program

## Yulu — Bengaluru
<https://www.yulu.bike/careers/>

- 🎓 Associate Director

## Internshala (Data Science) — India
<https://internshala.com/internships/data-science-internship/>

- 🤖 AI Engineer
- 🎓 🤖 Data Science Internships: Find 326 Data Science Intern Jobs

## Internshala (Web Dev) — India
<https://internshala.com/internships/web-development-internship/>

- 🎓 Web Development Internships: 294+ Web Development Intern Jobs

## Internshala (Python) — India
<https://internshala.com/internships/python-internship/>

- 🤖 AI Engineer
- 🎓 Python Internships: Find 253 Python Intern Jobs

## Internshala (Full Stack) — India
<https://internshala.com/internships/full-stack-development-internship/>

- 🎓 💻 Full Stack Development Internships: 92+ Full Stack Development Intern Jobs

## Internshala (Frontend) — India
<https://internshala.com/internships/front-end-development-internship/>

- 🎓 💻 Front End Development Internships: Find 85 Front End Development Intern Jobs

## Internshala (Backend) — India
<https://internshala.com/internships/back-end-development-internship/>

- 🎓 💻 Backend Development Internships: Find 110 Backend Development Intern Jobs

## Internshala (App Dev) — India
<https://internshala.com/internships/mobile-app-development-internship/>

- 🎓 Mobile App Development Internships: Find 61 Mobile App Development Intern Jobs

## YC Work at a Startup — Remote
<https://www.workatastartup.com/jobs>

- 🤖 Applied AI Engineer
- 💻 Backend Engineer

## AICTE Internship Portal — India
<https://internship.aicte-india.org/>

- 🎓 1 Crore Internship By 2027 | 79,57,193+ Internships | 82320 Companies

## Rupeek — Bengaluru
<https://rupeek.com/careers>

- 🎓 Senior Manager/ Associate Director - Talent Acquisition (Volume Hiring) Location: Bengaluru, Karnataka, India 6 days ago

## Airwallex — Singapore
<https://www.airwallex.com/careers>

- 💻 Senior Software Engineer, Lending Engineering APAC, Singapore

## Mastercard Pune — Pune
<https://careers.mastercard.com/us/en>

- 💻 Lead Software Engineer
- 💻 Senior Software Engineer
- 💻 Software Engineer II

## C5i — Bengaluru
<https://www.c5i.ai/careers/>

- 🎓 Associate Manager

# 🔔 New career-page entries — 2026-07-20T02:56:26

## IBM — India
<https://www.ibm.com/in-en/careers/search>

- 🎓 🤖 Cloud Duales Studium 2027 Bachelor@IBM: Wirtschaftsinformatik - Data Science (f,m,x) Internship Ehningen, DE
- 🎓 Cloud Master@IBM IBM Cloud Technical Sales Specialist (f/m/x) Internship KOELN, DE
- 🎓 Consulting Business Transformation Consultant-Banking Internship Islamabad, PK
- 🤖 Consulting Technical Consultant-AI Integration Professional Bangalore, IN
- 🎓 Consulting Threat Intelligence Consultant-Threat Analysis Internship ABU DHABI, AE
- 🤖 Data & Analytics Data Scientist - AI - Managing Consultant Professional London, GB
- 💻 Data & Analytics Sr. Software Engineer (TS/SCI) Professional Multiple Cities
- 🎓 Enterprise Operations Process Associate Order Management - Health Care (Voice) Professional Gurgaon, IN
- 🎓 Infrastructure & Technology Package Specialist 2026- Workday HCM & Compensation Entry Level Multiple Cities
- 🎓 Internship (92)
- 💻 Software Engineering Application Developer-Cloud FullStack Professional Bangalore, IN
- 🎓 Software Engineering IBM Consulting Interns Internship QUEZON CITY, PH
- 💻 Software Engineering Senior SAP Integration Software Engineer Professional Multiple Cities

## Cognizant — India
<https://careers.cognizant.com/global-en/jobs/>

- 🤖 Gen AI Engineer

## Cognizant — India
<https://careers.cognizant.com/india-en/jobs/>

- 🤖 Gen AI Engineer

## Peoplebox — Bengaluru
<https://www.peoplebox.ai/careers>

- 🎓 Associate Product Manager (APM) 75 days ago BANGALORE Full Time
- Content Marketing Manager 350 days ago BANGALORE 4-6 Full Time
- SEO Lead 234 days ago BANGALORE 4-6 Full Time
- 💻 Senior Backend Engineer 346 days ago BANGALORE 5-9 Full Time
- Talent Acquisition Lead 124 days ago BANGALORE 5+ Full Time

## Internshala (ML) — India
<https://internshala.com/internships/machine-learning-internship/>

- 🎓 🤖 Machine Learning Internships: Find 145 Machine Learning Intern Jobs

## Internshala (AI) — India
<https://internshala.com/internships/artificial-intelligence-internship/>

- 🎓 🤖 Artificial intelligence Internships: Find 164 Artificial intelligence Intern Jobs

## YCombinator Jobs — Bengaluru
<https://www.ycombinator.com/jobs/location/bengaluru>

- 🤖 Vahan (S19) • AI recruiter for India's massive blue-collar workforce ( 27 days ago)

## Amazon India — India
<https://www.amazon.jobs/en/search?base_query=intern&loc_query=India>

- 🎓 Financial Analyst Intern, Accounting
- 🎓 Pursuing CA, cleared IPCC preferably in the first attempt Available to intern with us for 11-12 months.

## Atlassian — Bengaluru
<https://www.atlassian.com/company/careers/all-jobs>

- 🎓 Account Associate, LATAM (Portuguese Speaking)
- 🎓 Associate Customer Success Manager
- 🎓 Associate Solution Engineer, Mid Market (West)
- 🤖 Principal Machine Learning Engineer
- 🤖 Principal Machine Learning Systems Engineer
- 🤖 Senior Account Executive , AI & Digital Natives (Bay Area)
- 🤖 Senior Account Executive , AI and Digital Native (NYC)
- 🤖 Senior Design Manager, Jira AI
- 🤖 Senior Machine Learning Manager
- 🤖 Senior Machine Learning System Engineer
- 🤖 Senior Machine Learning Systems Engineering Manager - AI & ML Platform
- 🤖 Senior Manager, AI & Digital Natives
- 🤖 Senior Solution Consultant, Teamwork Foundations + AI
- 🤖 Senior Systems Engineer — AI Code Metrics Daemon
- 💻 Software Engineer
- 🤖 Solution Sales Executive, Enterprise Work Management & AI

## Postman — Bengaluru
<https://www.postman.com/company/careers/open-positions/>

- 🤖 Applied AI Scientist, Small Language Model and AI Training
- 💻 Backend and System Engineer, Flows
- 🤖 Engineering Manager, Postman AI
- 🤖 Member of Technical Staff, AI Agent Development Lead
- 🤖 Member of Technical Staff, AI Reliability & Monitoring Engineering Lead
- 💻 Senior Backend Engineer, Cloud Platform
- 💻 Senior Frontend Engineer, Observability
- 💻 Senior Fullstack Engineer - Codegen
- 💻 Senior Fullstack Engineer, Observability
- 💻 Senior Fullstack Software Engineer - (Customer Journey)
- 💻 Senior Software Engineer - Fern
- 💻 Senior Software Engineer, Marketing Engineering
- 💻 Senior Software Engineer, Monetization
- 💻 Staff Software Engineer - Fern
- 💻 Staff Software Engineer, Business Platform
- 💻 Staff Software Engineer- Codegen

## Internshala Gurgaon — Gurugram
<https://internshala.com/internships/internship-in-gurgaon/>

- 🎓 Internships in Gurgaon: Top 3218 Paid Internship in Gurgaon

## Internshala (Data Science) — India
<https://internshala.com/internships/data-science-internship/>

- 🎓 🤖 Data Science Internships: Find 328 Data Science Intern Jobs

## Internshala (Web Dev) — India
<https://internshala.com/internships/web-development-internship/>

- 🎓 Web Development Internships: 292+ Web Development Intern Jobs

## Internshala (Python) — India
<https://internshala.com/internships/python-internship/>

- 🎓 Python Internships: Find 254 Python Intern Jobs

## Internshala (Full Stack) — India
<https://internshala.com/internships/full-stack-development-internship/>

- 🎓 💻 Full Stack Development Internships: 91+ Full Stack Development Intern Jobs

## Internshala (Bangalore) — Bengaluru
<https://internshala.com/internships/internship-in-bangalore/>

- 🎓 Academic Sales Associate

## YC Work at a Startup — Remote
<https://www.workatastartup.com/jobs>

- 💻 Founding Software Engineer

## Entropik — Bengaluru
<https://www.entropik.io/careers>

- 🤖 AI Engineer 27 days ago Chennai 2-3 years Full Time
- 🤖 Senior AI Engineer 31 days ago Chennai 4-6 years Full Time
- 💻 Senior Backend Engineer 14 days ago Chennai , Chennai 3-6 years Full Time
- 💻 Senior Software Engineer - Backend + DevOps 17 days ago Chennai 3-6 years Full Time

## E2M Solutions — Ahmedabad
<https://www.e2msolutions.com/careers/>

- 🤖 AI Adoption Specialist - SEO 119 days ago Ahmedabad 4 Years Full Time
- 🤖 AI Adoption Specialist 320 days ago Ahmedabad 3+ Years Full Time
- 🤖 AI Engineer 76 days ago Ahmedabad 2 -3 Years Full Time
- 🎓 🤖 Associate AI Engineer 80 days ago Ahmedabad 1 - 2 Years Full Time
- 🎓 Associate Client Account Manager - SEO 328 days ago Ahmedabad 1 - 3 Years Full Time
- 🎓 Associate Client Account Manager 52 days ago Ahmedabad 1- 2 Years Full Time
- 🎓 🤖 💻 Associate Full Stack AI Engineer 77 days ago Ahmedabad 1 - 2 Full Time
- 💻 Full Stack Developer 48 days ago Ahmedabad 3 -5 Years Full Time
- 🎓 🤖 Junior AI Automation Engineer 41 days ago Ahmedabad 1+ Years Full Time
- 🤖 QA Manager – AI Automation 231 days ago Ahmedabad 7 years Full Time
- 💻 Senior Frontend Wordpress Developer (US Shift) 348 days ago Ahmedabad 7+ Full Time
- 🤖 Technical Lead - AI 118 days ago Ahmedabad 5-8 Years Full Time

# 🔔 New career-page entries — 2026-07-20T08:58:22

## GIFT City (aggregator) — Gandhinagar
<https://giftgujarat.in/company-job-openings>

- Chief Manager - AIF
- Deputy Manager - Manager

## DRC Systems — Gandhinagar
<https://careers.drcsystems.com/>

- A fair hiring process and career advancement for all.
- 🎓 Any Graduate
- 🎓 Associate
- 🎓 Associate – Java
- 🎓 Associate – Open edX Developer
- Business Development Executive
- Business Development Executive – US Shift
- Cloud and DevOps
- Manager – SEO & Digital Growth
- Project Manager
- QA Engineering and Testing
- Solution Architect
- Sr. Executive – Sales
- Tech Lead

## IBM — India
<https://www.ibm.com/in-en/careers/career-opportunities>

- 🎓 Entry Level Technical Sales Specialist
- 🎓 💻 Intern Conversion: Software Developer

## Swiggy — Bengaluru
<https://careers.swiggy.com/>

- Executive Video Editor

## Internshala (ML) — India
<https://internshala.com/internships/machine-learning-internship/>

- 🎓 🤖 Machine Learning Internships: Find 148 Machine Learning Intern Jobs

## Internshala (SDE) — India
<https://internshala.com/internships/software-development-internship/>

- 🎓 Implementer Trainee
- 🎓 💻 Software Development Internships: 201+ Software Development Intern Jobs

## Internshala (AI) — India
<https://internshala.com/internships/artificial-intelligence-internship/>

- 🎓 🤖 Artificial intelligence Internships: Find 166 Artificial intelligence Intern Jobs

## YCombinator Jobs — Bengaluru
<https://www.ycombinator.com/jobs/location/bengaluru>

- 🤖 Vahan (S19) • AI recruiter for India's massive blue-collar workforce ( 14 days ago)

## Qualcomm — India
<https://careers.qualcomm.com/careers>

- 🎓 2. Associate Engineer

## Talabat — Dubai
<https://careers.talabat.com/>

- 🎓 Associate Sales Performance - Emirati

## Internshala Gurgaon — Gurugram
<https://internshala.com/internships/internship-in-gurgaon/>

- 🎓 Internships in Gurgaon: Top 3295 Paid Internship in Gurgaon

## Grab — Singapore
<https://grab.careers/>

- 🎓 Associate, GrabMart & GrabExpress Strategy
- 🤖 Senior Data Scientist (Analytics)

## Pine Labs — Noida
<https://www.pinelabs.com/careers>

- 🎓 Management Trainee Program
- 🎓 Our flagship summer internship program for students from premier B-schools.
- 🎓 Sales Trainee Program

## Internshala (Data Science) — India
<https://internshala.com/internships/data-science-internship/>

- 🤖 AI Cinematic Prompt Engineer
- 🎓 🤖 Data Science Internships: Find 334 Data Science Intern Jobs
- 🎓 Process Associate

## Internshala (Web Dev) — India
<https://internshala.com/internships/web-development-internship/>

- 🎓 Web Development Internships: 303+ Web Development Intern Jobs

## Internshala (Python) — India
<https://internshala.com/internships/python-internship/>

- 🎓 Python Internships: Find 259 Python Intern Jobs

## Internshala (Full Stack) — India
<https://internshala.com/internships/full-stack-development-internship/>

- 🎓 💻 Full Stack Development Internships: 97+ Full Stack Development Intern Jobs

## Internshala (Frontend) — India
<https://internshala.com/internships/front-end-development-internship/>

- 🎓 💻 Front End Development Internships: Find 88 Front End Development Intern Jobs

## Internshala (Backend) — India
<https://internshala.com/internships/back-end-development-internship/>

- 🎓 💻 Backend Development Internships: Find 113 Backend Development Intern Jobs

## Internshala (App Dev) — India
<https://internshala.com/internships/mobile-app-development-internship/>

- 🎓 Mobile App Development Internships: Find 65 Mobile App Development Intern Jobs

## Internshala (Bangalore) — Bengaluru
<https://internshala.com/internships/internship-in-bangalore/>

- 🎓 Growth And Marketing Intern
- 🎓 Process Associate

## YC Work at a Startup — Remote
<https://www.workatastartup.com/jobs>

- 💻 Staff Software Engineer, SMS Team (Fullstack)

## AICTE Internship Portal — India
<https://internship.aicte-india.org/>

- 🎓 1 Crore Internship By 2027 | 79,57,193+ Internships | 82322 Companies

## Airwallex — Singapore
<https://www.airwallex.com/careers>

- 💻 Software Engineer, Yield Engineering APAC, Sydney
- 💻 Staff Software Engineer, Tech Platform Engineering APAC, Singapore

## Bytes Technolab — Ahmedabad
<https://www.bytestechnolab.com/culture-career/>

- 🎓 Junior DevOps Engineer

## Alian Software — Ahmedabad
<https://www.aliansoftware.com/careers/>

- 🤖 AI product designer
- 💻 Full-stack engineer
- 🤖 Senior AI / ML engineer

## Systango Technologies — Indore
<https://www.systango.com/careers>

- 🤖 Enterprise Sales Manager — Digital Engineering & AI
- 🤖 GenAI Engineer (S03)
- 🤖 Senior AI Engineer (S04)

# 🔔 New career-page entries — 2026-07-20T14:05:38

## Accenture — Bengaluru
<https://www.accenture.com/in-en/careers/jobsearch?fl=Bengaluru>

- 💻 Custom Software Engineer
- 🎓 Packaged Application Development Associate Manager
- 🎓 Quality Auditing Associate

## Accenture — Hyderabad
<https://www.accenture.com/in-en/careers/jobsearch?fl=Hyderabad>

- 💻 Custom Software Engineer
- 🎓 Packaged Application Development Associate Manager
- 🎓 Quality Auditing Associate

## Accenture — Pune
<https://www.accenture.com/in-en/careers/jobsearch?fl=Pune>

- 💻 Custom Software Engineer
- 🎓 Packaged Application Development Associate Manager
- 🎓 Quality Auditing Associate

## Accenture — Gurugram
<https://www.accenture.com/in-en/careers/jobsearch?fl=Gurugram>

- 💻 Custom Software Engineer
- 🎓 Packaged Application Development Associate Manager
- 🎓 Quality Auditing Associate

## Capgemini — India
<https://www.capgemini.com/in-en/careers/join-capgemini/job-search/>

- 🎓 Associate Record to Analyze Process Expert Noida Finance Permanent Experienced Professionals
- 🤖 Lead Data Engineer Pune Data & AI Permanent Experienced Professionals
- 💻 Senior Software Engineer Bangalore Software Engineering Permanent Executives

## IBM — India
<https://www.ibm.com/in-en/careers/career-opportunities>

- 🎓 Entry level Technical Sales Specialist Storage IBM Finland (incl. Assignment in Valencia)

## Internshala (ML) — India
<https://internshala.com/internships/machine-learning-internship/>

- 🎓 🤖 Machine Learning Internships: Find 149 Machine Learning Intern Jobs

## Internshala (SDE) — India
<https://internshala.com/internships/software-development-internship/>

- 🎓 💻 Software Development Internships: 213+ Software Development Intern Jobs

## Internshala (AI) — India
<https://internshala.com/internships/artificial-intelligence-internship/>

- 🎓 🤖 Artificial intelligence Internships: Find 167 Artificial intelligence Intern Jobs

## Qualcomm — India
<https://careers.qualcomm.com/careers>

- 💻 2. Software Engineer
- 💻 3. Senior Software Engineer
- 🤖 💻 R&D – Voice AI Software Engineer – Windows Platform Shenzhen, Guangdong, China Software Engineering Posted 14 hours ago

## Wadhwani AI — India
<https://www.wadhwaniai.org/careers/>

- 🎓 Communications Associate

## AMD India — Bengaluru
<https://careers.amd.com/careers-home>

- 🤖 Lead AI/ML Validation Engineer
- 🤖 💻 Principal Software Development Engineer – Compiler & ML Acceleration

## Talabat — Dubai
<https://careers.talabat.com/>

- 💻 Senior Software Engineer- Backend
- 💻 Software Engineer II -Backend

## Internshala Pune — Pune
<https://internshala.com/internships/internship-in-pune/>

- 🎓 Field Operations Intern (PG Acquisition)

## Internshala Noida — Noida
<https://internshala.com/internships/internship-in-noida/>

- 🎓 Media Sales Intern

## Internshala Gurgaon — Gurugram
<https://internshala.com/internships/internship-in-gurgaon/>

- 🎓 Internships in Gurgaon: Top 3400 Paid Internship in Gurgaon
- 🎓 Media Sales Intern

## Grab — Singapore
<https://grab.careers/>

- 💻 Senior Software Engineer, Backend

## Sea Group — Singapore
<https://career.sea.com/>

- 🎓 Intern 1 Position

## Tekion — Bengaluru
<https://tekion.com/careers>

- 💻 Architect, Software Engineering - Frontend - Integration

## NICE — Pune
<https://www.nice.com/careers>

- 🤖 pageVisits-_glossary%2Fautomating-qa-with-ai
- 🤖 pageVisits-_info%2Ftop-trends-in-automating-qa-with-ai-what-you-need-to-know
- 🤖 pageVisits-_resources%2F5-executive-priorities-to-scale-agentic-ai-for-enterprise-value
- 🤖 pageVisits-_resources%2Fanalyst-backed-strategies-10-cx-ai-insights-for-executive-decision-makers
- 🤖 pageVisits-_resources%2Ftop-10-ai-first-cx-trends-to-lead-in-2026

## Synechron — Pune
<https://www.synechron.com/careers>

- 🎓 Network Security Engineer | Firewalls, Cloud ... Bengaluru - EC-2 Gateway campus, India JR1040509
- 🎓 PySpark Data Engineer | Big Data & Analytics Bengaluru - EC-2 Gateway campus, India JR1040510
- 🤖 💻 Senior AI Full Stack Engineer Toronto, ON, Canada JR1042092

## Internshala (Data Science) — India
<https://internshala.com/internships/data-science-internship/>

- 🎓 🤖 Data Science Internships: Find 345 Data Science Intern Jobs
- 🎓 Job offer post internship

## Internshala (Web Dev) — India
<https://internshala.com/internships/web-development-internship/>

- 🎓 Job offer post internship
- 🎓 Web Development Internships: 334+ Web Development Intern Jobs

## Internshala (Python) — India
<https://internshala.com/internships/python-internship/>

- 🎓 Job offer post internship
- 🎓 Python Internships: Find 266 Python Intern Jobs

## Internshala (Full Stack) — India
<https://internshala.com/internships/full-stack-development-internship/>

- 🎓 💻 Full Stack Development Internships: 105+ Full Stack Development Intern Jobs

## Internshala (Frontend) — India
<https://internshala.com/internships/front-end-development-internship/>

- 🎓 💻 Front End Development Internships: Find 108 Front End Development Intern Jobs

## Internshala (Backend) — India
<https://internshala.com/internships/back-end-development-internship/>

- 🎓 💻 Backend Development Internships: Find 117 Backend Development Intern Jobs

## Internshala (App Dev) — India
<https://internshala.com/internships/mobile-app-development-internship/>

- 🎓 Mobile App Development Internships: Find 68 Mobile App Development Intern Jobs

## Internshala (Bangalore) — Bengaluru
<https://internshala.com/internships/internship-in-bangalore/>

- 🎓 Marketing Intern
- 🎓 Quality Check Intern

## Internshala (Ahmedabad) — Ahmedabad
<https://internshala.com/internships/internship-in-ahmedabad/>

- 🎓 Social Media & Marketing Executive - Fresher

## YC Work at a Startup — Remote
<https://www.workatastartup.com/jobs>

- 🎓 Intern
- 💻 Senior Software Engineer, Journeys Team (Fullstack)
- 🎓 Software Engineering Intern

## AICTE Internship Portal — India
<https://internship.aicte-india.org/>

- 🎓 1 Crore Internship By 2027 | 79,57,193+ Internships | 82327 Companies

## Airwallex — Singapore
<https://www.airwallex.com/careers>

- 🎓 Senior Associate, Revenue Strategy & Enablement, EMEA Operations Management Operations Management • Berlin Berlin , EMEA Berlin
- 💻 Software Engineer II (iOS), Financial Platform Engineering APAC, Singapore
- 💻 Staff Software Engineer Backend, Billing Engineering Engineering • Singapore APAC , Singapore Singapore
- 🤖 💻 Staff Software Engineer, AI Tooling Engineering APAC, Melbourne

## Glints — Singapore
<https://glints.com/careers>

- 🎓 Leader Surveyor Rp4M - Rp5M Full-Time 1–3 years Minimum Associate Degree Customer Service + 9

## Digicorp — Ahmedabad
<https://www.digi-corp.com/careers>

- 💻 Software Developer
- 💻 Sr. Software Developer

## Moon Technolabs — Ahmedabad
<https://www.moontechnolabs.com/career-with-us/>

- 🤖 AI Hiring Platform

## Chapter247 Infotech — Indore
<https://www.chapter247.com/careers/>

- 🤖 💻 Software Engineer - GenAI/ Agentic AI Indore 2 to 4 Years Full Time

## Spiral Mantra — India
<https://spiralmantra.com/careers/>

- 🤖 Hire AI Engineer
- 💻 Hire Backend Developer
- 💻 Hire Frontend Developer
- 🤖 Hire ML Engineer
- 🤖 Spiral Mantra excels in IT services, offering app development, DevOps, and data engineering with scalable, secure, and AI-driven solutions.

## Mastercard Pune — Pune
<https://careers.mastercard.com/us/en>

- 💻 Lead Software Engineer
- 💻 Senior Software Engineer
- 💻 Software Engineer II

# 🔔 New career-page entries — 2026-07-20T19:44:05

## Accenture — Bengaluru
<https://www.accenture.com/in-en/careers/jobsearch?fl=Bengaluru>

- 🎓 Associate Director - Performance Marketing
- 🤖 Enterprise AI Value Strategy Manager
- 💻 Full Stack Engineering Senior Manager
- 🤖 IMU - AI & Data Manager
- 🎓 Inside Sales Associate Director
- 🎓 Strategy Innovation Associate Director

## Accenture — Hyderabad
<https://www.accenture.com/in-en/careers/jobsearch?fl=Hyderabad>

- 🎓 Associate Director - Performance Marketing
- 🤖 Enterprise AI Value Strategy Manager
- 💻 Full Stack Engineering Senior Manager
- 🤖 IMU - AI & Data Manager
- 🎓 Inside Sales Associate Director
- 🎓 Strategy Innovation Associate Director

## Accenture — Pune
<https://www.accenture.com/in-en/careers/jobsearch?fl=Pune>

- 🎓 Associate Director - Performance Marketing
- 🤖 Enterprise AI Value Strategy Manager
- 💻 Full Stack Engineering Senior Manager
- 🤖 IMU - AI & Data Manager
- 🎓 Inside Sales Associate Director
- 🎓 Strategy Innovation Associate Director

## Accenture — Gurugram
<https://www.accenture.com/in-en/careers/jobsearch?fl=Gurugram>

- 🎓 Associate Director - Performance Marketing
- 🤖 Enterprise AI Value Strategy Manager
- 💻 Full Stack Engineering Senior Manager
- 🤖 IMU - AI & Data Manager
- 🎓 Inside Sales Associate Director
- 🎓 Strategy Innovation Associate Director

## Capgemini — India
<https://www.capgemini.com/in-en/careers/join-capgemini/job-search/>

- 🤖 Risk and Finance Data Consultant (JAVA + GEN AI) Hyderabad, Pune Software Engineering Permanent Experienced Professionals

## IBM — India
<https://www.ibm.com/in-en/careers/career-opportunities>

- 🎓 Entry level Technical Sales Specialist Automation IBM Sweden (incl. Assignment in Valencia)

## Cognizant — India
<https://careers.cognizant.com/global-en/jobs/>

- 🤖 Consulting Manager, AUTOMOTIVE sector (AI Platform Engineer)
- 🤖 Generative AI Architect

## Cognizant — India
<https://careers.cognizant.com/india-en/jobs/>

- 🤖 Consulting Manager, AUTOMOTIVE sector (AI Platform Engineer)
- 🤖 Generative AI Architect

## Zenskar — Bengaluru
<https://www.zenskar.com/careers>

- Account Executive-Mid Market(US)
- 🎓 Content Marketing Intern
- Customer Success & Solutions Manager
- 🎓 Customer Success Intern
- Engineering Manager
- Enterprise Account Executive (US)
- 🎓 Field Marketing & Events Intern
- Finance Executive
- Forward Deployed Engineer
- 🎓 Intern @ Zenskar
- Product Manager
- Product Security Engineer
- 🎓 Revenue Operations Intern
- 🤖 Senior GenAI Engineer
- Senior Solutions Engineer (US)
- Senior/Solutions Engineer
- Solutions Consultant
- 💻 Staff Engineer - Backend
- Talent Lead
- 💻 Tech Lead - Backend
- We're hiring across every function. Here's where we're building right now.
- or apply via our careers page here:

## Internshala (ML) — India
<https://internshala.com/internships/machine-learning-internship/>

- 🎓 🤖 Machine Learning Internships: Find 146 Machine Learning Intern Jobs

## Internshala (SDE) — India
<https://internshala.com/internships/software-development-internship/>

- 🎓 💻 Software Development Internships: 212+ Software Development Intern Jobs

## Internshala (AI) — India
<https://internshala.com/internships/artificial-intelligence-internship/>

- 🎓 🤖 Artificial intelligence Internships: Find 163 Artificial intelligence Intern Jobs

## Google — India
<https://www.google.com/about/careers/applications/jobs/results/?location=India&employment_type=INTERN>

- 🎓 Intern & Apprentice

## Microsoft — India
<https://careers.microsoft.com/students/us/en/search-results>

- 🤖 Digital Sales Specialist - AI Business Solutions - AI workforce - Danish speaking
- 🤖 Digital Sales Specialist - AI Business Solutions - AI workforce - English speaking
- 🤖 Digital Sales Specialist - AI Business Solutions - AI workforce - German speaking

## Amazon India — India
<https://www.amazon.jobs/en/search?base_query=intern&loc_query=India>

- 🎓 Solution Architect Intern

## AMD India — Bengaluru
<https://careers.amd.com/careers-home>

- 🤖 AI/HPC Cluster Design Engineer
- 🤖 Senior AI Platform Development & Validation Engineer
- 🤖 Senior Supply Chain AI & Analytics Engineer
- 🤖 System Design Engineer – AI Cluster Storage Architect

## Internshala Noida — Noida
<https://internshala.com/internships/internship-in-noida/>

- 🎓 International Customer Service: The Coolest Weekend Internship

## Internshala Gurgaon — Gurugram
<https://internshala.com/internships/internship-in-gurgaon/>

- 🎓 Internships in Gurgaon: Top 3353 Paid Internship in Gurgaon

## Zluri — Hyderabad
<https://www.zluri.com/careers>

- 💻 Senior Software Engineer (Backend) Bangalore 3-5 years Full Time
- 💻 Software Development Engineer in Test (SDET 2) 3-6 years Full Time

## Wingify — Pune
<https://wingify.com/careers/>

- 🎓 Intern - Website Development
- 💻 Senior Software Engineer - Backend & Search
- 💻 Senior Software Engineer - Client Services
- 💻 Software Engineer - QA (Client Services team)
- 💻 Software Engineer – Backend (Commerce)
- 💻 Software Engineer – Full Stack

## Fresha — Dubai
<https://www.fresha.com/careers>

- 💻 Staff Backend Engineer (London) London, United Kingdom · Engineering

## Yulu — Bengaluru
<https://www.yulu.bike/careers/>

- 🎓 Associate Director

## Synechron — Pune
<https://www.synechron.com/careers>

- 💻 Python Full Stack Developer Toronto, ON, Canada JR1042103
- 💻 Senior Software Engineer - Java Gurugram, India JR1041848

## Internshala (Data Science) — India
<https://internshala.com/internships/data-science-internship/>

- 🎓 🤖 Data Science Internships: Find 338 Data Science Intern Jobs

## Internshala (Web Dev) — India
<https://internshala.com/internships/web-development-internship/>

- 🤖 💻 Full-Stack AI Developer
- 🎓 Web Development Internships: 327+ Web Development Intern Jobs

## Internshala (Python) — India
<https://internshala.com/internships/python-internship/>

- 🤖 💻 Full-Stack AI Developer
- 🎓 Python Internships: Find 258 Python Intern Jobs

## Internshala (Full Stack) — India
<https://internshala.com/internships/full-stack-development-internship/>

- 🎓 💻 Associate Software Engineer
- 🎓 💻 Full Stack Development Internships: 100+ Full Stack Development Intern Jobs

## Internshala (Frontend) — India
<https://internshala.com/internships/front-end-development-internship/>

- 🎓 💻 Front End Development Internships: Find 109 Front End Development Intern Jobs

## Internshala (Backend) — India
<https://internshala.com/internships/back-end-development-internship/>

- 🎓 💻 Backend Development Internships: Find 114 Backend Development Intern Jobs

## Internshala (App Dev) — India
<https://internshala.com/internships/mobile-app-development-internship/>

- 🎓 Mobile App Development Internships: Find 67 Mobile App Development Intern Jobs

## YC Work at a Startup — Remote
<https://www.workatastartup.com/jobs>

- 💻 Founding Software Engineer
- 💻 Senior Software Engineer, Email Team

## AICTE Internship Portal — India
<https://internship.aicte-india.org/>

- 🎓 1 Crore Internship By 2027 | 79,57,193+ Internships | 82330 Companies

## Rupeek — Bengaluru
<https://rupeek.com/careers>

- 🎓 Senior Manager/ Associate Director - Talent Acquisition (Volume Hiring) Location: Bengaluru, Karnataka, India 1 week ago

## Airwallex — Singapore
<https://www.airwallex.com/careers>

- 🤖 Engineering Manager, AI Tooling Engineering Engineering • Sydney APAC , Sydney Sydney
- 🎓 Senior Associate, Revenue Strategy & Enablement, EMEA Operations Management Operations Management • London EMEA , London London
- 🎓 Senior Manager/Associate Director, Strategic Finance Finance and Corporate Development APAC, Singapore
- 💻 Senior Software Engineer, Transaction Risk Engineering Engineering • Singapore APAC , Singapore Singapore
- 💻 Software Engineer, Frontend, Onboarding Engineering Engineering • Singapore APAC , Singapore Singapore
- 💻 Software Engineer, GTPN Platform Engineering Engineering • Singapore APAC , Singapore Singapore
- 🤖 Staff Data Scientist, Algorithm, Financial Markets Engineering Americas, San Francisco
- 💻 Staff Software Engineer, Onboarding Team Engineering Engineering • Singapore APAC , Singapore Singapore

## Moon Technolabs — Ahmedabad
<https://www.moontechnolabs.com/career-with-us/>

- 🎓 Experience: Fresher
- 🤖 Sr. AI/ML Developer
- 🎓 🤖 Trainee - AI/ML Developer
- 🎓 Trainee Accountant
- 🎓 Trainee Angular Developer
- 🎓 Trainee Business Development Executive
- 🎓 Trainee Node.js Developer
- 🎓 Trainee Product Sales executive - International
- 🎓 Trainee QA
- 🎓 Trainee Video Creator

## Apna — Bengaluru
<https://apna.co/careers>

- 💻 Senior Software Engineer / SSE

## Systango Technologies — Indore
<https://www.systango.com/careers>

- 🤖 Enterprise Sales Manager — Digital Engineering & AI
- 🤖 GenAI Engineer (S03)
- 🤖 Senior AI Engineer (S04)

# 🔔 New career-page entries — 2026-07-21T02:40:31

## GIFT City (aggregator) — Gandhinagar
<https://giftgujarat.in/company-job-openings>

- Chief Manager - AIF
- Deputy Manager - Manager

## Accenture — Bengaluru
<https://www.accenture.com/in-en/careers/jobsearch?fl=Bengaluru>

- 💻 Custom Software Engineer
- 🎓 Customer Contact Comms Associate
- 🎓 Customer Contact Communications Associate
- 🎓 Order to Cash Operations Associate
- 🎓 Order to Cash Operations Associate-Voice
- 🎓 Packaged Application Development Associate Manager
- 🤖 S&C GN - TS&T – Digital Foundations - AI Op Model & Governance - Manager
- 🤖 S&C GN - TS&T – Digital Foundations - AI Op Model & Governance - Senior Manager

## Accenture — Hyderabad
<https://www.accenture.com/in-en/careers/jobsearch?fl=Hyderabad>

- 💻 Custom Software Engineer
- 🎓 Customer Contact Comms Associate
- 🎓 Customer Contact Communications Associate
- 🎓 Order to Cash Operations Associate
- 🎓 Order to Cash Operations Associate-Voice
- 🎓 Packaged Application Development Associate Manager
- 🤖 S&C GN - TS&T – Digital Foundations - AI Op Model & Governance - Manager
- 🤖 S&C GN - TS&T – Digital Foundations - AI Op Model & Governance - Senior Manager

## Accenture — Pune
<https://www.accenture.com/in-en/careers/jobsearch?fl=Pune>

- 💻 Custom Software Engineer
- 🎓 Customer Contact Comms Associate
- 🎓 Customer Contact Communications Associate
- 🎓 Order to Cash Operations Associate
- 🎓 Order to Cash Operations Associate-Voice
- 🎓 Packaged Application Development Associate Manager
- 🤖 S&C GN - TS&T – Digital Foundations - AI Op Model & Governance - Manager
- 🤖 S&C GN - TS&T – Digital Foundations - AI Op Model & Governance - Senior Manager

## Accenture — Gurugram
<https://www.accenture.com/in-en/careers/jobsearch?fl=Gurugram>

- 💻 Custom Software Engineer
- 🎓 Customer Contact Comms Associate
- 🎓 Customer Contact Communications Associate
- 🎓 Order to Cash Operations Associate
- 🎓 Order to Cash Operations Associate-Voice
- 🎓 Packaged Application Development Associate Manager
- 🤖 S&C GN - TS&T – Digital Foundations - AI Op Model & Governance - Manager
- 🤖 S&C GN - TS&T – Digital Foundations - AI Op Model & Governance - Senior Manager

## YCombinator Jobs — Bengaluru
<https://www.ycombinator.com/jobs/location/bengaluru>

- 🤖 Vahan (S19) • AI recruiter for India's massive blue-collar workforce ( 28 days ago)

## Amazon India — India
<https://www.amazon.jobs/en/search?base_query=intern&loc_query=India>

- 🎓 Financial Analyst Intern, Accounting
- 🎓 Pursuing CA, cleared IPCC preferably in the first attempt Available to intern with us for 11-12 months.

## Qualcomm — India
<https://careers.qualcomm.com/careers>

- 💻 5. Senior Software Engineer
- 💻 Senior Staff CPU Backend Design Engineer Santa Clara, California, United States of America CPU Engineering Posted a day ago
- 🤖 Staff GPU AI Engineer San Diego, California, United States of America Graphics Software Engineering Posted a day ago

## Atlassian — Bengaluru
<https://www.atlassian.com/company/careers/all-jobs>

- 🎓 Account Associate, LATAM (Portuguese Speaking)
- 🎓 Account Associate, Mid-Market (Renewals)
- 🎓 Associate Customer Success Manager
- 🎓 Associate Solution Engineer, Mid Market (West)
- 🤖 Principal Machine Learning Engineer
- 🤖 Principal Machine Learning Systems Engineer
- 🤖 Senior Account Executive , AI & Digital Natives (Bay Area)
- 🤖 Senior Account Executive , AI and Digital Native (NYC)
- 🤖 Senior Design Manager, Jira AI
- 🤖 Senior Machine Learning Manager
- 🤖 Senior Machine Learning System Engineer
- 🤖 Senior Machine Learning Systems Engineering Manager - AI & ML Platform
- 🤖 Senior Manager, AI & Digital Natives
- 💻 Senior Software Engineer
- 🤖 Senior Solution Consultant, Teamwork Foundations + AI
- 🤖 Senior Systems Engineer — AI Code Metrics Daemon
- 💻 Software Engineer
- 🤖 Solution Sales Executive, Enterprise Work Management & AI

## Kore.ai — Hyderabad
<https://kore.ai/careers/>

- 🤖 AI Solution Sales Specialist
- 🎓 Associate Director - Global Partner Marketing – Hyperscaler
- 🤖 Lead AI Customer Engineer — Fanatic Customer Support
- 💻 Software Engineer/Senior Software Engineer - Technical Support

## Optiver — Mumbai
<https://www.optiver.com/working-at-optiver/career-opportunities/>

- 🎓 Graduate Equity Analyst (2027 Start - Chicago)
- 🎓 Quantitative Trading Internship (Singapore) - 2027
- 🎓 Student and Graduate

## Internshala Gurgaon — Gurugram
<https://internshala.com/internships/internship-in-gurgaon/>

- 🎓 Internships in Gurgaon: Top 3342 Paid Internship in Gurgaon

## Pine Labs — Noida
<https://www.pinelabs.com/careers>

- 🎓 Management Trainee Program
- 🎓 Our flagship summer internship program for students from premier B-schools.
- 🎓 Sales Trainee Program

## Tekion — Bengaluru
<https://tekion.com/careers>

- 💻 Architect, Software Engineering - Frontend - Integration

## GreyOrange — Gurugram
<https://www.greyorange.com/careers/>

- 💻 Role: Software Development Engineer in Test II (SDET II)
- 💻 Software Development Engineer in Test I
- 💻 Software Development Engineer in Test II
- 💻 Software Development Engineer in Test III

## YC Work at a Startup — Remote
<https://www.workatastartup.com/jobs>

- 🤖 Applied AI Engineer
- 💻 Backend Engineer
- 💻 Staff Software Engineer, SMS Team (Fullstack)

## AICTE Internship Portal — India
<https://internship.aicte-india.org/>

- 🎓 1 Crore Internship By 2027 | 79,57,193+ Internships | 82331 Companies

## Airwallex — Singapore
<https://www.airwallex.com/careers>

- 💻 Senior Backend Engineer, Financial Markets Engineering APAC, Melbourne
- 🤖 Staff Product Manager, AI Enablement Product San Francisco
- 🤖 💻 Staff Software Engineer, AI Tooling Engineering APAC, Melbourne
- 💻 Staff Software Engineer, Data Platform Engineering Engineering • Singapore APAC , Singapore Singapore
- 💻 Staff Software Engineer, Lending Engineering Engineering • Singapore APAC , Singapore Singapore
- 💻 Staff Software Engineer, Tech Platform Engineering Engineering • Singapore APAC , Singapore Singapore
- 🤖 Staff/Senior Data Scientist (Risk & Fraud), Algorithm Product Product • Singapore APAC , Singapore Singapore

## Entropik — Bengaluru
<https://www.entropik.io/careers>

- 🤖 Senior AI Engineer 32 days ago Chennai 4-6 years Full Time
- 💻 Senior Backend Engineer 15 days ago Chennai , Chennai 3-6 years Full Time
- 💻 Senior Software Engineer - Backend + DevOps 18 days ago Chennai 3-6 years Full Time

## Moon Technolabs — Ahmedabad
<https://www.moontechnolabs.com/career-with-us/>

- 💻 Full Stack Developer
- 🎓 HR - Fresher

## E2M Solutions — Ahmedabad
<https://www.e2msolutions.com/careers/>

- 🤖 AI Adoption Specialist - SEO 120 days ago Ahmedabad 4 Years Full Time
- 🤖 AI Adoption Specialist 321 days ago Ahmedabad 3+ Years Full Time
- 🤖 AI Engineer 77 days ago Ahmedabad 2 -3 Years Full Time
- 🎓 🤖 Associate AI Engineer 81 days ago Ahmedabad 1 - 2 Years Full Time
- 🎓 Associate Client Account Manager - SEO 329 days ago Ahmedabad 1 - 3 Years Full Time
- 🎓 Associate Client Account Manager 53 days ago Ahmedabad 1- 2 Years Full Time
- 🎓 🤖 💻 Associate Full Stack AI Engineer 78 days ago Ahmedabad 1 - 2 Full Time
- 💻 Full Stack Developer 49 days ago Ahmedabad 3 -5 Years Full Time
- 🎓 🤖 Junior AI Automation Engineer 42 days ago Ahmedabad 1+ Years Full Time
- 🤖 QA Manager – AI Automation 232 days ago Ahmedabad 7 years Full Time
- 💻 Senior Frontend Wordpress Developer (US Shift) 349 days ago Ahmedabad 7+ Full Time
- 🤖 Technical Lead - AI 119 days ago Ahmedabad 5-8 Years Full Time

## Spiral Mantra — India
<https://spiralmantra.com/careers/>

- 🤖 Hire AI Engineer
- 💻 Hire Backend Developer
- 💻 Hire Frontend Developer
- 🤖 Hire ML Engineer
- 🤖 Spiral Mantra excels in IT services, offering app development, DevOps, and data engineering with scalable, secure, and AI-driven solutions.

## C5i — Bengaluru
<https://www.c5i.ai/careers/>

- 🎓 Associate Manager

# 🔔 New career-page entries — 2026-07-21T08:28:40

## Accenture — Bengaluru
<https://www.accenture.com/in-en/careers/jobsearch?fl=Bengaluru>

- 🎓 Business Transformation Associate Director
- 🎓 Business Transformation Associate Manager

## Accenture — Hyderabad
<https://www.accenture.com/in-en/careers/jobsearch?fl=Hyderabad>

- 🎓 Business Transformation Associate Director
- 🎓 Business Transformation Associate Manager

## Accenture — Pune
<https://www.accenture.com/in-en/careers/jobsearch?fl=Pune>

- 🎓 Business Transformation Associate Director
- 🎓 Business Transformation Associate Manager

## Accenture — Gurugram
<https://www.accenture.com/in-en/careers/jobsearch?fl=Gurugram>

- 🎓 Business Transformation Associate Director
- 🎓 Business Transformation Associate Manager

## Capgemini — India
<https://www.capgemini.com/in-en/careers/join-capgemini/job-search/>

- 🤖 GCP Data Engineer Bangalore, Bhubaneswar, Chennai (ex Madras), Coimbatore, Gandhinagar + 13 Data & AI Permanent Experienced Professionals
- 💻 Java Backend Developer Bangalore Products & Systems Engineering Permanent Experienced Professionals
- 💻 Lead Software Engineer Bangalore Software Engineering Permanent Experienced Professionals

## IBM — India
<https://www.ibm.com/in-en/careers/career-opportunities>

- 🎓 Brand Technical Specialist– Entry Level Sales Program 2026

## IBM — India
<https://www.ibm.com/in-en/careers/search>

- 🎓 🤖 Cloud Duales Studium 2027 Bachelor@IBM: Wirtschaftsinformatik - Data Science (f,m,x) Internship Ehningen, DE
- 🎓 Cloud Master@IBM IBM Cloud Technical Sales Specialist (f/m/x) Internship KOELN, DE
- 🎓 Consulting Business Transformation Consultant-Banking Internship Islamabad, PK
- 🤖 Consulting Technical Consultant-AI Integration Professional Bangalore, IN
- 🤖 Data & Analytics Data Scientist - AI - Managing Consultant Professional London, GB
- 💻 Data & Analytics Sr. Software Engineer (TS/SCI) Professional Multiple Cities
- 🎓 Infrastructure & Technology Package Specialist 2026- Workday HCM & Compensation Entry Level Multiple Cities
- 🎓 Internship (90)
- 🎓 Sales Apprenti.e Account Manager – Data & IA & Business Analytics - IBM France - H/F Internship Bois Colombes Cedex, FR
- 🎓 Sales Brand Technical Specialist Entry Level Esch-sur-Alzette, LU
- 🎓 Sales Entry Level Technical Sales Specialist Entry Level Bucharest, RO
- 💻 Software Engineering Application Developer-Cloud FullStack Professional Bangalore, IN
- 🎓 Software Engineering IBM Consulting Interns Internship QUEZON CITY, PH
- 💻 Software Engineering Senior SAP Integration Software Engineer Professional Multiple Cities
- 💻 Software Engineering Senior Software Engineer II, Confluent Secure Compute Professional Multiple Cities

## Cognizant — India
<https://careers.cognizant.com/global-en/jobs/>

- 🎓 Trainee

## Tech Mahindra — India
<https://careers.techmahindra.com/>

- 🎓 Associate Security Consultant

## Cognizant — India
<https://careers.cognizant.com/india-en/jobs/>

- 🎓 Trainee

## Internshala (ML) — India
<https://internshala.com/internships/machine-learning-internship/>

- 🎓 🤖 Machine Learning Internships: Find 149 Machine Learning Intern Jobs
- 🎓 💻 Software Development Intern

## Internshala (SDE) — India
<https://internshala.com/internships/software-development-internship/>

- 🎓 💻 Software Development Internships: 217+ Software Development Intern Jobs
- 🤖 💻 Software Engineer & AI Operations

## Internshala (AI) — India
<https://internshala.com/internships/artificial-intelligence-internship/>

- 🎓 🤖 Artificial intelligence Internships: Find 165 Artificial intelligence Intern Jobs
- 🎓 💻 Software Development Intern

## YCombinator Jobs — Bengaluru
<https://www.ycombinator.com/jobs/location/bengaluru>

- 🤖 Vahan (S19) • AI recruiter for India's massive blue-collar workforce ( 15 days ago)

## NVIDIA — India
<https://nvidia.wd5.myworkdayjobs.com/NVIDIAExternalCareerSite>

- 🤖 Engineering Manager, AI Developer Technology
- 💻 Principal Software Engineer, E2E Performance and Goodput — CSP Engagements
- 💻 Principal Software Engineer, Rack-Scale System Software — CSP Engagements
- 🤖 Senior Developer Technology Engineer - AI
- 💻 Senior Frontend Engineer, NVIDIA Marketplace
- 💻 Senior Software Engineer - GeForce NOW Video Streaming
- 💻 Senior Software Engineer, Fabric Networking - GPU
- 💻 Senior System Software Engineer - Halos Core and Robotics Platform
- 💻 Senior Systems Software Engineer - Fleet Debuggability
- 💻 System Software Engineer - GeForce NOW Low Latency Streaming

## Qualcomm — India
<https://careers.qualcomm.com/careers>

- 💻 2. Senior Software Engineer
- 💻 3. Lead Software Engineer
- 💻 4. Software Engineer
- 💻 5. Principal Software Engineer

## AMD India — Bengaluru
<https://careers.amd.com/careers-home>

- 🤖 Physical AI Engineer (Robotics AD & Optimization)

## Synopsys — Bengaluru
<https://careers.synopsys.com/>

- 🤖 Staff Technical Product Manager – Electronics AI & HPC Simulation

## Tabby — Dubai
<https://tabby.ai/careers>

- 🎓 🤖 AI Intern KSA
- 💻 Backend Engineer II KSA
- 🎓 Compliance Associate Egypt
- 🎓 DBA Intern KSA
- 🎓 DevOps Intern KSA
- 🎓 FinOps Associate KSA
- 🎓 Information Security Intern KSA
- 🎓 💻 Intern Backend (Go) Engineer KSA
- 🎓 Intern QA Engineer KSA
- 💻 Senior Backend Engineer II Remote
- 🎓 Senior Enterprise Risk Associate Egypt
- 🎓 Senior Tax Associate KSA

## Internshala Pune — Pune
<https://internshala.com/internships/internship-in-pune/>

- 🎓 Engineer Intern

## Internshala Noida — Noida
<https://internshala.com/internships/internship-in-noida/>

- 🎓 E-commerce Associate
- 🎓 💻 Software Development Intern

## Internshala Gurgaon — Gurugram
<https://internshala.com/internships/internship-in-gurgaon/>

- 🎓 E-commerce Associate
- 🎓 Internships in Gurgaon: Top 3387 Paid Internship in Gurgaon
- 🎓 💻 Software Development Intern

## MyCareersFuture (SDE) — Singapore
<https://www.mycareersfuture.gov.sg/search?search=software+engineer&sortBy=new_posting_date>

- 🎓 If you are a fresh graduate looking for a traineeship opportunity
- 🎓 Junior Executive

## MyCareersFuture (ML) — Singapore
<https://www.mycareersfuture.gov.sg/search?search=machine+learning&sortBy=new_posting_date>

- 🎓 If you are a fresh graduate looking for a traineeship opportunity
- 🎓 Junior Executive

## Cashfree — Bengaluru
<https://www.cashfree.com/careers/>

- 🎓 Associate Director - Banking & Alliance Product
- 💻 Software Development Engineer - 3

## Fresha — Dubai
<https://www.fresha.com/careers>

- 💻 Staff Backend Engineer (London) London, United Kingdom · Engineering

## NICE — Pune
<https://www.nice.com/careers>

- 🤖 pageVisits-_glossary%2Fautomating-qa-with-ai
- 🤖 pageVisits-_info%2Ftop-trends-in-automating-qa-with-ai-what-you-need-to-know
- 🤖 pageVisits-_resources%2F5-executive-priorities-to-scale-agentic-ai-for-enterprise-value
- 🤖 pageVisits-_resources%2Fanalyst-backed-strategies-10-cx-ai-insights-for-executive-decision-makers
- 🤖 pageVisits-_resources%2Ftop-10-ai-first-cx-trends-to-lead-in-2026

## Synechron — Pune
<https://www.synechron.com/careers>

- 🤖 AI ML Engineer Pune - Hinjewadi (Ascendas), India JR1042180
- 💻 Java FullStack Developer (Angular) Tampa, FL, United States of America JR1042177

## Internshala (Data Science) — India
<https://internshala.com/internships/data-science-internship/>

- 🎓 🤖 Data Science Internships: Find 341 Data Science Intern Jobs
- 🤖 💻 Software Engineer & AI Operations

## Internshala (Web Dev) — India
<https://internshala.com/internships/web-development-internship/>

- 🤖 💻 Software Engineer & AI Operations
- 🎓 Web Development Internships: 335+ Web Development Intern Jobs

## Internshala (Python) — India
<https://internshala.com/internships/python-internship/>

- 🎓 Python Internships: Find 264 Python Intern Jobs

## Internshala (Full Stack) — India
<https://internshala.com/internships/full-stack-development-internship/>

- 🎓 💻 Full Stack Development Internships: 101+ Full Stack Development Intern Jobs
- 🤖 💻 Software Engineer & AI Operations

## Internshala (Backend) — India
<https://internshala.com/internships/back-end-development-internship/>

- 🎓 💻 Backend Development Internships: Find 115 Backend Development Intern Jobs

## Internshala (App Dev) — India
<https://internshala.com/internships/mobile-app-development-internship/>

- 🎓 Mobile App Development Internships: Find 66 Mobile App Development Intern Jobs

## Internshala (Hyderabad) — Hyderabad
<https://internshala.com/internships/internship-in-hyderabad/>

- 🎓 HR Talent Acquisition - Internship

## YC Work at a Startup — Remote
<https://www.workatastartup.com/jobs>

- 🎓 Electrical Engineering Intern
- 🎓 Intern
- 💻 Senior Software Engineer, Email Team
- 🎓 Software Engineering Intern

## Awign — Gurugram
<https://www.awign.com/careers>

- 🎓 Data annotation and labelling for Awign- Associate

## Airwallex — Singapore
<https://www.airwallex.com/careers>

- 💻 Senior Software Engineer Backend, Billing Engineering Singapore
- 💻 Staff Backend Engineer, Issuing Platform Engineering Engineering • Singapore APAC , Singapore Singapore
- 💻 Staff Software Engineer, New Products Engineering London

## Entropik — Bengaluru
<https://www.entropik.io/careers>

- 🎓 💻 Intern - Backend Engineering (Backend + DevOps) 0 day ago Chennai 0-6 months Full Time

## Softweb Solutions — Ahmedabad
<https://www.softwebsolutions.com/careers.html>

- 🎓 Intern

## Bitsclan IT Solutions — India
<https://www.bitsclan.com/careers/>

- 💻 Full Stack & DevOps Engineers

# 🔔 New career-page entries — 2026-07-21T13:50:07

## Accenture — Bengaluru
<https://www.accenture.com/in-en/careers/jobsearch?fl=Bengaluru>

- 🎓 Business Advisory Associate
- 🎓 Business Advisory Associate-Voice
- 🎓 Customer Contact Comms Associate-Voice
- 🎓 Customer Contact Communications Associate
- 🎓 Delivery Operations Associate Manager

## Accenture — Hyderabad
<https://www.accenture.com/in-en/careers/jobsearch?fl=Hyderabad>

- 🎓 Business Advisory Associate
- 🎓 Business Advisory Associate-Voice
- 🎓 Customer Contact Comms Associate-Voice
- 🎓 Customer Contact Communications Associate
- 🎓 Delivery Operations Associate Manager

## Accenture — Pune
<https://www.accenture.com/in-en/careers/jobsearch?fl=Pune>

- 🎓 Business Advisory Associate
- 🎓 Business Advisory Associate-Voice
- 🎓 Customer Contact Comms Associate-Voice
- 🎓 Customer Contact Communications Associate
- 🎓 Delivery Operations Associate Manager

## Accenture — Gurugram
<https://www.accenture.com/in-en/careers/jobsearch?fl=Gurugram>

- 🎓 Business Advisory Associate
- 🎓 Business Advisory Associate-Voice
- 🎓 Customer Contact Comms Associate-Voice
- 🎓 Customer Contact Communications Associate
- 🎓 Delivery Operations Associate Manager

## Capgemini — India
<https://www.capgemini.com/in-en/careers/join-capgemini/job-search/>

- 🤖 Google Cloud AI Security Lead Mumbai (ex Bombay), Hyderabad, Mumbai, Pune, Bangalore + 13 Data & AI Permanent Experienced Professionals
- 💻 Senior Software Engineer Bangalore Software Engineering Permanent Experienced Professionals
- 💻 Software Engineer Bangalore Software Engineering Permanent Experienced Professionals

## TatvaSoft — Ahmedabad
<https://www.tatvasoft.com/career>

- Apply for this job
- Business Development Executive
- Cloud & Devops
- Find the open positions listed below and apply via email on
- 🎓 I am a fresher, can I apply for open positions?
- Java Developer
- Software Testing & QA

## Tech Mahindra — India
<https://careers.techmahindra.com/>

- 💻 Software Engineer

## Keka HR — Hyderabad
<https://www.keka.com/careers>

- Hiring & Onboarding
- Hiring & Onboarding Create a great candidate experience before and after joining
- Hiring Software
- We are hiring !

## Peoplebox — Bengaluru
<https://www.peoplebox.ai/careers>

- 🎓 Associate Product Manager (APM) 76 days ago BANGALORE Full Time
- Content Marketing Manager 351 days ago BANGALORE 4-6 Full Time
- SEO Lead 235 days ago BANGALORE 4-6 Full Time
- 💻 Senior Backend Engineer 347 days ago BANGALORE 5-9 Full Time
- Talent Acquisition Lead 125 days ago BANGALORE 5+ Full Time

## Swiggy — Bengaluru
<https://careers.swiggy.com/>

- Account Manager
- Content Executive
- Manager - CX

## Internshala (ML) — India
<https://internshala.com/internships/machine-learning-internship/>

- 🎓 🤖 Machine Learning Internships: Find 151 Machine Learning Intern Jobs

## Internshala (SDE) — India
<https://internshala.com/internships/software-development-internship/>

- 🎓 💻 Software Development Internships: 218+ Software Development Intern Jobs

## Internshala (AI) — India
<https://internshala.com/internships/artificial-intelligence-internship/>

- 🎓 🤖 Artificial intelligence Internships: Find 166 Artificial intelligence Intern Jobs

## Qualcomm — India
<https://careers.qualcomm.com/careers>

- 💻 5. Lead Software Engineer
- 🤖 Engineer, Staff-AI,Python Dev Testing Hyderabad, Telangāna, India Software Engineering Posted 2 months ago

## Kore.ai — Hyderabad
<https://kore.ai/careers/>

- 🤖 AI Solution Sales Specialist
- 🎓 Associate Director - Global Partner Marketing – Hyperscaler
- 🤖 Lead AI Customer Engineer — Fanatic Customer Support
- 💻 Software Engineer/Senior Software Engineer - Technical Support

## Optiver — Mumbai
<https://www.optiver.com/working-at-optiver/career-opportunities/>

- 🎓 Graduate
- 🎓 Graduate FPGA Engineer (2027 Start - Austin)
- 🎓 Graduate FPGA Engineer (2027 Start - Chicago)

## Internshala Noida — Noida
<https://internshala.com/internships/internship-in-noida/>

- 🎓 Marketing & Sales Intern
- 🎓 Performance Marketing Intern
- 🎓 sales Intern

## Internshala Gurgaon — Gurugram
<https://internshala.com/internships/internship-in-gurgaon/>

- 🎓 Internships in Gurgaon: Top 3425 Paid Internship in Gurgaon
- 🎓 Marketing & Sales Intern
- 🎓 Performance Marketing Intern
- 🎓 sales Intern

## Grab — Singapore
<https://grab.careers/>

- 🎓 GRIT Trainee
- 🎓 GrabFin Process Management and Data Analyst Associate

## Thunes — Singapore
<https://www.thunes.com/careers/>

- 🎓 Enterprise Singapore Graduate Scheme

## MiQ — Hyderabad
<https://www.wearemiq.com/careers/>

- 🎓 Associate Trader

## Synechron — Pune
<https://www.synechron.com/careers>

- 💻 .NET Core Full Stack Developer Mumbai, India JR1040597
- 🤖 AI Engineer | Java & AWS Bedrock, SageMaker &... Pune - Hinjewadi (Ascendas), India JR1038413

## Internshala (Data Science) — India
<https://internshala.com/internships/data-science-internship/>

- 🎓 🤖 Data Science Internships: Find 349 Data Science Intern Jobs

## Internshala (Web Dev) — India
<https://internshala.com/internships/web-development-internship/>

- 🎓 Web Development Internships: 339+ Web Development Intern Jobs

## Internshala (Python) — India
<https://internshala.com/internships/python-internship/>

- 🎓 Python Internships: Find 265 Python Intern Jobs

## Internshala (Frontend) — India
<https://internshala.com/internships/front-end-development-internship/>

- 🎓 💻 Front End Development Internships: Find 113 Front End Development Intern Jobs

## Internshala (Backend) — India
<https://internshala.com/internships/back-end-development-internship/>

- 🎓 💻 Backend Development Internships: Find 117 Backend Development Intern Jobs

## Internshala (Bangalore) — Bengaluru
<https://internshala.com/internships/internship-in-bangalore/>

- 🎓 Sales Intern – Total Waste Management Services

## YC Work at a Startup — Remote
<https://www.workatastartup.com/jobs>

- 💻 Staff Software Engineer, SMS Team (Fullstack)

## AICTE Internship Portal — India
<https://internship.aicte-india.org/>

- 🎓 1 Crore Internship By 2027 | 79,57,193+ Internships | 82338 Companies

## Rupeek — Bengaluru
<https://rupeek.com/careers>

- 💻 Software Development Engineer III Location: Bengaluru, Karnataka, India 37 minutes ago

## Airwallex — Singapore
<https://www.airwallex.com/careers>

- 🎓 Associate Director, Obligations Management Regulatory & Compliance Americas, New York
- 🎓 Associate Director, Revenue Strategy, SME Operations Management Operations Management • New York Americas , New York New York
- 🎓 Senior Associate, Revenue Operations Operations Management Americas, San Francisco
- 💻 Senior Software Engineer, Scale Engineering London
- 🤖 💻 Staff Backend Engineer, Agentic AI Engineering San Francisco

## Nevina Infotech — Ahmedabad
<https://nevinainfotech.com/career>

- 💻 Hire Web Developer

## NectarBits — Ahmedabad
<https://nectarbits.com/career>

- 💻 Cost to Hire Full Stack Developer

## Bitcot — Ahmedabad
<https://www.bitcot.com/careers/>

- 💻 Hire Full Stack Developer
- 🎓 Junior NodeJS Developer
- 🎓 Junior PHP Developer
- 🎓 Junior ReactJS Developer
- 🎓 Junior WordPress Developer
- 💻 Senior Web Developer

## Nevina Infotech — Ahmedabad
<https://www.nevinainfotech.com/careers>

- 🎓 Fresher
- 💻 Hire Web Developer
- 🤖 Job Title: Content Marketing & Link Building Specialist (AI-Driven SEO Expert)
- 🤖 SEO - Content Marketing & Link Building Specialist (AI-Driven SEO Expert)

## Alian Software — Ahmedabad
<https://www.aliansoftware.com/careers/>

- 🤖 AI product designer
- 💻 Full-stack engineer
- 🤖 Senior AI / ML engineer

## Mindpath Technology — Ahmedabad
<https://www.mindpathtech.com/careers/>

- 🎓 Business Development Intern
- 🎓 Employment Type - Internship
- 🎓 💻 Frontend Developer Intern
- 🎓 Python Intern

## BMC Software Pune — Pune
<https://bmcrecruit.avature.net/careers>

- 🎓 Associate Indirect Sales Manager : Arabic speaker - hybrid in Madrid, Spain

## CoRover — Bengaluru
<https://corover.ai/careers/>

- 🤖 03 AI & ML Gen AI Developer/AI ML Engineer Bengaluru, India Full-Time Apply Now
- 💻 04 Engineering Full Stack Developer Bengaluru, India Full-Time Apply Now

## Systango Technologies — Indore
<https://www.systango.com/careers>

- 🤖 Enterprise Sales Manager — Digital Engineering & AI
- 🤖 GenAI Engineer (S03)
- 🤖 Senior AI Engineer (S04)

## SRM Tech — Chennai
<https://www.srmtech.com/careers/>

- 💻 Programmer Analyst

## Agicent Technologies — Noida
<https://www.agicent.com/careers>

- 💻 Backend Developer
- 💻 Full Stack Developer

# 🔔 New career-page entries — 2026-07-21T19:22:06

## Accenture — Bengaluru
<https://www.accenture.com/in-en/careers/jobsearch?fl=Bengaluru>

- 🎓 Measurement & Report Associate Manager
- 🎓 Measurement and Reporting Associate Manager
- 🎓 Order to Cash Operations Associate
- 🎓 Order to Cash Operations New Associate
- 🎓 Packaged Application Development Associate Manager

## Accenture — Hyderabad
<https://www.accenture.com/in-en/careers/jobsearch?fl=Hyderabad>

- 🎓 Measurement & Report Associate Manager
- 🎓 Measurement and Reporting Associate Manager
- 🎓 Order to Cash Operations Associate
- 🎓 Order to Cash Operations New Associate
- 🎓 Packaged Application Development Associate Manager

## Accenture — Pune
<https://www.accenture.com/in-en/careers/jobsearch?fl=Pune>

- 🎓 Measurement & Report Associate Manager
- 🎓 Measurement and Reporting Associate Manager
- 🎓 Order to Cash Operations Associate
- 🎓 Order to Cash Operations New Associate
- 🎓 Packaged Application Development Associate Manager

## Accenture — Gurugram
<https://www.accenture.com/in-en/careers/jobsearch?fl=Gurugram>

- 🎓 Measurement & Report Associate Manager
- 🎓 Measurement and Reporting Associate Manager
- 🎓 Order to Cash Operations Associate
- 🎓 Order to Cash Operations New Associate
- 🎓 Packaged Application Development Associate Manager

## Capgemini — India
<https://www.capgemini.com/in-en/careers/join-capgemini/job-search/>

- 🎓 Associate Business Advisor Kolkata (ex Calcutta) Business Analysis Permanent Experienced Professionals
- 🤖 GCP Data Engineer Noida, Pune, Salem, Tiruchirapalli, Tiruchirappalli + 13 Data & AI Permanent Experienced Professionals

## IBM — India
<https://www.ibm.com/in-en/careers/career-opportunities>

- 🎓 Entry Level Technical Sales Specialist - Bulgaria
- 🎓 Entry Level Technical Sales Specialist - Hungary

## IBM — India
<https://www.ibm.com/in-en/careers/search>

- 🎓 Infrastructure & Technology Associate Technical SAP Package Specialist (September 2026 - Calgary) Entry Level Calgary, CA
- 🎓 Internship (92)
- 🎓 Sales Entry level Technical Sales Specialist Data - IBM Denmark (incl. Assignment in Valencia) Entry Level COPENHAGEN, DK

## Cognizant — India
<https://careers.cognizant.com/global-en/jobs/>

- 💻 .NET Full Stack Architect (AWS) (Remote)
- 💻 Remote Full Stack Solutions Architect

## Tech Mahindra — India
<https://careers.techmahindra.com/>

- 💻 Front-End Engineering Lead – Design Systems
- 💻 Sr. Software Engineer

## Cognizant — India
<https://careers.cognizant.com/india-en/jobs/>

- 💻 .NET Full Stack Architect (AWS) (Remote)
- 💻 Remote Full Stack Solutions Architect

## Internshala (ML) — India
<https://internshala.com/internships/machine-learning-internship/>

- 🎓 🤖 Machine Learning Internships: Find 152 Machine Learning Intern Jobs

## Internshala (SDE) — India
<https://internshala.com/internships/software-development-internship/>

- 🎓 💻 Software Development Internships: 217+ Software Development Intern Jobs

## Internshala (AI) — India
<https://internshala.com/internships/artificial-intelligence-internship/>

- 🤖 AI Tool Developer
- 🎓 🤖 Artificial intelligence Internships: Find 164 Artificial intelligence Intern Jobs

## Amazon India — India
<https://www.amazon.jobs/en/search?base_query=intern&loc_query=India>

- 🎓 Solution Architect Intern

## Qualcomm — India
<https://careers.qualcomm.com/careers>

- 🎓 Associate Engineer - B.Tech 2026 Hyderabad, Telangāna, India Software Engineering Posted 19 hours ago
- 🤖 Computer Vision Software Customer Engineer Shanghai, China Software Applications Engineering Posted 19 hours ago

## Optiver — Mumbai
<https://www.optiver.com/working-at-optiver/career-opportunities/>

- 🎓 FPGA Engineer Intern (Summer 2027 - Austin)

## AMD India — Bengaluru
<https://careers.amd.com/careers-home>

- 🤖 Lead AI Solutions Architect, Supply Chain

## Micron India — Hyderabad
<https://careers.micron.com/careers>

- 💻 Industrial Engineer, US Front-End Expansion Planning Boise, Idaho, United States of America Posted 20 days ago
- 🎓 Intern

## Internshala Gurgaon — Gurugram
<https://internshala.com/internships/internship-in-gurgaon/>

- 🎓 Internships in Gurgaon: Top 3368 Paid Internship in Gurgaon

## ShopBack — Singapore
<https://careers.shopback.com/>

- 🎓 Associate Director II, IT Auditor and Cybersecurity Risk
- 🎓 Commercial Associate Director, Business Development (Enterprise Accounts) Hong Kong, Hong Kong Full-time onsite
- 🎓 Commercial Business Development Executive (Fresh Graduate) Hong Kong, Hong Kong Full-time onsite
- 🎓 Commercial Campaigns Associate Kuala Lumpur, Malaysia Full-time onsite
- 🎓 Commercial Marketing Associate Taipei, Taiwan Full-time onsite
- 💻 Senior Software Engineer II

## Cashfree — Bengaluru
<https://www.cashfree.com/careers/>

- 🎓 Associate Director - Banking & Alliance Product
- 💻 Software Development Engineer - 3

## Tekion — Bengaluru
<https://tekion.com/careers>

- 💻 Architect, Software Engineering - Frontend - Integration

## Internshala (Data Science) — India
<https://internshala.com/internships/data-science-internship/>

- 🎓 🤖 Data Science Internships: Find 346 Data Science Intern Jobs

## Internshala (Web Dev) — India
<https://internshala.com/internships/web-development-internship/>

- 🎓 Web Development Internships: 333+ Web Development Intern Jobs

## Internshala (Python) — India
<https://internshala.com/internships/python-internship/>

- 🎓 Python Internships: Find 263 Python Intern Jobs

## Internshala (Full Stack) — India
<https://internshala.com/internships/full-stack-development-internship/>

- 🎓 💻 Associate Software Engineer
- 💻 Full Stack Developer
- 🎓 💻 Full Stack Development Internships: 98+ Full Stack Development Intern Jobs

## Internshala (Frontend) — India
<https://internshala.com/internships/front-end-development-internship/>

- 🎓 💻 Front End Development Internships: Find 111 Front End Development Intern Jobs

## YC Work at a Startup — Remote
<https://www.workatastartup.com/jobs>

- 🤖 Applied AI Engineer
- 🎓 Electrical Engineering Intern
- 💻 Founding Software Engineer

## AICTE Internship Portal — India
<https://internship.aicte-india.org/>

- 🎓 1 Crore Internship By 2027 | 79,57,193+ Internships | 82339 Companies

## Rupeek — Bengaluru
<https://rupeek.com/careers>

- 💻 Software Development Engineer III Location: Bengaluru, Karnataka, India 4 hours ago

## Airwallex — Singapore
<https://www.airwallex.com/careers>

- 🎓 Client Enablement Associate Operations Management Operations Management • Vilnius EMEA , Vilnius Vilnius
- 🤖 Senior Data Scientist, Analytics (Regulatory Reporting) Product Singapore
- 💻 Senior Frontend Engineer – Growth Engineering Engineering • San Francisco Americas , San Francisco San Francisco

## Moon Technolabs — Ahmedabad
<https://www.moontechnolabs.com/career-with-us/>

- 💻 Full Stack Developer

# 🔔 New career-page entries — 2026-07-22T02:38:04

## GIFT City (aggregator) — Gandhinagar
<https://giftgujarat.in/company-job-openings>

- Chief Manager - AIF
- Deputy Manager - Manager

## Accenture — Bengaluru
<https://www.accenture.com/in-en/careers/jobsearch?fl=Bengaluru>

- 🎓 Associate Director - Performance Marketing
- 🎓 IMU Sales Capture Associate Director
- 🎓 Inside Sales Associate Director
- 🎓 Sales Capture Associate Director
- 🎓 Strategy Innovation Associate Director

## Accenture — Hyderabad
<https://www.accenture.com/in-en/careers/jobsearch?fl=Hyderabad>

- 🎓 Associate Director - Performance Marketing
- 🎓 IMU Sales Capture Associate Director
- 🎓 Inside Sales Associate Director
- 🎓 Sales Capture Associate Director
- 🎓 Strategy Innovation Associate Director

## Accenture — Pune
<https://www.accenture.com/in-en/careers/jobsearch?fl=Pune>

- 🎓 Associate Director - Performance Marketing
- 🎓 IMU Sales Capture Associate Director
- 🎓 Inside Sales Associate Director
- 🎓 Sales Capture Associate Director
- 🎓 Strategy Innovation Associate Director

## Accenture — Gurugram
<https://www.accenture.com/in-en/careers/jobsearch?fl=Gurugram>

- 🎓 Associate Director - Performance Marketing
- 🎓 IMU Sales Capture Associate Director
- 🎓 Inside Sales Associate Director
- 🎓 Sales Capture Associate Director
- 🎓 Strategy Innovation Associate Director

## Capgemini — India
<https://www.capgemini.com/in-en/careers/join-capgemini/job-search/>

- 🤖 GCP Data Engineer Gurgaon, Hyderabad, Kanchipuram, Kolkata (ex Calcutta), Kolkata + 13 Data & AI Permanent Experienced Professionals

## IBM — India
<https://www.ibm.com/in-en/careers/career-opportunities>

- 💻 Software Developer - STUDENT CONVERSION

## Cognizant — India
<https://careers.cognizant.com/global-en/jobs/>

- 💻 Java Backend Engineer(Hybrid)
- 💻 Java Backend Lead (Hybrid)
- 💻 Java Full Stack Engineer

## Cognizant — India
<https://careers.cognizant.com/india-en/jobs/>

- 💻 Java Backend Engineer(Hybrid)
- 💻 Java Backend Lead (Hybrid)
- 💻 Java Full Stack Engineer

## Zenskar — Bengaluru
<https://www.zenskar.com/careers>

- Account Executive-Mid Market(US)
- 🎓 Content Marketing Intern
- Customer Success & Solutions Manager
- 🎓 Customer Success Intern
- Engineering Manager
- Enterprise Account Executive (US)
- 🎓 Field Marketing & Events Intern
- Finance Executive
- Forward Deployed Engineer
- 🎓 Intern @ Zenskar
- Product Manager
- Product Security Engineer
- 🎓 Revenue Operations Intern
- 🤖 Senior GenAI Engineer
- Senior Solutions Engineer (US)
- Senior/Solutions Engineer
- Solutions Consultant
- 💻 Staff Engineer - Backend
- Talent Lead
- 💻 Tech Lead - Backend
- We're hiring across every function. Here's where we're building right now.
- or apply via our careers page here:

## Peoplebox — Bengaluru
<https://www.peoplebox.ai/careers>

- 🎓 Associate Product Manager (APM) 77 days ago BANGALORE Full Time
- Content Marketing Manager 352 days ago BANGALORE 4-6 Full Time
- SEO Lead 236 days ago BANGALORE 4-6 Full Time
- 💻 Senior Backend Engineer 348 days ago BANGALORE 5-9 Full Time
- Talent Acquisition Lead 126 days ago BANGALORE 5+ Full Time

## Internshala (SDE) — India
<https://internshala.com/internships/software-development-internship/>

- 🎓 💻 Software Development Internships: 218+ Software Development Intern Jobs

## YCombinator Jobs — Bengaluru
<https://www.ycombinator.com/jobs/location/bengaluru>

- 🤖 Vahan (S19) • AI recruiter for India's massive blue-collar workforce ( 29 days ago)

## Qualcomm — India
<https://careers.qualcomm.com/careers>

- 💻 Senior Embedded Software Development Engineer Austin, Texas, United States of America Software Engineering Posted a day ago
- 💻 Senior GPU Software Engineer San Diego, California, United States of America Graphics Software Engineering Posted a day ago
- 💻 Senior Modem Technologies Software Engineer Santa Clara, California, United States of America Software Engineering Posted a day ago
- 💻 Staff Data Software Engineer San Diego, California, United States of America Software Engineering Posted a day ago

## Atlassian — Bengaluru
<https://www.atlassian.com/company/careers/all-jobs>

- 🎓 Account Associate, LATAM (Portuguese Speaking)
- 🎓 Account Associate, Mid-Market (Renewals)
- 🎓 Associate Customer Success Manager
- 🎓 Associate Solution Engineer, Mid Market (West)
- 🤖 Principal Machine Learning Engineer
- 🤖 Principal Machine Learning Systems Engineer
- 🤖 Senior Account Executive , AI & Digital Natives (Bay Area)
- 🤖 Senior Account Executive , AI and Digital Native (NYC)
- 🤖 Senior Design Manager, Jira AI
- 🤖 Senior Machine Learning Manager
- 🤖 Senior Machine Learning System Engineer
- 🤖 Senior Machine Learning Systems Engineering Manager - AI & ML Platform
- 🤖 Senior Manager, AI & Digital Natives
- 🤖 Senior Solution Consultant, Teamwork Foundations + AI
- 🤖 Senior Systems Engineer — AI Code Metrics Daemon
- 💻 Software Engineer
- 🤖 Solution Sales Executive, Enterprise Work Management & AI

## Kore.ai — Hyderabad
<https://kore.ai/careers/>

- 🤖 AI Solution Sales Specialist
- 💻 Software Engineer/Senior Software Engineer - Technical Support

## AMD India — Bengaluru
<https://careers.amd.com/careers-home>

- 🤖 Product Development Engineer, Datacenter Systems (AI/HPC)

## Tabby — Dubai
<https://tabby.ai/careers>

- 🎓 🤖 AI Intern KSA
- 💻 Backend Engineer II KSA
- 🎓 Compliance Associate Egypt
- 🎓 DBA Intern KSA
- 🎓 DevOps Intern KSA
- 🎓 FinOps Associate KSA
- 🎓 Information Security Intern KSA
- 🎓 💻 Intern Backend (Go) Engineer KSA
- 🎓 Intern QA Engineer KSA
- 💻 Senior Backend Engineer II Remote
- 🎓 Senior Enterprise Risk Associate Egypt
- 🎓 Senior Tax Associate KSA

## Internshala Gurgaon — Gurugram
<https://internshala.com/internships/internship-in-gurgaon/>

- 🎓 Internships in Gurgaon: Top 3369 Paid Internship in Gurgaon

## MyCareersFuture (SDE) — Singapore
<https://www.mycareersfuture.gov.sg/search?search=software+engineer&sortBy=new_posting_date>

- 🎓 If you are a fresh graduate looking for a traineeship opportunity
- 🎓 Junior Executive

## MyCareersFuture (ML) — Singapore
<https://www.mycareersfuture.gov.sg/search?search=machine+learning&sortBy=new_posting_date>

- 🎓 If you are a fresh graduate looking for a traineeship opportunity
- 🎓 Junior Executive

## Pine Labs — Noida
<https://www.pinelabs.com/careers>

- 🎓 Management Trainee Program
- 🎓 Our flagship summer internship program for students from premier B-schools.
- 🎓 Sales Trainee Program

## NICE — Pune
<https://www.nice.com/careers>

- 🤖 pageVisits-_glossary%2Fautomating-qa-with-ai
- 🤖 pageVisits-_info%2Ftop-trends-in-automating-qa-with-ai-what-you-need-to-know
- 🤖 pageVisits-_resources%2F5-executive-priorities-to-scale-agentic-ai-for-enterprise-value
- 🤖 pageVisits-_resources%2Fanalyst-backed-strategies-10-cx-ai-insights-for-executive-decision-makers
- 🤖 pageVisits-_resources%2Ftop-10-ai-first-cx-trends-to-lead-in-2026

## Techwave — Hyderabad
<https://techwave.wd108.myworkdayjobs.com/TechWave_Careers>

- 🤖 AI Architect
- 🎓 Finance Intern
- 🎓 Junior FI Consultant
- 🎓 Junior Public Cloud Consultant
- 🤖 Service Delivery Manager – AI/ML and Data
- 🎓 Techwave Junior SAP Consultant Program

## Internshala (Web Dev) — India
<https://internshala.com/internships/web-development-internship/>

- 🎓 Web Development Internships: 334+ Web Development Intern Jobs

## Internshala (Python) — India
<https://internshala.com/internships/python-internship/>

- 🎓 Python Internships: Find 264 Python Intern Jobs

## Internshala (Frontend) — India
<https://internshala.com/internships/front-end-development-internship/>

- 🎓 🤖 AI Development Internship
- 🎓 💻 Frontend development Internship in Bengaluru
- 🎓 💻 Frontend development Internship in Coimbatore
- 🎓 💻 Frontend development Internship in Delhi
- 🎓 💻 Frontend development Internship in Gurgaon
- 🎓 💻 Frontend development Internship in Hyderabad
- 🎓 💻 Frontend development Internship in Kolkata
- 🎓 💻 Frontend development Internships: Find 11 Frontend development Intern Jobs
- 💻 Full Stack Developer (React Native/Node.js)
- 🎓 💻 Latest Frontend development Intern Jobs
- 🎓 💻 Q. How can I apply for a frontend development internship on Internshala?
- 🤖 💻 Software Developer – Dashboard, AI/LLM & Automation
- 🎓 💻 You can apply for a frontend development internship or frontend development intern job using the following steps-

## Internshala (Backend) — India
<https://internshala.com/internships/back-end-development-internship/>

- 🎓 💻 Backend Development Internships: Find 118 Backend Development Intern Jobs

## YC Work at a Startup — Remote
<https://www.workatastartup.com/jobs>

- 💻 Backend Engineer
- 💻 Senior Software Engineer, Email Team

## AICTE Internship Portal — India
<https://internship.aicte-india.org/>

- 🎓 1 Crore Internship By 2027 | 79,57,193+ Internships | 82340 Companies

## Rupeek — Bengaluru
<https://rupeek.com/careers>

- 💻 Software Development Engineer III Location: Bengaluru, Karnataka, India 12 hours ago

## Awign — Gurugram
<https://www.awign.com/careers>

- 🎓 Data annotation and labelling for Awign- Associate

## Airwallex — Singapore
<https://www.airwallex.com/careers>

- 💻 Senior Software Engineer, Frontend, Onboarding Engineering Engineering • Singapore APAC , Singapore Singapore
- 💻 Senior Software Engineer, Global Payments Engineering Engineering • Singapore APAC , Singapore Singapore
- 💻 Staff Software Engineer Backend, Billing Engineering Singapore
- 💻 Staff Software Engineer, Search Platform Engineering Singapore

## Entropik — Bengaluru
<https://www.entropik.io/careers>

- 🎓 💻 Intern - Backend Engineering (Backend + DevOps) 1 day ago Chennai 0-6 months Full Time
- 🤖 Senior AI Engineer 33 days ago Chennai 4-6 years Full Time
- 💻 Senior Backend Engineer 16 days ago Chennai , Chennai 3-6 years Full Time

## NectarBits — Ahmedabad
<https://nectarbits.com/career>

- 💻 Cost to Hire Full Stack Developer

## E2M Solutions — Ahmedabad
<https://www.e2msolutions.com/careers/>

- 🤖 AI Adoption Specialist - SEO 121 days ago Ahmedabad 4 Years Full Time
- 🤖 AI Adoption Specialist 322 days ago Ahmedabad 3+ Years Full Time
- 🤖 AI Engineer 78 days ago Ahmedabad 2 -3 Years Full Time
- 🎓 🤖 Associate AI Engineer 82 days ago Ahmedabad 1 - 2 Years Full Time
- 🎓 Associate Client Account Manager - SEO 330 days ago Ahmedabad 1 - 3 Years Full Time
- 🎓 Associate Client Account Manager 54 days ago Ahmedabad 1- 2 Years Full Time
- 🎓 🤖 💻 Associate Full Stack AI Engineer 79 days ago Ahmedabad 1 - 2 Full Time
- 💻 Full Stack Developer 50 days ago Ahmedabad 3 -5 Years Full Time
- 🎓 🤖 Junior AI Automation Engineer 43 days ago Ahmedabad 1+ Years Full Time
- 🤖 QA Manager – AI Automation 233 days ago Ahmedabad 7 years Full Time
- 💻 Senior Frontend Wordpress Developer (US Shift) 350 days ago Ahmedabad 7+ Full Time
- 🤖 Technical Lead - AI 120 days ago Ahmedabad 5-8 Years Full Time

## Systango Technologies — Indore
<https://www.systango.com/careers>

- 🤖 Enterprise Sales Manager — Digital Engineering & AI
- 🤖 GenAI Engineer (S03)
- 🤖 Senior AI Engineer (S04)

# 🔔 New career-page entries — 2026-07-22T08:29:24

## Accenture — Bengaluru
<https://www.accenture.com/in-en/careers/jobsearch?fl=Bengaluru>

- 🤖 AI Native Software Engineering Analyst
- 🎓 Order to Cash Operations Associate

## Accenture — Hyderabad
<https://www.accenture.com/in-en/careers/jobsearch?fl=Hyderabad>

- 🤖 AI Native Software Engineering Analyst
- 🎓 Order to Cash Operations Associate

## Accenture — Pune
<https://www.accenture.com/in-en/careers/jobsearch?fl=Pune>

- 🤖 AI Native Software Engineering Analyst
- 🎓 Order to Cash Operations Associate

## Accenture — Gurugram
<https://www.accenture.com/in-en/careers/jobsearch?fl=Gurugram>

- 🤖 AI Native Software Engineering Analyst
- 🎓 Order to Cash Operations Associate

## Capgemini — India
<https://www.capgemini.com/in-en/careers/join-capgemini/job-search/>

- 🎓 Associate C2C Collections Process Expert Noida Finance Permanent Experienced Professionals
- 🎓 Associate C2C Process Expert Noida Finance Permanent Experienced Professionals
- 🎓 Associate Record to Analyze Process Expert Kolkata (ex Calcutta) Finance Permanent Experienced Professionals
- 💻 Senior Software Engineer Bangalore Software Engineering Permanent Experienced Professionals
- 💻 Senior Software Engineer Chennai (ex Madras) Software Engineering Permanent Experienced Professionals

## Cognizant — India
<https://careers.cognizant.com/global-en/jobs/>

- 💻 Senior Software Engineer

## Tech Mahindra — India
<https://careers.techmahindra.com/>

- 🎓 Associate Tech Specialist

## Cognizant — India
<https://careers.cognizant.com/india-en/jobs/>

- 💻 Senior Software Engineer

## Internshala (ML) — India
<https://internshala.com/internships/machine-learning-internship/>

- 🤖 AI Engineer (GenAI/Python)
- 🎓 🤖 Machine Learning Internships: Find 155 Machine Learning Intern Jobs

## Internshala (SDE) — India
<https://internshala.com/internships/software-development-internship/>

- 🎓 💻 Software Development Internships: 223+ Software Development Intern Jobs

## Internshala (AI) — India
<https://internshala.com/internships/artificial-intelligence-internship/>

- 🎓 🤖 Artificial intelligence Internships: Find 167 Artificial intelligence Intern Jobs

## YCombinator Jobs — Bengaluru
<https://www.ycombinator.com/jobs/location/bengaluru>

- 🤖 Vahan (S19) • AI recruiter for India's massive blue-collar workforce ( 16 days ago)

## Qualcomm — India
<https://careers.qualcomm.com/careers>

- 🤖 Engineer- Python Developement,QA-ML Hyderabad, Telangāna, India Software Engineering Posted 9 hours ago
- 🤖 Program Analyst Sr – Generative AI, Prompt Engineering & Validation Bangalore, India Program Analyst Posted 9 hours ago

## AMD India — Bengaluru
<https://careers.amd.com/careers-home>

- 🤖 AI Training Optimization Engineer

## Internshala Pune — Pune
<https://internshala.com/internships/internship-in-pune/>

- 🎓 Account Management Intern
- 🎓 Creator Success Intern
- 🎓 Editorial Intern
- 🎓 Operations Intern

## Internshala Chennai — Chennai
<https://internshala.com/internships/internship-in-chennai/>

- 🎓 Founding Growth & Community Associate (Intern)

## Internshala Gurgaon — Gurugram
<https://internshala.com/internships/internship-in-gurgaon/>

- 🎓 Internships in Gurgaon: Top 3401 Paid Internship in Gurgaon

## Grab — Singapore
<https://grab.careers/>

- 💻 Senior Software Engineer, Backend
- 💻 Senior Software Engineer, Fullstack

## Cashfree — Bengaluru
<https://www.cashfree.com/careers/>

- 🎓 Associate Director - Banking & Alliance Product
- 💻 Software Development Engineer - 3

## Wingify — Pune
<https://wingify.com/careers/>

- 🎓 Intern - Website Development
- 💻 Senior Software Engineer - Backend & Search
- 💻 Senior Software Engineer - Client Services
- 💻 Software Engineer - QA (Client Services team)
- 💻 Software Engineer – Backend (Commerce)
- 💻 Software Engineer – Full Stack

## HyperVerge — Chennai
<https://hyperverge.co/careers/>

- 🎓 🤖 Deep Learning / Machine Learning Intern

## Internshala (Data Science) — India
<https://internshala.com/internships/data-science-internship/>

- 🤖 AI Engineer (GenAI/Python)
- 🎓 🤖 Data Science Internships: Find 351 Data Science Intern Jobs
- 🤖 Project Executive - AI Data Services

## Internshala (Web Dev) — India
<https://internshala.com/internships/web-development-internship/>

- 🤖 AI Engineer (GenAI/Python)
- 🎓 Web Development Internships: 339+ Web Development Intern Jobs

## Internshala (Python) — India
<https://internshala.com/internships/python-internship/>

- 🤖 AI Engineer (GenAI/Python)
- 🎓 Python Internships: Find 266 Python Intern Jobs

## Internshala (Full Stack) — India
<https://internshala.com/internships/full-stack-development-internship/>

- 🎓 💻 Full Stack Development Internships: 101+ Full Stack Development Intern Jobs

## Internshala (Backend) — India
<https://internshala.com/internships/back-end-development-internship/>

- 🤖 AI Engineer (GenAI/Python)
- 🎓 💻 Backend Development Internships: Find 119 Backend Development Intern Jobs

## Internshala (Bangalore) — Bengaluru
<https://internshala.com/internships/internship-in-bangalore/>

- 🎓 Events & Sales Support Intern – Bangalore
- 🎓 Founders Office Intern

## YC Work at a Startup — Remote
<https://www.workatastartup.com/jobs>

- 🎓 Intern
- 🎓 Software Engineering Intern

## AICTE Internship Portal — India
<https://internship.aicte-india.org/>

- 🎓 1 Crore Internship By 2027 | 79,57,193+ Internships | 82346 Companies

## Rupeek — Bengaluru
<https://rupeek.com/careers>

- 💻 Software Development Engineer III Location: Bengaluru, Karnataka, India 18 hours ago

## Jar — Bengaluru
<https://www.myjar.app/careers>

- 🎓 Ad Creatives Intern
- 🎓 Content Intern

## Glints — Singapore
<https://glints.com/careers>

- 🎓 Marketplace Operations Intern

## Softweb Solutions — Ahmedabad
<https://www.softwebsolutions.com/careers.html>

- 🎓 Intern

## Webs Optimization — Ahmedabad
<https://www.websoptimization.com/career>

- 💻 (as a developer, software engineer, or similar technical role)
- 💻 Frontend Developer
- 💻 Full Stack Java Developer (Angular + Spring)
- 💻 Job Description – Frontend Developer (Angular & React)
- 💻 Job Opportunity | Sr. Full Stack Java Developer | Ahmedabad (Work from Office)
- 💻 Job Opportunity || Frontend Developer | 2 - 3 Years | Ahmedabad (Work from Office)
- 💻 Mernstack Full Stack Developer
- 💻 Sr. Full Stack Java Developer
- 💻 Sr. Full Stack Java Developer (Angular + Spring)
- 💻 Work closely with Designers, Backend Developers, QA, and Project Managers

## Nevina Infotech — Ahmedabad
<https://nevinainfotech.com/career>

- 💻 Hire Web Developer

## Moon Technolabs — Ahmedabad
<https://www.moontechnolabs.com/career-with-us/>

- 🎓 Experience: Fresher
- 💻 Full Stack Developer
- 🎓 🤖 Trainee - AI/ML Developer
- 🎓 Trainee Accountant
- 🎓 Trainee Angular Developer
- 🎓 Trainee Business Development Executive
- 🎓 Trainee Node.js Developer
- 🎓 Trainee Product Sales executive - International
- 🎓 Trainee QA
- 🎓 Trainee Video Creator

## Nevina Infotech — Ahmedabad
<https://www.nevinainfotech.com/careers>

- 🎓 Fresher
- 💻 Hire Web Developer
- 🤖 Job Title: Content Marketing & Link Building Specialist (AI-Driven SEO Expert)
- 🤖 SEO - Content Marketing & Link Building Specialist (AI-Driven SEO Expert)

## Alian Software — Ahmedabad
<https://www.aliansoftware.com/careers/>

- 🤖 AI product designer
- 💻 Full-stack engineer
- 🤖 Senior AI / ML engineer

## Rejoicehub — Surat
<https://www.rejoicehub.com/careers>

- 🤖 AI Executive Newsletter
- 🤖 We stay ahead with the latest in AI/ML, IoT, and DevOps, ensuring your projects benefit from innovation and industry best practices.

## Mastercard Pune — Pune
<https://careers.mastercard.com/us/en>

- 💻 Lead Software Engineer
- 💻 Senior Software Engineer
- 💻 Software Engineer II

## SRM Tech — Chennai
<https://www.srmtech.com/careers/>

- 💻 Programmer Analyst

# 🔔 New career-page entries — 2026-07-22T13:53:29

## DRC Systems — Gandhinagar
<https://careers.drcsystems.com/>

- 🎓 Sr. Associate – iOS

## Accenture — Bengaluru
<https://www.accenture.com/in-en/careers/jobsearch?fl=Bengaluru>

- 🎓 Business Advisory Associate
- 🎓 Business Advisory Associate-Voice
- 🎓 Client Transaction Services Associate Manager
- 🎓 Custom Software Engineering Associate Manager
- 🎓 Order to Cash Operations New Associate
- 🎓 Procure to Pay Operations New Associate
- 🎓 Security Managed Services Associate Director
- 🎓 Software/Application/Cloud Tech Support Associate

## Accenture — Hyderabad
<https://www.accenture.com/in-en/careers/jobsearch?fl=Hyderabad>

- 🎓 Business Advisory Associate
- 🎓 Business Advisory Associate-Voice
- 🎓 Client Transaction Services Associate Manager
- 🎓 Custom Software Engineering Associate Manager
- 🎓 Order to Cash Operations New Associate
- 🎓 Procure to Pay Operations New Associate
- 🎓 Security Managed Services Associate Director
- 🎓 Software/Application/Cloud Tech Support Associate

## Accenture — Pune
<https://www.accenture.com/in-en/careers/jobsearch?fl=Pune>

- 🎓 Business Advisory Associate
- 🎓 Business Advisory Associate-Voice
- 🎓 Client Transaction Services Associate Manager
- 🎓 Custom Software Engineering Associate Manager
- 🎓 Order to Cash Operations New Associate
- 🎓 Procure to Pay Operations New Associate
- 🎓 Security Managed Services Associate Director
- 🎓 Software/Application/Cloud Tech Support Associate

## Accenture — Gurugram
<https://www.accenture.com/in-en/careers/jobsearch?fl=Gurugram>

- 🎓 Business Advisory Associate
- 🎓 Business Advisory Associate-Voice
- 🎓 Client Transaction Services Associate Manager
- 🎓 Custom Software Engineering Associate Manager
- 🎓 Order to Cash Operations New Associate
- 🎓 Procure to Pay Operations New Associate
- 🎓 Security Managed Services Associate Director
- 🎓 Software/Application/Cloud Tech Support Associate

## Capgemini — India
<https://www.capgemini.com/in-en/careers/join-capgemini/job-search/>

- 💻 Lead Software Engineer Bangalore Software Engineering Permanent Experienced Professionals
- 💻 Lead Software Engineer Navi Mumbai Software Engineering Permanent Experienced Professionals
- 💻 Senior Software Engineer Hyderabad Software Engineering Permanent Executives

## Keka HR — Hyderabad
<https://www.keka.com/careers>

- Hiring & Onboarding
- Hiring & Onboarding Create a great candidate experience before and after joining
- Hiring Software
- We are hiring !

## Swiggy — Bengaluru
<https://careers.swiggy.com/>

- Sales Manager II

## Internshala (ML) — India
<https://internshala.com/internships/machine-learning-internship/>

- 🤖 💻 Artificial Intelligence And Software Developer
- 🎓 🤖 Machine Learning Internships: Find 161 Machine Learning Intern Jobs

## Internshala (SDE) — India
<https://internshala.com/internships/software-development-internship/>

- 🎓 💻 Software Development Internships: 228+ Software Development Intern Jobs

## Internshala (AI) — India
<https://internshala.com/internships/artificial-intelligence-internship/>

- 🤖 💻 Artificial Intelligence And Software Developer
- 🎓 🤖 Artificial intelligence Internships: Find 171 Artificial intelligence Intern Jobs

## Qualcomm — India
<https://careers.qualcomm.com/careers>

- 💻 1. Embedded Software Engineer
- 💻 2. Senior Embedded Software Engineer
- 💻 5. Freelance Software Engineer
- 🤖 Engineer- Python Developement,QA-ML Hyderabad, Telangāna, India Software Engineering Posted 14 hours ago
- 🤖 Program Analyst Sr – Generative AI, Prompt Engineering & Validation Bangalore, India Program Analyst Posted 14 hours ago
- 🤖 Voice AI Systems Test Engineer-Senior engineer Hyderabad, Telangāna, India Systems Test Engineering Posted 14 hours ago

## Kore.ai — Hyderabad
<https://kore.ai/careers/>

- 🎓 Associate Director - Global Partner Marketing – Hyperscaler

## Optiver — Mumbai
<https://www.optiver.com/working-at-optiver/career-opportunities/>

- 💻 Software engineer - Real-Time Pricing

## AMD India — Bengaluru
<https://careers.amd.com/careers-home>

- 🤖 AI Field Application Engineering Manager - EMEA

## Internshala Gurgaon — Gurugram
<https://internshala.com/internships/internship-in-gurgaon/>

- 🎓 Internships in Gurgaon: Top 3471 Paid Internship in Gurgaon

## Zetwerk — Bengaluru
<https://www.zetwerk.com/careers/>

- 🎓 Associate Program Manager

## Yulu — Bengaluru
<https://www.yulu.bike/careers/>

- 🎓 Associate Director

## Techwave — Hyderabad
<https://techwave.wd108.myworkdayjobs.com/TechWave_Careers>

- 🤖 AI Architect
- 🎓 Finance Intern
- 🎓 Junior FI Consultant
- 🎓 Junior Public Cloud Consultant
- 🤖 Service Delivery Manager – AI/ML and Data
- 🎓 Techwave Junior SAP Consultant Program

## M-DAQ — Singapore
<https://www.m-daq.com/careers/>

- 🎓 Senior Sales Associate (Capital Markets)

## Internshala (Data Science) — India
<https://internshala.com/internships/data-science-internship/>

- 🎓 🤖 Data Science Internships: Find 360 Data Science Intern Jobs
- 🎓 🤖 Founder Associate – E-commerce, AI & Business Operations

## Internshala (Web Dev) — India
<https://internshala.com/internships/web-development-internship/>

- 🎓 Web Development Internships: 343+ Web Development Intern Jobs

## Internshala (Python) — India
<https://internshala.com/internships/python-internship/>

- 🤖 💻 Artificial Intelligence And Software Developer
- 🎓 Python Internships: Find 273 Python Intern Jobs

## Internshala (Full Stack) — India
<https://internshala.com/internships/full-stack-development-internship/>

- 🎓 💻 Full Stack Development Internships: 103+ Full Stack Development Intern Jobs

## Internshala (Frontend) — India
<https://internshala.com/internships/front-end-development-internship/>

- 🎓 💻 Frontend development Internships: Find 10 Frontend development Intern Jobs

## Internshala (Backend) — India
<https://internshala.com/internships/back-end-development-internship/>

- 🎓 💻 Backend Development Internships: Find 122 Backend Development Intern Jobs

## Internshala (App Dev) — India
<https://internshala.com/internships/mobile-app-development-internship/>

- 🎓 Mobile App Development Internships: Find 70 Mobile App Development Intern Jobs

## Internshala (Bangalore) — Bengaluru
<https://internshala.com/internships/internship-in-bangalore/>

- 🤖 💻 Artificial Intelligence And Software Developer
- 🎓 Product Growth & Customer Success Associate (SaaS)

## YC Work at a Startup — Remote
<https://www.workatastartup.com/jobs>

- 🎓 Electrical Engineering Intern
- 💻 Senior Software Engineer, Journeys Team (Fullstack)

## AICTE Internship Portal — India
<https://internship.aicte-india.org/>

- 🎓 1 Crore Internship By 2027 | 79,57,193+ Internships | 82349 Companies

## Rupeek — Bengaluru
<https://rupeek.com/careers>

- 💻 Software Development Engineer III Location: Bengaluru, Karnataka, India 23 hours ago

## Anblicks — Hyderabad
<https://anblicks.com/careers/>

- 🤖 AI Engineer 104 days ago Hyderabad 4 -7 Yrs Full Time
- 🤖 AI Engineer 120 days ago Hyderabad 5-8 Years Full Time
- 🤖 Account Manager – Data & AI Solutions 128 days ago Hyderabad 7-12 Full Time
- 🎓 Associate Data Engineer 86 days ago Hyderabad 4+ Full Time
- 🎓 Associate Data Engineer 96 days ago Hyderabad 3+ Full Time
- 🎓 Associate Sr Data Engineer 111 days ago Ahmedabad , Hyderabad 5+ Years Full Time
- 🎓 Associate Sr. Data Engineer 127 days ago Hyderabad 5+ Full Time
- 🎓 Associate Sr. Data Engineer 96 days ago Hyderabad 5-8 Full Time
- 🎓 Associate Sr. DevOps Engineer 96 days ago Hyderabad 6-9 Full Time
- 🤖 Copilot AI Solutions Engineer 93 days ago Hyderabad 8+ Full Time
- 🎓 Engineer I - IT 37 days ago Ahmedabad 0-1 Full Time
- 🤖 Engineer II - Data Engg & AI 113 days ago Hyderabad 4+ Full Time
- 🤖 Engineer II - Data Engg & AI 163 days ago Ahmedabad , Hyderabad 5+ Full Time
- 🤖 Engineer III - App Engg & AI 111 days ago Ahmedabad , Hyderabad 4+ Full Time
- 🤖 Engineer III - App Engg & AI 33 days ago Ahmedabad , Hyderabad 6-7 Full Time
- 🤖 Engineer III - Data Engg & AI 111 days ago Ahmedabad , Hyderabad 5+ Full Time
- 🤖 Engineer III - Data Engg & AI 96 days ago Hyderabad 5+ Full Time
- 🤖 Engineer III - Quality Engg & AI 96 days ago Hyderabad 5+ Full Time
- 🤖 Engineer III- Cloud Engg & AI 111 days ago Ahmedabad , Hyderabad 5+ Full Time
- 💻 Full Stack Data Engineer 98 days ago Hyderabad 5 years Full Time
- 💻 Full Stack Engineer 110 days ago Hyderabad 8 years Full Time
- 💻 Full Stack Engineer 111 days ago Dallas 8-10 years Full Time
- 💻 Full Stack Engineer 51 days ago Dallas 10+ Full Time
- 💻 Full stack Engineer-React, Fast API 124 days ago Hyderabad , Ahmedabad 8-9 Years Full Time
- 💻 FullStack Developer III 23 days ago Dallas 10+ years Full Time
- 🤖 Lead AI Engineer 104 days ago Hyderabad 7 - 10 Yrs Full Time
- 🤖 Lead AI Engineer 77 days ago Ahmedabad 7+ Full Time
- 🤖 Lead Engineer - Cloud Engg & AI 1 day ago Ahmedabad , Hyderabad 10-12 Full Time
- 🤖 MLOps Manager 154 days ago Hyderabad 10 Years+ Full Time
- 🎓 Management Intern (Finance) 82 days ago Ahmedabad 0 Full Time
- 🎓 Management Intern (Human Resources) 82 days ago Hyderabad , Ahmedabad 0 Full Time
- 🎓 Management Intern (L&D/ Analytics) 82 days ago Ahmedabad , Hyderabad 0 Full Time
- 🤖 Senior / Lead ML Engineer (Databricks MLOps) 150 days ago Hyderabad 8 Years+ Full Time
- 💻 Senior Full Stack Software Engineer 153 days ago Hyderabad 8 - 12 Yrs Full Time
- 💻 Senior Full Stack Software Engineer 154 days ago Hyderabad 8 Yrs Full Time
- 🤖 Senior ML Engineer(Databricks MLOps) 154 days ago Hyderabad 8+ Yrs Full Time
- 💻 Senior Software Engineer - Graphs 155 days ago Hyderabad 5-8 Years Full Time
- 💻 Senior Software Engineer in Test (SDET) 35 days ago Hyderabad 5–8 Years Full Time
- 💻 Software Engineer in Test (SET) 68 days ago Hyderabad 3-5 Years Full Time
- 💻 Software Engineer in Test (SET) 98 days ago Hyderabad 3–5 Years Full Time
- 🤖 Sr AI Engineer 1 day ago Hyderabad 8+ Full Time
- 🤖 Sr AI Engineer 124 days ago Hyderabad 5-8 Years Full Time
- 🤖 Sr AI Engineer 72 days ago Hyderabad 8+ Full Time
- 🤖 Sr. Engineer I - Cloud Engg & AI 63 days ago Ahmedabad , Hyderabad 7-8 Years Full Time
- 🤖 Sr. Engineer I - Data Engg & AI 15 days ago Hyderabad 6+ Full Time
- 🤖 Sr. Engineer I - Data Engg & AI 76 days ago Hyderabad 6+ Full Time
- 🤖 Sr. Engineer II - Data Engg & AI 14 days ago Hyderabad 8+ Full Time
- 🤖 Staff Data Scientist – Healthcare 37 days ago Hyderabad 8-10 Years Full Time

## HealthKart — Gurugram
<https://www.healthkart.com/careers>

- 💻 Senior Java Software Engineer

## Airwallex — Singapore
<https://www.airwallex.com/careers>

- 🎓 Associate, Merchant Risk Operations Operations Management Operations Management • San Francisco Americas , San Francisco San Francisco
- 🎓 Senior Associate, Revenue Strategy & Enablement, EMEA Operations Management Berlin, EMEA
- 🤖 Senior Data Scientist, People and Talent Engineering Engineering • San Francisco Americas , San Francisco San Francisco
- 💻 Staff Software Engineer, Backend – Scale Engineering APAC, Singapore
- 💻 Staff Software Engineer, Onboarding Team Engineering Singapore
- 💻 Staff Software Engineer, Productivity Engineering Engineering • Seattle Americas , Seattle Seattle

## GMDC — Ahmedabad
<https://www.gmdcltd.com/career/>

- 🎓 Assistant Manager / Management Trainee (Chemistry)

## CoRover — Bengaluru
<https://corover.ai/careers/>

- 🤖 01 AI & ML Gen AI Developer/AI ML Engineer Bengaluru, India Full-Time Apply Now
- 💻 03 Engineering Full Stack Developer Bengaluru, India Full-Time Apply Now

## Attentive.ai — Bengaluru
<https://www.attentive.ai/careers>

- 🤖 💻 Software Engineer - II (AI)

# 🔔 New career-page entries — 2026-07-22T19:19:32

## Accenture — Bengaluru
<https://www.accenture.com/in-en/careers/jobsearch?fl=Bengaluru>

- 🎓 Business & Technology Delivery Associate Manager
- 💻 Custom Software Engineer
- 🎓 Record to Report Operations Associate
- 🎓 Record to Report Ops Associate

## Accenture — Hyderabad
<https://www.accenture.com/in-en/careers/jobsearch?fl=Hyderabad>

- 🎓 Business & Technology Delivery Associate Manager
- 💻 Custom Software Engineer
- 🎓 Record to Report Operations Associate
- 🎓 Record to Report Ops Associate

## Accenture — Pune
<https://www.accenture.com/in-en/careers/jobsearch?fl=Pune>

- 🎓 Business & Technology Delivery Associate Manager
- 💻 Custom Software Engineer
- 🎓 Record to Report Operations Associate
- 🎓 Record to Report Ops Associate

## Accenture — Gurugram
<https://www.accenture.com/in-en/careers/jobsearch?fl=Gurugram>

- 🎓 Business & Technology Delivery Associate Manager
- 💻 Custom Software Engineer
- 🎓 Record to Report Operations Associate
- 🎓 Record to Report Ops Associate

## IBM — India
<https://www.ibm.com/in-en/careers/career-opportunities>

- 🎓 Entry Level Technical Sales Specialist

## IBM — India
<https://www.ibm.com/in-en/careers/search>

- 🎓 Cloud Master@IBM IBM Cloud Technical Sales Specialist (f/m/x) Internship KOELN, DE
- 🤖 Consulting Technical Consultant-AI Integration Professional Bangalore, IN
- 🤖 Data & Analytics Data Scientist - AI - Managing Consultant Professional London, GB
- 💻 Data & Analytics Sr. Software Engineer (TS/SCI) Professional Multiple Cities
- 🎓 Enterprise Operations Process Associate Order Management - Health Care (Voice) Professional Gurgaon, IN
- 🎓 Internship (80)
- 🎓 Sales Apprenti.e Account Manager – Data & IA & Business Analytics - IBM France - H/F Internship Bois Colombes Cedex, FR
- 🎓 Sales Entry Level Technical Sales Specialist Entry Level Bucharest, RO
- 🎓 Sales Entry level Technical Sales Specialist Data - IBM Denmark (incl. Assignment in Valencia) Entry Level COPENHAGEN, DK
- 💻 Software Engineering Application Developer-Cloud FullStack Professional Bangalore, IN
- 🎓 Software Engineering IBM Consulting Interns Internship QUEZON CITY, PH

## Cognizant — India
<https://careers.cognizant.com/global-en/jobs/>

- 🎓 Mainframe Testing Trainee (QEA)
- 🎓 Service Line Sales Specialist - BFSI - Associate Director - 69896441

## Tech Mahindra — India
<https://careers.techmahindra.com/>

- 💻 Full Stack Developer (React + Any Backend)
- 🤖 Lead - Data / AI Native Engineer
- 💻 Sr. Software Engineer-MANO

## Cognizant — India
<https://careers.cognizant.com/india-en/jobs/>

- 🎓 Mainframe Testing Trainee (QEA)
- 🎓 Service Line Sales Specialist - BFSI - Associate Director - 69896441

## Internshala (ML) — India
<https://internshala.com/internships/machine-learning-internship/>

- 🤖 💻 Artificial Intelligence and Software Developer
- 🎓 🤖 Machine Learning Internships: Find 160 Machine Learning Intern Jobs
- 🎓 Tech Generalist Intern

## Internshala (SDE) — India
<https://internshala.com/internships/software-development-internship/>

- 🤖 💻 Artificial Intelligence and Software Developer
- 🎓 💻 Software Development Internships: 216+ Software Development Intern Jobs
- 🎓 Tech Generalist Intern

## Internshala (AI) — India
<https://internshala.com/internships/artificial-intelligence-internship/>

- 🤖 💻 Artificial Intelligence and Software Developer
- 🎓 🤖 Artificial intelligence Internships: Find 169 Artificial intelligence Intern Jobs
- 🎓 Tech Generalist Intern

## Amazon India — India
<https://www.amazon.jobs/en/search?base_query=intern&loc_query=India>

- 🎓 Financial Analyst Intern, Accounting
- 🎓 Pursuing CA, cleared IPCC preferably in the first attempt Available to intern with us for 11-12 months.

## Qualcomm — India
<https://careers.qualcomm.com/careers>

- 🤖 Engineer- Python Developement,QA-ML Hyderabad, Telangāna, India Software Engineering Posted 19 hours ago
- 🤖 Machine Learning Engineer Shanghai, China + 1 more Software Engineering Posted 19 hours ago
- 🤖 Voice AI Systems Test Engineer-Senior engineer Hyderabad, Telangāna, India Systems Test Engineering Posted 19 hours ago

## Kore.ai — Hyderabad
<https://kore.ai/careers/>

- 🤖 AI Solution Sales Specialist
- 🤖 Lead AI Customer Engineer — Fanatic Customer Support
- 💻 Software Engineer/Senior Software Engineer - Technical Support

## AMD India — Bengaluru
<https://careers.amd.com/careers-home>

- 🤖 AI Systems Validation Engineer
- 🤖 Sr. Forward Deployed AI Engineer

## Texas Instruments — Bengaluru
<https://careers.ti.com/>

- 🤖 TI Virtual Recruiter uses artificial intelligence and may make mistakes. By using this platform you acknowledge and agree to this
- 🎓 Top 100 Internship Programs

## Internshala Gurgaon — Gurugram
<https://internshala.com/internships/internship-in-gurgaon/>

- 🎓 Internships in Gurgaon: Top 3408 Paid Internship in Gurgaon

## MyCareersFuture (ML) — Singapore
<https://www.mycareersfuture.gov.sg/search?search=machine+learning&sortBy=new_posting_date>

- 🎓 If you are a fresh graduate looking for a traineeship opportunity
- 🎓 Junior Executive

## Signzy — Bengaluru
<https://www.signzy.com/careers/>

- 🎓 Associate Director - Enterprise Sales 883 days ago Chennai 7 years - 10 years Full Time
- 🎓 Lead Generation Associate (BLR) 14 days ago Bangalore 1 to 3 Full Time
- 🎓 Partnership Intern 14 days ago Mumbai 0 to 1 Full Time
- 🎓 Sales Associate 29 days ago Mumbai 1 - 2 years Full Time

## Nutanix — Bengaluru
<https://www.nutanix.com/careers>

- 🤖 Sr. Solutions Architect - AI

## Synechron — Pune
<https://www.synechron.com/careers>

- 🤖 💻 Fullstack developer with Python, .NET & AI ex... Toronto, ON, Canada JR1042251

## Internshala (Data Science) — India
<https://internshala.com/internships/data-science-internship/>

- 🤖 💻 Artificial Intelligence and Software Developer
- 🎓 🤖 Data Science Internships: Find 357 Data Science Intern Jobs
- 🎓 Tech Generalist Intern

## Internshala (Web Dev) — India
<https://internshala.com/internships/web-development-internship/>

- 🤖 💻 Artificial Intelligence and Software Developer
- 🎓 Tech Generalist Intern
- 🎓 Web Development Internships: 327+ Web Development Intern Jobs

## Internshala (Python) — India
<https://internshala.com/internships/python-internship/>

- 🤖 💻 Artificial Intelligence and Software Developer
- 🎓 Python Internships: Find 261 Python Intern Jobs

## Internshala (Full Stack) — India
<https://internshala.com/internships/full-stack-development-internship/>

- 🎓 💻 Full Stack Development Internships: 96+ Full Stack Development Intern Jobs

## Internshala (Backend) — India
<https://internshala.com/internships/back-end-development-internship/>

- 🤖 💻 Artificial Intelligence and Software Developer
- 🎓 💻 Backend Development Internships: Find 115 Backend Development Intern Jobs

## Internshala (App Dev) — India
<https://internshala.com/internships/mobile-app-development-internship/>

- 🎓 Mobile App Development Internships: Find 69 Mobile App Development Intern Jobs

## YC Work at a Startup — Remote
<https://www.workatastartup.com/jobs>

- 🤖 Applied AI Engineer
- 💻 Backend Engineer
- 💻 Founding Software Engineer
- 🎓 Software Engineering Intern
- 💻 Staff Software Engineer, SMS Team (Fullstack)

## AICTE Internship Portal — India
<https://internship.aicte-india.org/>

- 🎓 1 Crore Internship By 2027 | 79,57,193+ Internships | 82351 Companies
- 🎓 INTERNSHIP BY INDIAN ARMY

## Rupeek — Bengaluru
<https://rupeek.com/careers>

- 💻 Software Development Engineer III Location: Bengaluru, Karnataka, India 1 day ago

## Airwallex — Singapore
<https://www.airwallex.com/careers>

- 🎓 Associate, Credit Risk Operations Operations Management Operations Management • San Francisco Americas , San Francisco San Francisco
- 💻 Senior Backend Engineer, Spend Team (Cards) Engineering Engineering • Singapore APAC , Singapore Singapore
- 🤖 Staff Product Manager, AI Growth Product APAC, Singapore

## Moon Technolabs — Ahmedabad
<https://www.moontechnolabs.com/career-with-us/>

- 💻 Full Stack Developer
- 🎓 HR - Fresher

## Nutanix India — Bengaluru
<https://www.nutanix.com/company/careers>

- 🤖 Sr. Solutions Architect - AI

# 🔔 New career-page entries — 2026-07-23T02:43:56

## Accenture — Bengaluru
<https://www.accenture.com/in-en/careers/jobsearch?fl=Bengaluru>

- 🎓 Associate Manager - Academic Delivery
- 🎓 IMU Sales Capture Associate Director
- 🎓 Sales Capture Associate Director
- 🎓 Strategy Innovation Associate Director
- 🎓 Technology Education Associate Manager

## Accenture — Hyderabad
<https://www.accenture.com/in-en/careers/jobsearch?fl=Hyderabad>

- 🎓 Associate Manager - Academic Delivery
- 🎓 IMU Sales Capture Associate Director
- 🎓 Sales Capture Associate Director
- 🎓 Strategy Innovation Associate Director
- 🎓 Technology Education Associate Manager

## Accenture — Pune
<https://www.accenture.com/in-en/careers/jobsearch?fl=Pune>

- 🎓 Associate Manager - Academic Delivery
- 🎓 IMU Sales Capture Associate Director
- 🎓 Sales Capture Associate Director
- 🎓 Strategy Innovation Associate Director
- 🎓 Technology Education Associate Manager

## Accenture — Gurugram
<https://www.accenture.com/in-en/careers/jobsearch?fl=Gurugram>

- 🎓 Associate Manager - Academic Delivery
- 🎓 IMU Sales Capture Associate Director
- 🎓 Sales Capture Associate Director
- 🎓 Strategy Innovation Associate Director
- 🎓 Technology Education Associate Manager

## Capgemini — India
<https://www.capgemini.com/in-en/careers/join-capgemini/job-search/>

- 🤖 GCP Data Engineer Bangalore, Bhubaneswar, Chennai (ex Madras), Coimbatore, Gandhinagar + 13 Data & AI Permanent Experienced Professionals

## IBM — India
<https://www.ibm.com/in-en/careers/career-opportunities>

- 🎓 Associate SAP Consultant S/4HANA FI/CO
- 🎓 💻 Graduate Software Developer- start Sept 2027

## Tech Mahindra — India
<https://careers.techmahindra.com/>

- 🤖 Principle Architect - Software/ AI Native Engineer

## Zenskar — Bengaluru
<https://www.zenskar.com/careers>

- Account Executive-Mid Market(US)
- 🎓 Content Marketing Intern
- Customer Success & Solutions Manager
- 🎓 Customer Success Intern
- Engineering Manager
- Enterprise Account Executive (US)
- 🎓 Field Marketing & Events Intern
- Finance Executive
- Forward Deployed Engineer
- 🎓 Intern @ Zenskar
- Product Manager
- Product Security Engineer
- 🎓 Revenue Operations Intern
- 🤖 Senior GenAI Engineer
- Senior Solutions Engineer (US)
- Senior/Solutions Engineer
- Solutions Consultant
- 💻 Staff Engineer - Backend
- Talent Lead
- 💻 Tech Lead - Backend
- We're hiring across every function. Here's where we're building right now.
- or apply via our careers page here:

## Internshala (ML) — India
<https://internshala.com/internships/machine-learning-internship/>

- 🎓 🤖 AI Annotation Associate
- 🎓 🤖 Machine Learning Internships: Find 161 Machine Learning Intern Jobs

## Internshala (SDE) — India
<https://internshala.com/internships/software-development-internship/>

- 🎓 💻 Software Development Internships: 217+ Software Development Intern Jobs

## Internshala (AI) — India
<https://internshala.com/internships/artificial-intelligence-internship/>

- 🎓 🤖 Artificial intelligence Internships: Find 170 Artificial intelligence Intern Jobs

## YCombinator Jobs — Bengaluru
<https://www.ycombinator.com/jobs/location/bengaluru>

- 🤖 Vahan (S19) • AI recruiter for India's massive blue-collar workforce ( 30 days ago)

## Amazon India — India
<https://www.amazon.jobs/en/search?base_query=intern&loc_query=India>

- 🎓 Sales Rep Intern

## Qualcomm — India
<https://careers.qualcomm.com/careers>

- 🎓 1. Fy26 Intern - SW Architecture - HOD Hasharon, Israel
- 🎓 FY26 Intern - SW Architecture - Hod Hasharon, Israel
- 🎓 FY26 Intern - SW Architecture - Hod Hasharon, Israel Hod Hasharon, Haifa District, Israel Engineering Intern Posted 3 hours ago
- 🎓 Interns Group, Interns Group > Engineering Intern
- 💻 Senior Embedded Software Development Engineer San Diego, California, United States of America Software Engineering Posted a day ago
- 💻 Senior Embedded Software Development Engineer Santa Clara, California, United States of America Software Engineering Posted a day ago
- 💻 Staff Software Development Engineer Austin, Texas, United States of America Software Engineering Posted a day ago

## AMD India — Bengaluru
<https://careers.amd.com/careers-home>

- 🤖 💻 Staff Software Development Engineer: GPU, Computer Vision, AI/ML Ops

## Internshala Gurgaon — Gurugram
<https://internshala.com/internships/internship-in-gurgaon/>

- 🎓 Internships in Gurgaon: Top 3412 Paid Internship in Gurgaon

## MyCareersFuture (SDE) — Singapore
<https://www.mycareersfuture.gov.sg/search?search=software+engineer&sortBy=new_posting_date>

- 🎓 If you are a fresh graduate looking for a traineeship opportunity
- 🎓 Junior Executive

## Pine Labs — Noida
<https://www.pinelabs.com/careers>

- 🎓 Management Trainee Program
- 🎓 Our flagship summer internship program for students from premier B-schools.
- 🎓 Sales Trainee Program

## NICE — Pune
<https://www.nice.com/careers>

- 🤖 pageVisits-_glossary%2Fautomating-qa-with-ai
- 🤖 pageVisits-_info%2Ftop-trends-in-automating-qa-with-ai-what-you-need-to-know
- 🤖 pageVisits-_resources%2F5-executive-priorities-to-scale-agentic-ai-for-enterprise-value
- 🤖 pageVisits-_resources%2Fanalyst-backed-strategies-10-cx-ai-insights-for-executive-decision-makers
- 🤖 pageVisits-_resources%2Ftop-10-ai-first-cx-trends-to-lead-in-2026

## Internshala (Data Science) — India
<https://internshala.com/internships/data-science-internship/>

- 🎓 🤖 AI Annotation Associate
- 🎓 🤖 Data Science Internships: Find 359 Data Science Intern Jobs

## Internshala (Python) — India
<https://internshala.com/internships/python-internship/>

- 🎓 Python Internships: Find 263 Python Intern Jobs

## Internshala (Backend) — India
<https://internshala.com/internships/back-end-development-internship/>

- 🎓 💻 Backend Development Internships: Find 116 Backend Development Intern Jobs

## Internshala (App Dev) — India
<https://internshala.com/internships/mobile-app-development-internship/>

- 🎓 Mobile App Development Internships: Find 70 Mobile App Development Intern Jobs

## YC Work at a Startup — Remote
<https://www.workatastartup.com/jobs>

- 🎓 Electrical Engineering Intern
- 💻 Senior Software Engineer, Journeys Team (Fullstack)

## AICTE Internship Portal — India
<https://internship.aicte-india.org/>

- 🎓 1 Crore Internship By 2027 | 79,57,193+ Internships | 82353 Companies

## Anblicks — Hyderabad
<https://anblicks.com/careers/>

- 🤖 AI Engineer 105 days ago Hyderabad 4 -7 Yrs Full Time
- 🤖 AI Engineer 121 days ago Hyderabad 5-8 Years Full Time
- 🤖 Account Manager – Data & AI Solutions 129 days ago Hyderabad 7-12 Full Time
- 🎓 Associate Data Engineer 87 days ago Hyderabad 4+ Full Time
- 🎓 Associate Data Engineer 97 days ago Hyderabad 3+ Full Time
- 🎓 Associate Sr Data Engineer 112 days ago Ahmedabad , Hyderabad 5+ Years Full Time
- 🎓 Associate Sr. Data Engineer 128 days ago Hyderabad 5+ Full Time
- 🎓 Associate Sr. Data Engineer 97 days ago Hyderabad 5-8 Full Time
- 🎓 Associate Sr. DevOps Engineer 97 days ago Hyderabad 6-9 Full Time
- 🤖 Copilot AI Solutions Engineer 94 days ago Hyderabad 8+ Full Time
- 🎓 Engineer I - IT 38 days ago Ahmedabad 0-1 Full Time
- 🤖 Engineer II - Data Engg & AI 114 days ago Hyderabad 4+ Full Time
- 🤖 Engineer II - Data Engg & AI 164 days ago Ahmedabad , Hyderabad 5+ Full Time
- 🤖 Engineer III - App Engg & AI 112 days ago Ahmedabad , Hyderabad 4+ Full Time
- 🤖 Engineer III - App Engg & AI 34 days ago Ahmedabad , Hyderabad 6-7 Full Time
- 🤖 Engineer III - Data Engg & AI 112 days ago Ahmedabad , Hyderabad 5+ Full Time
- 🤖 Engineer III - Data Engg & AI 97 days ago Hyderabad 5+ Full Time
- 🤖 Engineer III - Quality Engg & AI 97 days ago Hyderabad 5+ Full Time
- 🤖 Engineer III- Cloud Engg & AI 112 days ago Ahmedabad , Hyderabad 5+ Full Time
- 💻 Full Stack Data Engineer 99 days ago Hyderabad 5 years Full Time
- 💻 Full Stack Engineer 111 days ago Hyderabad 8 years Full Time
- 💻 Full Stack Engineer 112 days ago Dallas 8-10 years Full Time
- 💻 Full Stack Engineer 52 days ago Dallas 10+ Full Time
- 💻 Full stack Engineer-React, Fast API 125 days ago Hyderabad , Ahmedabad 8-9 Years Full Time
- 💻 FullStack Developer III 24 days ago Dallas 10+ years Full Time
- 🤖 Lead AI Engineer 105 days ago Hyderabad 7 - 10 Yrs Full Time
- 🤖 Lead AI Engineer 78 days ago Ahmedabad 7+ Full Time
- 🤖 Lead Engineer - Cloud Engg & AI 2 days ago Ahmedabad , Hyderabad 10-12 Full Time
- 🤖 MLOps Manager 155 days ago Hyderabad 10 Years+ Full Time
- 🎓 Management Intern (Finance) 83 days ago Ahmedabad 0 Full Time
- 🎓 Management Intern (Human Resources) 83 days ago Hyderabad , Ahmedabad 0 Full Time
- 🎓 Management Intern (L&D/ Analytics) 83 days ago Ahmedabad , Hyderabad 0 Full Time
- 🤖 Senior / Lead ML Engineer (Databricks MLOps) 151 days ago Hyderabad 8 Years+ Full Time
- 💻 Senior Full Stack Software Engineer 154 days ago Hyderabad 8 - 12 Yrs Full Time
- 💻 Senior Full Stack Software Engineer 155 days ago Hyderabad 8 Yrs Full Time
- 🤖 Senior ML Engineer(Databricks MLOps) 155 days ago Hyderabad 8+ Yrs Full Time
- 💻 Senior Software Engineer - Graphs 156 days ago Hyderabad 5-8 Years Full Time
- 💻 Senior Software Engineer in Test (SDET) 36 days ago Hyderabad 5–8 Years Full Time
- 💻 Software Engineer in Test (SET) 69 days ago Hyderabad 3-5 Years Full Time
- 💻 Software Engineer in Test (SET) 99 days ago Hyderabad 3–5 Years Full Time
- 🤖 Sr AI Engineer 125 days ago Hyderabad 5-8 Years Full Time
- 🤖 Sr AI Engineer 2 days ago Hyderabad 8+ Full Time
- 🤖 Sr AI Engineer 73 days ago Hyderabad 8+ Full Time
- 🤖 Sr. Engineer I - Cloud Engg & AI 64 days ago Ahmedabad , Hyderabad 7-8 Years Full Time
- 🤖 Sr. Engineer I - Data Engg & AI 16 days ago Hyderabad 6+ Full Time
- 🤖 Sr. Engineer I - Data Engg & AI 77 days ago Hyderabad 6+ Full Time
- 🤖 Sr. Engineer II - Data Engg & AI 15 days ago Hyderabad 8+ Full Time
- 🤖 Staff Data Scientist – Healthcare 38 days ago Hyderabad 8-10 Years Full Time

## HealthKart — Gurugram
<https://www.healthkart.com/careers>

- 💻 Senior Java Software Engineer

## Airwallex — Singapore
<https://www.airwallex.com/careers>

- 🎓 Associate Director, Enterprise Marketing Marketing Americas, San Francisco
- 🤖 Engineering Lead, Infrastructure (Data & AI) Engineering Engineering • Singapore APAC , Singapore Singapore
- 🤖 💻 Senior Backend Engineer, Agentic AI Engineering Engineering • San Francisco Americas , San Francisco San Francisco
- 💻 Software Engineer Backend, Billing Engineering Engineering • Singapore APAC , Singapore Singapore
- 💻 Staff Software Engineer, Onboarding Team Engineering Singapore

## Entropik — Bengaluru
<https://www.entropik.io/careers>

- 🤖 Senior AI Engineer 34 days ago Chennai 4-6 years Full Time
- 💻 Senior Backend Engineer 17 days ago Chennai , Chennai 3-6 years Full Time

## E2M Solutions — Ahmedabad
<https://www.e2msolutions.com/careers/>

- 🤖 AI Adoption Specialist - SEO 122 days ago Ahmedabad 4 Years Full Time
- 🤖 AI Adoption Specialist 323 days ago Ahmedabad 3+ Years Full Time
- 🤖 AI Engineer 79 days ago Ahmedabad 2 -3 Years Full Time
- 🎓 🤖 Associate AI Engineer 83 days ago Ahmedabad 1 - 2 Years Full Time
- 🎓 Associate Client Account Manager - SEO 331 days ago Ahmedabad 1 - 3 Years Full Time
- 🎓 Associate Client Account Manager 55 days ago Ahmedabad 1- 2 Years Full Time
- 🎓 🤖 💻 Associate Full Stack AI Engineer 80 days ago Ahmedabad 1 - 2 Full Time
- 💻 Full Stack Developer 51 days ago Ahmedabad 3 -5 Years Full Time
- 🎓 🤖 Junior AI Automation Engineer 44 days ago Ahmedabad 1+ Years Full Time
- 🤖 QA Manager – AI Automation 234 days ago Ahmedabad 7 years Full Time
- 💻 Senior Frontend Wordpress Developer (US Shift) 351 days ago Ahmedabad 7+ Full Time
- 🤖 Technical Lead - AI 121 days ago Ahmedabad 5-8 Years Full Time

## Mastercard Pune — Pune
<https://careers.mastercard.com/us/en>

- 💻 Lead Software Engineer
- 💻 Senior Software Engineer
- 💻 Software Engineer II

# 🔔 New career-page entries — 2026-07-23T08:30:31

## IBM — India
<https://www.ibm.com/in-en/careers/career-opportunities>

- 🎓 Associate Application Consultant-EAI
- 🎓 Associate Package Consultant

## Cognizant — India
<https://careers.cognizant.com/global-en/jobs/>

- 🤖 AIML Data Scientist
- 🤖 Gen AI & Agentic AI Architect
- 🤖 Gen AI Engineer
- 🤖 MLOPS Engineer

## Tech Mahindra — India
<https://careers.techmahindra.com/>

- 🎓 Associate Network Architect

## Cognizant — India
<https://careers.cognizant.com/india-en/jobs/>

- 🤖 AIML Data Scientist
- 🤖 Gen AI & Agentic AI Architect
- 🤖 Gen AI Engineer
- 🤖 MLOPS Engineer

## Keka HR — Hyderabad
<https://www.keka.com/careers>

- Hiring & Onboarding
- Hiring & Onboarding Create a great candidate experience before and after joining
- Hiring Software
- We are hiring !

## Peoplebox — Bengaluru
<https://www.peoplebox.ai/careers>

- 🎓 Associate Product Manager (APM) 78 days ago BANGALORE Full Time
- Content Marketing Manager 353 days ago BANGALORE 4-6 Full Time
- SEO Lead 237 days ago BANGALORE 4-6 Full Time
- 💻 Senior Backend Engineer 349 days ago BANGALORE 5-9 Full Time
- Talent Acquisition Lead 127 days ago BANGALORE 5+ Full Time

## Meesho — Bengaluru
<https://www.meesho.io/jobs>

- Assistant Manager - Performance Marketing Commerce Platform Bangalore, Karnataka

## Internshala (ML) — India
<https://internshala.com/internships/machine-learning-internship/>

- 🎓 🤖 Machine Learning Internships: Find 160 Machine Learning Intern Jobs

## Internshala (SDE) — India
<https://internshala.com/internships/software-development-internship/>

- 🎓 🤖 AI Product Engineer Intern – Python & React(WFH)
- 🎓 💻 Software Development Internships: 220+ Software Development Intern Jobs

## YCombinator Jobs — Bengaluru
<https://www.ycombinator.com/jobs/location/bengaluru>

- 🤖 Vahan (S19) • AI recruiter for India's massive blue-collar workforce ( 17 days ago)

## Amazon India — India
<https://www.amazon.jobs/en/search?base_query=intern&loc_query=India>

- 🎓 Financial Analyst I Intern

## Qualcomm — India
<https://careers.qualcomm.com/careers>

- 🎓 Associate Engineer- Graphics Bangalore, India Software Engineering Posted 9 hours ago
- 🎓 FY26 Intern - SW Architecture - Hod Hasharon, Israel Hod Hasharon, Haifa District, Israel Engineering Intern Posted 9 hours ago
- 🤖 Staff Engineer- AI/Machine Learning R&D Bangalore, India Machine Learning Engineering Posted 9 hours ago

## Kore.ai — Hyderabad
<https://kore.ai/careers/>

- 🤖 Lead AI Customer Engineer — Fanatic Customer Support

## Tabby — Dubai
<https://tabby.ai/careers>

- 🎓 🤖 AI Intern KSA
- 💻 Backend Engineer II KSA
- 🎓 Compliance Associate Egypt
- 🎓 DBA Intern KSA
- 🎓 DevOps Intern KSA
- 🎓 FinOps Associate KSA
- 🎓 Information Security Intern KSA
- 🎓 💻 Intern Backend (Go) Engineer KSA
- 🎓 Intern QA Engineer KSA
- 💻 Senior Backend Engineer II Remote
- 🎓 Senior Enterprise Risk Associate Egypt
- 🎓 Senior Tax Associate KSA

## Internshala Gandhinagar — Gandhinagar
<https://internshala.com/internships/internship-in-gandhinagar/>

- 🎓 Sales Development Representative (SDR) Intern

## Internshala Pune — Pune
<https://internshala.com/internships/internship-in-pune/>

- 🎓 Content Writer Intern
- 🎓 Graduate Engineer Trainee

## Internshala Gurgaon — Gurugram
<https://internshala.com/internships/internship-in-gurgaon/>

- 🎓 Internships in Gurgaon: Top 3398 Paid Internship in Gurgaon

## Grab — Singapore
<https://grab.careers/>

- 🎓 GRIT Trainee

## MyCareersFuture (ML) — Singapore
<https://www.mycareersfuture.gov.sg/search?search=machine+learning&sortBy=new_posting_date>

- 🎓 If you are a fresh graduate looking for a traineeship opportunity
- 🎓 Junior Executive

## Synechron — Pune
<https://www.synechron.com/careers>

- 💻 Angular Full Stack + Java Engineer | Angular,... Mumbai, India JR1041816

## Internshala (Data Science) — India
<https://internshala.com/internships/data-science-internship/>

- 🤖 AI Prompt Engineer And Tester
- 🤖 AI Video Specialist
- 🎓 🤖 Data Science Internships: Find 354 Data Science Intern Jobs

## Internshala (Web Dev) — India
<https://internshala.com/internships/web-development-internship/>

- 🎓 Web Development Internships: 329+ Web Development Intern Jobs

## Internshala (Python) — India
<https://internshala.com/internships/python-internship/>

- 🎓 🤖 AI Product Engineer Intern – Python & React(WFH)
- 🎓 Python Internships: Find 264 Python Intern Jobs

## Internshala (Full Stack) — India
<https://internshala.com/internships/full-stack-development-internship/>

- 🎓 💻 Full Stack Development Internships: 97+ Full Stack Development Intern Jobs

## Internshala (Backend) — India
<https://internshala.com/internships/back-end-development-internship/>

- 🎓 🤖 AI Product Engineer Intern – Python & React(WFH)
- 🎓 💻 Backend Development Internships: Find 117 Backend Development Intern Jobs

## Internshala (App Dev) — India
<https://internshala.com/internships/mobile-app-development-internship/>

- 🎓 Mobile App Development Internships: Find 71 Mobile App Development Intern Jobs

## Internshala (Hyderabad) — Hyderabad
<https://internshala.com/internships/internship-in-hyderabad/>

- 🎓 SEO And Content Writing Internship - Healthcare

## YC Work at a Startup — Remote
<https://www.workatastartup.com/jobs>

- 💻 Senior Software Engineer, Email Team

## AICTE Internship Portal — India
<https://internship.aicte-india.org/>

- 🎓 1 Crore Internship By 2027 | 79,57,193+ Internships | 82357 Companies

## Airwallex — Singapore
<https://www.airwallex.com/careers>

- 💻 Senior Software Engineer, Scale Engineering EMEA, London
- 💻 Senior Software Engineer, Scale Engineering London

## Glints — Singapore
<https://glints.com/careers>

- 🎓 Account Operations Associate (HR Background)
- 🎓 Business Development Internship Rp1M Internship Minimum Bachelor’s Degree Sales Strategy Sales and Marketing + 2

## Softweb Solutions — Ahmedabad
<https://www.softwebsolutions.com/careers.html>

- 🎓 Intern

## Sapient/Publicis Sapient — Bengaluru
<https://careers.publicissapient.com/>

- 🤖 Alexandru Purdila, Specialist Data Scientist at Publicis Sapient
- 🤖 Christina Valore, Data Scientist Manager at Publicis Sapient

## NectarBits — Ahmedabad
<https://nectarbits.com/career>

- 💻 Cost to Hire Full Stack Developer

## Bitcot — Ahmedabad
<https://www.bitcot.com/careers/>

- 💻 Hire Full Stack Developer
- 🎓 Junior NodeJS Developer
- 🎓 Junior PHP Developer
- 🎓 Junior ReactJS Developer
- 🎓 Junior WordPress Developer
- 💻 Senior Web Developer

## Mindpath Technology — Ahmedabad
<https://www.mindpathtech.com/careers/>

- 🎓 Business Development Intern
- 🎓 Employment Type - Internship
- 🎓 💻 Frontend Developer Intern
- 🎓 Python Intern

## Bitsclan IT Solutions — India
<https://www.bitsclan.com/careers/>

- 💻 Full Stack & DevOps Engineers

## CoRover — Bengaluru
<https://corover.ai/careers/>

- 🤖 01 AI & ML Gen AI Developer/AI ML Engineer Bengaluru, India Full-Time 20 Jul 2026 Apply Now

## SRM Tech — Chennai
<https://www.srmtech.com/careers/>

- 💻 Programmer Analyst

## Agicent Technologies — Noida
<https://www.agicent.com/careers>

- 💻 Backend Developer
- 💻 Full Stack Developer

# 🔔 New career-page entries — 2026-07-23T13:59:27

## Accenture — Bengaluru
<https://www.accenture.com/in-en/careers/jobsearch?fl=Bengaluru>

- 🤖 AI Native Software Engineering Analyst
- 🎓 Analytics and Modeling Associate
- 🎓 Customer Contact Comms Associate-Voice
- 🎓 Customer Contact Communications Associate
- 🎓 Order to Cash Operations Associate
- 🎓 Procure to Pay Operations Associate
- 🎓 Procurement Operations New Associate

## Accenture — Hyderabad
<https://www.accenture.com/in-en/careers/jobsearch?fl=Hyderabad>

- 🤖 AI Native Software Engineering Analyst
- 🎓 Analytics and Modeling Associate
- 🎓 Customer Contact Comms Associate-Voice
- 🎓 Customer Contact Communications Associate
- 🎓 Order to Cash Operations Associate
- 🎓 Procure to Pay Operations Associate
- 🎓 Procurement Operations New Associate

## Accenture — Pune
<https://www.accenture.com/in-en/careers/jobsearch?fl=Pune>

- 🤖 AI Native Software Engineering Analyst
- 🎓 Analytics and Modeling Associate
- 🎓 Customer Contact Comms Associate-Voice
- 🎓 Customer Contact Communications Associate
- 🎓 Order to Cash Operations Associate
- 🎓 Procure to Pay Operations Associate
- 🎓 Procurement Operations New Associate

## Accenture — Gurugram
<https://www.accenture.com/in-en/careers/jobsearch?fl=Gurugram>

- 🤖 AI Native Software Engineering Analyst
- 🎓 Analytics and Modeling Associate
- 🎓 Customer Contact Comms Associate-Voice
- 🎓 Customer Contact Communications Associate
- 🎓 Order to Cash Operations Associate
- 🎓 Procure to Pay Operations Associate
- 🎓 Procurement Operations New Associate

## IBM — India
<https://www.ibm.com/in-en/careers/career-opportunities>

- 🎓 Associate Application Developer-EAI
- 🎓 Associate Business Transformation Consultant-Data Analytics
- 🎓 Associate visual designer

## Tech Mahindra — India
<https://careers.techmahindra.com/>

- 💻 Sr. Software Engineer

## Swiggy — Bengaluru
<https://careers.swiggy.com/>

- Lead- QOS

## Internshala (ML) — India
<https://internshala.com/internships/machine-learning-internship/>

- 🤖 AI Prompt Engineer & Tester
- 🎓 🤖 Machine Learning Internships: Find 163 Machine Learning Intern Jobs

## Internshala (SDE) — India
<https://internshala.com/internships/software-development-internship/>

- 🤖 AI Product Engineer – Python & React(WFH)
- 🎓 💻 Software Development Internships: 225+ Software Development Intern Jobs

## Internshala (AI) — India
<https://internshala.com/internships/artificial-intelligence-internship/>

- 🎓 🤖 Artificial intelligence Internships: Find 171 Artificial intelligence Intern Jobs
- 🎓 Associate Graphic Designer

## YCombinator Jobs — Bengaluru
<https://www.ycombinator.com/jobs/location/bengaluru>

- 🤖 Vahan (S19) • AI recruiter for India's massive blue-collar workforce ( about 1 month ago)

## Amazon India — India
<https://www.amazon.jobs/en/search?base_query=intern&loc_query=India>

- 🎓 Solution Architect Intern

## Qualcomm — India
<https://careers.qualcomm.com/careers>

- 🎓 Associate Engineer- Graphics Bangalore, India Software Engineering Posted 14 hours ago
- 🎓 FY26 Intern - SW Architecture - Hod Hasharon, Israel Hod Hasharon, Haifa District, Israel Engineering Intern Posted 14 hours ago
- 🤖 Staff Engineer- AI/Machine Learning R&D Bangalore, India Machine Learning Engineering Posted 14 hours ago

## AMD India — Bengaluru
<https://careers.amd.com/careers-home>

- 🤖 Principal Open Source AI/ML Solutions Engineer

## Internshala Gurgaon — Gurugram
<https://internshala.com/internships/internship-in-gurgaon/>

- 🎓 Internships in Gurgaon: Top 3461 Paid Internship in Gurgaon

## Grab — Singapore
<https://grab.careers/>

- 🎓 Associate, Collections Analytics and QC
- 🎓 Intern, Regional Public Affairs
- 🎓 Internship
- 🎓 KAM GrabFood, Associate

## Thunes — Singapore
<https://www.thunes.com/careers/>

- 🎓 Enterprise Singapore Graduate Scheme

## Tekion — Bengaluru
<https://tekion.com/careers>

- 💻 Architect, Software Engineering - Frontend - Integration

## Synechron — Pune
<https://www.synechron.com/careers>

- 🤖 Gen AI Engineer | Python & ML Bengaluru - Bellandur (GTP), India JR1039918
- 🤖 GenAI Engineer | LLMs, NLP & AWS Bengaluru - Thanissandra (BCIT), India JR1040815
- 🤖 GenAI Engineer | LLMs, NLP & Cloud (MLOps) Gurugram, India JR1041686
- 💻 Java Full-Stack Developer | Spring Boot & Rea... Hyderabad Eco Park, India JR1040667
- 🎓 Network Security Engineer | Firewalls, Cloud ... Bengaluru - EC-2 Gateway campus, India JR1040509
- 🤖 Principal AI Engineer Dallas, TX, United States of America JR1041938
- 🎓 PySpark Data Engineer | Big Data & Analytics Bengaluru - EC-2 Gateway campus, India JR1040510
- 🤖 Python AI Lead | ML, Cloud & Data Pipelines Bengaluru - Bellandur (GTP), India JR1041772
- 💻 Python Full Stack Developer | Asyncio, Cloud ... Bengaluru - Bellandur (GTP), India JR1041442

## Internshala (Data Science) — India
<https://internshala.com/internships/data-science-internship/>

- 🤖 AI Product Engineer – Python & React(WFH)
- 🤖 AI Prompt Engineer & Tester
- 🤖 AI Prompt Engineer and Tester
- 🎓 🤖 Data Science Internships: Find 362 Data Science Intern Jobs
- 🤖 Project Executive - AI Data Services

## Internshala (Web Dev) — India
<https://internshala.com/internships/web-development-internship/>

- 🤖 AI Product Engineer – Python & React(WFH)
- 🎓 Web Development Internships: 332+ Web Development Intern Jobs

## Internshala (Python) — India
<https://internshala.com/internships/python-internship/>

- 🤖 AI Product Engineer – Python & React(WFH)
- 🎓 Python Internships: Find 272 Python Intern Jobs

## Internshala (Full Stack) — India
<https://internshala.com/internships/full-stack-development-internship/>

- 🎓 💻 Full Stack Development Internships: 99+ Full Stack Development Intern Jobs

## Internshala (Frontend) — India
<https://internshala.com/internships/front-end-development-internship/>

- 🎓 💻 Frontend development Internships: Find 11 Frontend development Intern Jobs

## Internshala (Backend) — India
<https://internshala.com/internships/back-end-development-internship/>

- 🤖 AI Product Engineer – Python & React(WFH)
- 🎓 💻 Backend Development Internships: Find 118 Backend Development Intern Jobs

## Internshala (Bangalore) — Bengaluru
<https://internshala.com/internships/internship-in-bangalore/>

- 🎓 Linkedin Marketing Intern

## YC Work at a Startup — Remote
<https://www.workatastartup.com/jobs>

- 💻 Staff Software Engineer, SMS Team (Fullstack)

## AICTE Internship Portal — India
<https://internship.aicte-india.org/>

- 🎓 1 Crore Internship By 2027 | 79,57,193+ Internships | 82363 Companies

## Airwallex — Singapore
<https://www.airwallex.com/careers>

- 🎓 Senior Associate, Revenue Strategy & Enablement, EMEA Operations Management Berlin
- 💻 Senior Software Engineer Backend, Billing Engineering Engineering • Singapore APAC , Singapore Singapore
- 💻 Software Engineer Backend, Billing Engineering Engineering • Singapore APAC , Singapore Singapore

## Moon Technolabs — Ahmedabad
<https://www.moontechnolabs.com/career-with-us/>

- 🎓 Experience: Fresher
- 💻 Full Stack Developer
- 🎓 🤖 Trainee - AI/ML Developer
- 🎓 Trainee Accountant
- 🎓 Trainee Angular Developer
- 🎓 Trainee Business Development Executive
- 🎓 Trainee Node.js Developer
- 🎓 Trainee Product Sales executive - International
- 🎓 Trainee QA
- 🎓 Trainee Video Creator

# 🔔 New career-page entries — 2026-07-23T19:17:34

## Accenture — Bengaluru
<https://www.accenture.com/in-en/careers/jobsearch?fl=Bengaluru>

- 🎓 Associate Manager - Academic Delivery
- 🎓 IMU Sales Capture Associate Director
- 🎓 Sales Capture Associate Director
- 🎓 Strategy Innovation Associate Director
- 🎓 Technology Education Associate Manager

## Accenture — Hyderabad
<https://www.accenture.com/in-en/careers/jobsearch?fl=Hyderabad>

- 🎓 Associate Manager - Academic Delivery
- 🎓 IMU Sales Capture Associate Director
- 🎓 Sales Capture Associate Director
- 🎓 Strategy Innovation Associate Director
- 🎓 Technology Education Associate Manager

## Accenture — Pune
<https://www.accenture.com/in-en/careers/jobsearch?fl=Pune>

- 🎓 Associate Manager - Academic Delivery
- 🎓 IMU Sales Capture Associate Director
- 🎓 Sales Capture Associate Director
- 🎓 Strategy Innovation Associate Director
- 🎓 Technology Education Associate Manager

## Accenture — Gurugram
<https://www.accenture.com/in-en/careers/jobsearch?fl=Gurugram>

- 🎓 Associate Manager - Academic Delivery
- 🎓 IMU Sales Capture Associate Director
- 🎓 Sales Capture Associate Director
- 🎓 Strategy Innovation Associate Director
- 🎓 Technology Education Associate Manager

## Capgemini — India
<https://www.capgemini.com/in-en/careers/join-capgemini/job-search/>

- 🤖 GCP Data Engineer Pune, Salem, Tiruchirapalli, Tiruchirappalli, Bangalore + 13 Data & AI Permanent Experienced Professionals

## IBM — India
<https://www.ibm.com/in-en/careers/search>

- 🎓 🤖 Cloud Duales Studium 2027 Bachelor@IBM: Wirtschaftsinformatik - Data Science (f,m,x) Internship Ehningen, DE
- 🎓 Cloud Master@IBM IBM Cloud Technical Sales Specialist (f/m/x) Internship KOELN, DE
- 🤖 Consulting Technical Consultant-AI Integration Professional Bangalore, IN
- 🤖 Data & Analytics Data Scientist - AI - Managing Consultant Professional London, GB
- 🎓 Enterprise Operations Process Associate Order Management - Health Care (Voice) Professional Gurgaon, IN
- 🎓 Internship (89)
- 🎓 Sales Apprenti.e Account Manager – Data & IA & Business Analytics - IBM France - H/F Internship Bois Colombes Cedex, FR
- 🎓 Software Engineering IBM Consulting Interns Internship QUEZON CITY, PH
- 💻 Software Engineering Senior Software Engineer II, Confluent Secure Compute Professional Multiple Cities
- 💻 Software Engineering Staff Software Engineer I - Confluent Professional Bangalore, IN

## Cognizant — India
<https://careers.cognizant.com/global-en/jobs/>

- 🤖 Automation Test Manager with GenAI
- 🤖 Sr. ServiceNow AI Agent Engineer

## Cognizant — India
<https://careers.cognizant.com/india-en/jobs/>

- 🤖 Automation Test Manager with GenAI
- 🤖 Sr. ServiceNow AI Agent Engineer

## Cars24 — Gurugram
<https://www.cars24.com/careers/>

- Brand manager
- Product Manager
- Senior Graphic Designer
- Senior UI/UX Designer

## Internshala (ML) — India
<https://internshala.com/internships/machine-learning-internship/>

- 🎓 🤖 Machine Learning Internships: Find 158 Machine Learning Intern Jobs

## Internshala (SDE) — India
<https://internshala.com/internships/software-development-internship/>

- 🎓 💻 Software Development Internships: 221+ Software Development Intern Jobs

## Internshala (AI) — India
<https://internshala.com/internships/artificial-intelligence-internship/>

- 🎓 🤖 Artificial intelligence Internships: Find 166 Artificial intelligence Intern Jobs

## Qualcomm — India
<https://careers.qualcomm.com/careers>

- 🎓 1. Fy26 Intern - SW Architecture - HOD Hasharon, Israel
- 🤖 Engineer/Senior Engineer- ML Libraries/ARM Bangalore, India Software Engineering Posted 19 hours ago
- 🤖 Experienced DSP & AI Development Engineer - Hod HaSharon Hod Hasharon, Haifa District, Israel Modem Technologies Posted 11 days ago
- 🎓 FY26 Intern - SW Architecture - Hod Hasharon, Israel Hod Hasharon, Haifa District, Israel Engineering Intern Posted 19 hours ago
- 🎓 🤖 Intern FY27 - AI Driven Test Automation Engineer - Hod Hasharon Hod Hasharon, Haifa District, Israel Engineering Intern Posted 2 months ago
- 🎓 Interns Group, Interns Group > Engineering Intern

## Kore.ai — Hyderabad
<https://kore.ai/careers/>

- 🤖 AI Solution Sales Specialist
- 🎓 Associate Director - Global Partner Marketing – Hyperscaler
- 💻 Software Engineer/Senior Software Engineer - Technical Support

## AMD India — Bengaluru
<https://careers.amd.com/careers-home>

- 🤖 Senior Field Application Engineer – AI

## Tabby — Dubai
<https://tabby.ai/careers>

- 🎓 🤖 AI Intern KSA
- 💻 Backend Engineer II KSA
- 🎓 Compliance Associate Egypt
- 🎓 DBA Intern KSA
- 🎓 DevOps Intern KSA
- 🎓 FinOps Associate KSA
- 🎓 Information Security Intern KSA
- 🎓 💻 Intern Backend (Go) Engineer KSA
- 🎓 Intern QA Engineer KSA
- 💻 Senior Backend Engineer II Remote
- 🎓 Senior Enterprise Risk Associate Egypt
- 🎓 Senior Tax Associate KSA

## Internshala Pune — Pune
<https://internshala.com/internships/internship-in-pune/>

- 🎓 Internship Studio

## Internshala Gurgaon — Gurugram
<https://internshala.com/internships/internship-in-gurgaon/>

- 🎓 Internships in Gurgaon: Top 3360 Paid Internship in Gurgaon

## ShopBack — Singapore
<https://careers.shopback.com/>

- 🎓 Commercial Associate Director, Business Development (Enterprise Accounts) Hong Kong, Hong Kong Full-time onsite
- 🎓 Commercial Business Development Executive (Fresh Graduate) Hong Kong, Hong Kong Full-time onsite
- 🎓 Commercial Campaigns Associate Kuala Lumpur, Malaysia Full-time onsite
- 🎓 Commercial Marketing Associate Taipei, Taiwan Full-time onsite

## Yulu — Bengaluru
<https://www.yulu.bike/careers/>

- 🎓 Associate Director

## Sleek — Singapore
<https://sleek.com/careers/>

- 🎓 Social Media and Community Internship

## Internshala (Data Science) — India
<https://internshala.com/internships/data-science-internship/>

- 🎓 🤖 Data Science Internships: Find 353 Data Science Intern Jobs
- 🎓 Tech Generalist Intern

## Internshala (Web Dev) — India
<https://internshala.com/internships/web-development-internship/>

- 🎓 Web Development Internships: 324+ Web Development Intern Jobs

## Internshala (Python) — India
<https://internshala.com/internships/python-internship/>

- 🎓 Python Internships: Find 259 Python Intern Jobs

## Internshala (Full Stack) — India
<https://internshala.com/internships/full-stack-development-internship/>

- 🎓 💻 Full Stack Development Internships: 97+ Full Stack Development Intern Jobs

## Internshala (App Dev) — India
<https://internshala.com/internships/mobile-app-development-internship/>

- 🎓 Mobile App Development Internships: Find 66 Mobile App Development Intern Jobs

## YC Work at a Startup — Remote
<https://www.workatastartup.com/jobs>

- 💻 Backend Engineer
- 🎓 Electrical Engineering Intern
- 💻 Founding Software Engineer
- 🎓 Intern

## Rupeek — Bengaluru
<https://rupeek.com/careers>

- 💻 Software Development Engineer III Location: Bengaluru, Karnataka, India 2 days ago

## Airwallex — Singapore
<https://www.airwallex.com/careers>

- 🎓 Senior Associate, Revenue Strategy & Enablement, EMEA Operations Management London
- 🤖 Senior Data Scientist, Analytics (Regulatory Reporting) Product Singapore
- 💻 Senior Software Engineer, Scale Engineering London
- 💻 Senior Software Engineer, Transaction Risk Engineering Engineering • Singapore APAC , Singapore Singapore
- 🤖 Staff Product Manager, AI Enablement Product San Francisco

## Glints — Singapore
<https://glints.com/careers>

- 🎓 Agent Contact Center Maskapai Penerbangan - Yogyakarta Rp2.8M - Rp2.8M Contract Minimum Associate Degree Call Center Customer Service + 4

## Mindpath Technology — Ahmedabad
<https://www.mindpathtech.com/careers/>

- 🎓 Business Development Intern
- 🎓 Employment Type - Internship
- 🎓 💻 Frontend Developer Intern
- 🎓 Python Intern

## SilverXis — Ahmedabad
<https://silverxis.com/jobs/>

- 💻 Software Engineer | Irving, TX

## Systango Technologies — Indore
<https://www.systango.com/careers>

- 🤖 Senior AI Engineer (S04)

## Affine — Bengaluru
<https://www.affine.ai/careers>

- 🤖 Data Science Hybrid Consultant- Data Scientist with GenAI Bengaluru 5-8 years Full Time CON01479 View Job
- 🤖 Data Science Hybrid Data Scientist with GenAI Bengaluru 3-6 years Full Time SEN01478 View Job
- 💻 Engineering Remote Java Backend Engineer Bengaluru 3-4 years Full Time CON01498 View Job

# 🔔 New career-page entries — 2026-07-24T02:40:14

## IBM — India
<https://www.ibm.com/in-en/careers/career-opportunities>

- 🎓 Associate visual designer

## Cognizant — India
<https://careers.cognizant.com/global-en/jobs/>

- 💻 Senior Full Stack Technical Lead (Java/React)
- 💻 Sr. Software Engineer (Java)

## Cognizant — India
<https://careers.cognizant.com/india-en/jobs/>

- 💻 Senior Full Stack Technical Lead (Java/React)
- 💻 Sr. Software Engineer (Java)

## Zenskar — Bengaluru
<https://www.zenskar.com/careers>

- Account Executive-Mid Market(US)
- Customer Success & Solutions Manager
- Engineering Manager
- Enterprise Account Executive (US)
- 🎓 Field Marketing & Events Intern
- Finance Executive
- Forward Deployed Engineer
- 🎓 Intern @ Zenskar
- Product Manager
- Product Security Engineer
- 🎓 Revenue Operations Intern
- 🤖 Senior GenAI Engineer
- Senior Solutions Engineer (US)
- Senior/Solutions Engineer
- Solutions Consultant
- 💻 Staff Engineer - Backend
- Talent Lead
- 💻 Tech Lead - Backend
- We're hiring across every function. Here's where we're building right now.
- or apply via our careers page here:

## Peoplebox — Bengaluru
<https://www.peoplebox.ai/careers>

- 🎓 Associate Product Manager (APM) 79 days ago BANGALORE Full Time
- Content Marketing Manager 354 days ago BANGALORE 4-6 Full Time
- SEO Lead 238 days ago BANGALORE 4-6 Full Time
- 💻 Senior Backend Engineer 350 days ago BANGALORE 5-9 Full Time
- Talent Acquisition Lead 128 days ago BANGALORE 5+ Full Time

## Internshala (ML) — India
<https://internshala.com/internships/machine-learning-internship/>

- 🎓 🤖 Machine Learning Internships: Find 157 Machine Learning Intern Jobs

## Internshala (SDE) — India
<https://internshala.com/internships/software-development-internship/>

- 🎓 💻 Software Development Internships: 223+ Software Development Intern Jobs

## Qualcomm — India
<https://careers.qualcomm.com/careers>

- 🎓 FY26 Intern - SW Architecture - Hod Hasharon, Israel Hod Hasharon, Haifa District, Israel Engineering Intern Posted a day ago
- 🤖 💻 Senior Machine Learning Software Engineer San Diego, California, United States of America Machine Learning Engineering Posted a day ago

## Internshala Gurgaon — Gurugram
<https://internshala.com/internships/internship-in-gurgaon/>

- 🎓 Internships in Gurgaon: Top 3359 Paid Internship in Gurgaon

## Grab — Singapore
<https://grab.careers/>

- 🎓 💻 Intern, Software Engineer Mobile

## NICE — Pune
<https://www.nice.com/careers>

- 🤖 pageVisits-_glossary%2Fautomating-qa-with-ai
- 🤖 pageVisits-_info%2Ftop-trends-in-automating-qa-with-ai-what-you-need-to-know
- 🤖 pageVisits-_resources%2F5-executive-priorities-to-scale-agentic-ai-for-enterprise-value
- 🤖 pageVisits-_resources%2Fanalyst-backed-strategies-10-cx-ai-insights-for-executive-decision-makers
- 🤖 pageVisits-_resources%2Ftop-10-ai-first-cx-trends-to-lead-in-2026

## Synechron — Pune
<https://www.synechron.com/careers>

- 🤖 💻 Sr Full Stack/AI Engineer Charlotte, NC, United States of America JR1042009

## Internshala (Data Science) — India
<https://internshala.com/internships/data-science-internship/>

- 🎓 🤖 Data Science Internships: Find 352 Data Science Intern Jobs

## Internshala (Web Dev) — India
<https://internshala.com/internships/web-development-internship/>

- 🎓 Web Development Internships: 326+ Web Development Intern Jobs

## Internshala (Backend) — India
<https://internshala.com/internships/back-end-development-internship/>

- 🎓 💻 Backend Development Internships: Find 119 Backend Development Intern Jobs

## Internshala (App Dev) — India
<https://internshala.com/internships/mobile-app-development-internship/>

- 🎓 Mobile App Development Internships: Find 65 Mobile App Development Intern Jobs

## AICTE Internship Portal — India
<https://internship.aicte-india.org/>

- 🎓 1 Crore Internship By 2027 | 79,57,193+ Internships | 82366 Companies
- 🎓 1. What is the AICTE Internship Portal?
- 🎓 100's OF AEROSPACE INTERNSHIP
- 🎓 1M1B GREEN INTERNSHIP | SALESFORCE
- 🎓 2. Is the AICTE Internship Portal free for students?
- 🎓 3. What types of internships are available on the AICTE Internship Portal?
- 🎓 6. How does the AICTE Internship Portal help colleges?
- 🎓 8. How does the AICTE Internship Portal support skill development?
- 🎓 AICTE Internship Portal
- 🎓 AICTE Internship Portal - National Internship Portal for Students & Verified Internships India
- 🎓 AICTE Research Internship Opportunity
- 🎓 AMRUTAM 2.0 INTERNSHIP
- 🎓 AMRUTAM 2.0 Pin WELLS INTERNSHIP
- 🎓 About AICTE Internship portal
- 🎓 Download AICTE Internship Portal Mobile App
- 🎓 Dream Internship from anywhere, anytime for anyone.
- 🎓 Employer/Post Internship
- 🎓 Find an Internship
- 🎓 Finding the right intern just became easy.
- 🎓 GENERATION GREEN SUSTAINABILITY INTERNSHIP by OPPO
- 🎓 Hire an Intern
- 🎓 INTERNSHIP BY ARCHITECT OF INDIA
- 🎓 INTERNSHIP BY AUTODESK
- 🎓 INTERNSHIP BY Bharatiya Bhasha Samiti
- 🎓 INTERNSHIP BY EDUSKILLS
- 🎓 INTERNSHIP BY Government of Maharashtra
- 🎓 INTERNSHIP BY IDEA-LAB
- 🎓 INTERNSHIP BY IDS
- 🎓 INTERNSHIP BY INDIAN ARMY
- 🎓 INTERNSHIP BY INTERNSHALA
- 🎓 INTERNSHIP BY JEEVITAM
- 🎓 INTERNSHIP BY Land Ports Authority of India
- 🎓 INTERNSHIP BY Ministry of Cooperation
- 🎓 INTERNSHIP BY NHIDCL
- 🎓 INTERNSHIP BY Rural Ministry (PRATIBHA)
- 🎓 INTERNSHIP BY SAMAGRA-Code for GovTech
- 🎓 INTERNSHIP BY SERVICE NOW
- 🎓 INTERNSHIP BY TVI
- 🎓 INTERNSHIP BY leadsquared
- 🎓 Internship Blogs
- 🎓 Internship Report 2025-26
- 🎓 Mongodb Internship by SmartBridge
- 🎓 Recently Added Internship
- 🎓 Recently Posted Internship
- 🎓 Tulip Internship Song
- 🎓 Yes, both paid and unpaid internships are available on the AICTE Internship Portal, depending on the company and role.
- 🎓 Yes, many organizations offer remote, hybrid, and work-from-home internships through the AICTE Internship Portal.
- 🎓 Yes, the AICTE Internship Portal is free of cost for students to register, create profiles, and apply for internships.
- 🎓 Your dream internship is just a click away
- 🎓 internship@aicte-india.org

## Anblicks — Hyderabad
<https://anblicks.com/careers/>

- 🤖 AI Engineer 106 days ago Hyderabad 4 -7 Yrs Full Time
- 🤖 AI Engineer 122 days ago Hyderabad 5-8 Years Full Time
- 🤖 Account Manager – Data & AI Solutions 130 days ago Hyderabad 7-12 Full Time
- 🎓 Associate Data Engineer 88 days ago Hyderabad 4+ Full Time
- 🎓 Associate Data Engineer 98 days ago Hyderabad 3+ Full Time
- 🎓 Associate Sr Data Engineer 113 days ago Ahmedabad , Hyderabad 5+ Years Full Time
- 🎓 Associate Sr. Data Engineer 129 days ago Hyderabad 5+ Full Time
- 🎓 Associate Sr. Data Engineer 98 days ago Hyderabad 5-8 Full Time
- 🎓 Associate Sr. DevOps Engineer 98 days ago Hyderabad 6-9 Full Time
- 🤖 Copilot AI Solutions Engineer 95 days ago Hyderabad 8+ Full Time
- 🎓 Engineer I - IT 39 days ago Ahmedabad 0-1 Full Time
- 🤖 Engineer II - Data Engg & AI 115 days ago Hyderabad 4+ Full Time
- 🤖 Engineer II - Data Engg & AI 165 days ago Ahmedabad , Hyderabad 5+ Full Time
- 🤖 Engineer III - App Engg & AI 113 days ago Ahmedabad , Hyderabad 4+ Full Time
- 🤖 Engineer III - App Engg & AI 35 days ago Ahmedabad , Hyderabad 6-7 Full Time
- 🤖 Engineer III - Data Engg & AI 113 days ago Ahmedabad , Hyderabad 5+ Full Time
- 🤖 Engineer III - Data Engg & AI 98 days ago Hyderabad 5+ Full Time
- 🤖 Engineer III - Quality Engg & AI 98 days ago Hyderabad 5+ Full Time
- 🤖 Engineer III- Cloud Engg & AI 113 days ago Ahmedabad , Hyderabad 5+ Full Time
- 💻 Full Stack Data Engineer 100 days ago Hyderabad 5 years Full Time
- 💻 Full Stack Engineer 112 days ago Hyderabad 8 years Full Time
- 💻 Full Stack Engineer 53 days ago Dallas 10+ Full Time
- 💻 Full stack Engineer-React, Fast API 126 days ago Hyderabad , Ahmedabad 8-9 Years Full Time
- 💻 FullStack Developer III 25 days ago Dallas 10+ years Full Time
- 🤖 Lead AI Engineer 106 days ago Hyderabad 7 - 10 Yrs Full Time
- 🤖 Lead AI Engineer 79 days ago Ahmedabad 7+ Full Time
- 🤖 Lead Engineer - Cloud Engg & AI 3 days ago Ahmedabad , Hyderabad 10-12 Full Time
- 🤖 MLOps Manager 156 days ago Hyderabad 10 Years+ Full Time
- 🎓 Management Intern (Finance) 84 days ago Ahmedabad 0 Full Time
- 🎓 Management Intern (Human Resources) 84 days ago Hyderabad , Ahmedabad 0 Full Time
- 🎓 Management Intern (L&D/ Analytics) 84 days ago Ahmedabad , Hyderabad 0 Full Time
- 🤖 Senior / Lead ML Engineer (Databricks MLOps) 152 days ago Hyderabad 8 Years+ Full Time
- 💻 Senior Full Stack Software Engineer 155 days ago Hyderabad 8 - 12 Yrs Full Time
- 💻 Senior Full Stack Software Engineer 156 days ago Hyderabad 8 Yrs Full Time
- 🤖 Senior ML Engineer(Databricks MLOps) 156 days ago Hyderabad 8+ Yrs Full Time
- 💻 Senior Software Engineer - Graphs 157 days ago Hyderabad 5-8 Years Full Time
- 💻 Senior Software Engineer in Test (SDET) 37 days ago Hyderabad 5–8 Years Full Time
- 💻 Software Engineer in Test (SET) 100 days ago Hyderabad 3–5 Years Full Time
- 💻 Software Engineer in Test (SET) 70 days ago Hyderabad 3-5 Years Full Time
- 🤖 Sr AI Engineer 126 days ago Hyderabad 5-8 Years Full Time
- 🤖 Sr AI Engineer 3 days ago Hyderabad 8+ Full Time
- 🤖 Sr AI Engineer 74 days ago Hyderabad 8+ Full Time
- 🤖 Sr. Engineer I - Cloud Engg & AI 65 days ago Ahmedabad , Hyderabad 7-8 Years Full Time
- 🤖 Sr. Engineer I - Data Engg & AI 17 days ago Hyderabad 6+ Full Time
- 🤖 Sr. Engineer I - Data Engg & AI 78 days ago Hyderabad 6+ Full Time
- 🤖 Sr. Engineer II - Data Engg & AI 16 days ago Hyderabad 8+ Full Time
- 🤖 Staff Data Scientist – Healthcare 39 days ago Hyderabad 8-10 Years Full Time

## Airwallex — Singapore
<https://www.airwallex.com/careers>

- 🤖 Account Executive, Startups (AI Solutions) Startups Startups • Singapore APAC , Singapore Singapore
- 🎓 Associate Director, Obligations Management Regulatory & Compliance Americas, New York
- 💻 Senior Software Engineer, Scale Engineering Engineering • London EMEA , London London
- 💻 Staff Software Engineer, Lending Engineering Engineering • Singapore APAC , Singapore Singapore

## Entropik — Bengaluru
<https://www.entropik.io/careers>

- 🤖 Senior AI Engineer 35 days ago Chennai 4-6 years Full Time
- 💻 Senior Backend Engineer 18 days ago Chennai , Chennai 3-6 years Full Time

## Webs Optimization — Ahmedabad
<https://www.websoptimization.com/career>

- 💻 (as a developer, software engineer, or similar technical role)
- 💻 Frontend Developer
- 💻 Full Stack Java Developer (Angular + Spring)
- 💻 Job Description – Frontend Developer (Angular & React)
- 💻 Job Opportunity | Sr. Full Stack Java Developer | Ahmedabad (Work from Office)
- 💻 Job Opportunity || Frontend Developer | 2 - 3 Years | Ahmedabad (Work from Office)
- 💻 Mernstack Full Stack Developer
- 💻 Sr. Full Stack Java Developer
- 💻 Sr. Full Stack Java Developer (Angular + Spring)
- 💻 Work closely with Designers, Backend Developers, QA, and Project Managers

## Moon Technolabs — Ahmedabad
<https://www.moontechnolabs.com/career-with-us/>

- 💻 Full Stack Developer

## E2M Solutions — Ahmedabad
<https://www.e2msolutions.com/careers/>

- 🤖 AI Adoption Specialist - SEO 123 days ago Ahmedabad 4 Years Full Time
- 🤖 AI Adoption Specialist 324 days ago Ahmedabad 3+ Years Full Time
- 🤖 AI Engineer 80 days ago Ahmedabad 2 -3 Years Full Time
- 🎓 🤖 Associate AI Engineer 84 days ago Ahmedabad 1 - 2 Years Full Time
- 🎓 Associate Client Account Manager - SEO 332 days ago Ahmedabad 1 - 3 Years Full Time
- 🎓 Associate Client Account Manager 56 days ago Ahmedabad 1- 2 Years Full Time
- 🎓 🤖 💻 Associate Full Stack AI Engineer 81 days ago Ahmedabad 1 - 2 Full Time
- 💻 Full Stack Developer 52 days ago Ahmedabad 3 -5 Years Full Time
- 🎓 🤖 Junior AI Automation Engineer 45 days ago Ahmedabad 1+ Years Full Time
- 🤖 QA Manager – AI Automation 235 days ago Ahmedabad 7 years Full Time
- 💻 Senior Frontend Wordpress Developer (US Shift) 352 days ago Ahmedabad 7+ Full Time
- 🤖 Technical Lead - AI 122 days ago Ahmedabad 5-8 Years Full Time

# 🔔 New career-page entries — 2026-07-24T08:27:29

## Capgemini — India
<https://www.capgemini.com/in-en/careers/join-capgemini/job-search/>

- 💻 Lead Software Engineer Navi Mumbai Software Engineering Permanent Experienced Professionals

## IBM — India
<https://www.ibm.com/in-en/careers/search>

- 🎓 🤖 Cloud Duales Studium 2027 Bachelor@IBM: Wirtschaftsinformatik - Data Science (f,m,x) Internship Ehningen, DE
- 🎓 Cloud Master@IBM IBM Cloud Technical Sales Specialist (f/m/x) Internship KOELN, DE
- 🤖 Data & Analytics Data Scientist - AI - Managing Consultant Professional London, GB
- 💻 Data & Analytics Sr. Software Engineer (TS/SCI) Professional Multiple Cities
- 🎓 Infrastructure & Technology Associate Technical SAP Package Specialist (September 2026 - Calgary) Entry Level Calgary, CA
- 🎓 Internship (88)
- 💻 Software Engineering Application Developer-Cloud FullStack Professional Bangalore, IN
- 🎓 Software Engineering IBM Consulting Interns Internship QUEZON CITY, PH
- 💻 Software Engineering Staff Software Engineer I - Confluent Professional Bangalore, IN

## Swiggy — Bengaluru
<https://careers.swiggy.com/>

- Key Account Manager II

## Internshala (AI) — India
<https://internshala.com/internships/artificial-intelligence-internship/>

- 🎓 🤖 Artificial intelligence Internships: Find 168 Artificial intelligence Intern Jobs

## YCombinator Jobs — Bengaluru
<https://www.ycombinator.com/jobs/location/bengaluru>

- 🤖 Vahan (S19) • AI recruiter for India's massive blue-collar workforce ( 18 days ago)

## Amazon India — India
<https://www.amazon.jobs/en/search?base_query=intern&loc_query=India>

- 🎓 Financial Analyst Intern, Accounting
- 🎓 Pursuing CA, cleared IPCC preferably in the first attempt Available to intern with us for 11-12 months.

## Qualcomm — India
<https://careers.qualcomm.com/careers>

- 💻 2. Senior Software Engineer
- 💻 3. Software Engineer
- 💻 4. Lead Software Engineer
- 💻 5. Principal Software Engineer
- 🤖 ADAS AI Customer Engineer/Sr Guangdong, China Software Applications Engineering Posted 9 hours ago
- 💻 CAD Front End CPU Methodology and Automation Engineer, Sr Staff Bangalore, India Hardware Engineering Posted 9 hours ago
- 🤖 Senior Engineer - EDA ML Tools - Customer Engineering(Physical Design) Bangalore, India Software Engineering Posted 9 hours ago
- 💻 Senior Team Center Developer Hyderabad, Telangāna, India IT Software Developer Posted 9 hours ago
- 🤖 Staff Engineer - EDA ML Tools - Customer Engineering(Physical design) Bangalore, India Software Engineering Posted 9 hours ago
- 🤖 Staff Engineer- EDA ML Tools - Customer Engineering(Physical Design) Bangalore, India Machine Learning Engineering Posted 9 hours ago
- 🎓 Support Engineer, Associate Hyderabad, Telangāna, India Support Engineering Posted 9 hours ago

## Wadhwani AI — India
<https://www.wadhwaniai.org/careers/>

- 🎓 Program Trainee

## AMD India — Bengaluru
<https://careers.amd.com/careers-home>

- 🤖 Agentic AI Systems Engineer – Fab, Assembly & Test
- 🤖 Staff Manufacturing Systems Engineer (AI & Automation)

## Tabby — Dubai
<https://tabby.ai/careers>

- 🎓 🤖 AI Intern KSA
- 💻 Backend Engineer II KSA
- 🎓 Compliance Associate Egypt
- 🎓 DBA Intern KSA
- 🎓 DevOps Intern KSA
- 🎓 FinOps Associate KSA
- 🎓 Information Security Intern KSA
- 🎓 💻 Intern Backend (Go) Engineer KSA
- 🎓 Intern QA Engineer KSA
- 💻 Senior Backend Engineer II Remote
- 🎓 Senior Enterprise Risk Associate Egypt
- 🎓 Senior Tax Associate KSA

## Internshala Pune — Pune
<https://internshala.com/internships/internship-in-pune/>

- 🎓 Gallery Intern

## Internshala Noida — Noida
<https://internshala.com/internships/internship-in-noida/>

- 🎓 Founders Office Associate

## Internshala Gurgaon — Gurugram
<https://internshala.com/internships/internship-in-gurgaon/>

- 🎓 Founders Office Associate
- 🎓 Internships in Gurgaon: Top 3414 Paid Internship in Gurgaon

## Grab — Singapore
<https://grab.careers/>

- 🎓 Intern, Strategy & Analytics, Transport
- 🤖 Senior Data Scientist (Analytics)

## MyCareersFuture (SDE) — Singapore
<https://www.mycareersfuture.gov.sg/search?search=software+engineer&sortBy=new_posting_date>

- 🎓 If you are a fresh graduate looking for a traineeship opportunity
- 🎓 Junior Executive

## Zluri — Hyderabad
<https://www.zluri.com/careers>

- 💻 Senior Software Engineer (Backend) Bangalore 3-5 years Full Time
- 💻 Software Development Engineer in Test (SDET 2) 3-6 years Full Time

## Synechron — Pune
<https://www.synechron.com/careers>

- 🤖 Capital Markets Tech Lead | AI, Blockchain & ... Pune - Hinjewadi (Ascendas), India JR1041491

## M-DAQ — Singapore
<https://www.m-daq.com/careers/>

- 🎓 Business Management Intern
- 🎓 Finance & Admin Intern
- 🎓 Partnerships Intern
- 🎓 Sales Support Intern (Capital Markets)

## Internshala (Data Science) — India
<https://internshala.com/internships/data-science-internship/>

- 🎓 🤖 Data Science Internships: Find 366 Data Science Intern Jobs

## Internshala (Web Dev) — India
<https://internshala.com/internships/web-development-internship/>

- 🎓 Web Development Internships: 330+ Web Development Intern Jobs

## Internshala (Python) — India
<https://internshala.com/internships/python-internship/>

- 🎓 Python Internships: Find 260 Python Intern Jobs

## Internshala (Full Stack) — India
<https://internshala.com/internships/full-stack-development-internship/>

- 🎓 💻 Full Stack Development Internships: 98+ Full Stack Development Intern Jobs

## Internshala (Frontend) — India
<https://internshala.com/internships/front-end-development-internship/>

- 🎓 💻 Frontend development Internships: Find 10 Frontend development Intern Jobs

## Internshala (Backend) — India
<https://internshala.com/internships/back-end-development-internship/>

- 🎓 💻 Backend Development Internships: Find 120 Backend Development Intern Jobs

## Internshala (App Dev) — India
<https://internshala.com/internships/mobile-app-development-internship/>

- 🎓 Mobile App Development Internships: Find 66 Mobile App Development Intern Jobs

## YC Work at a Startup — Remote
<https://www.workatastartup.com/jobs>

- 💻 Founding Software Engineer
- 💻 Senior Software Engineer, Email Team
- 🎓 Software Engineering Intern

## AICTE Internship Portal — India
<https://internship.aicte-india.org/>

- 🎓 1 Crore Internship By 2027 | 79,57,193+ Internships | 82369 Companies

## Awign — Gurugram
<https://www.awign.com/careers>

- 🎓 Data annotation and labelling for Awign- Associate

## Airwallex — Singapore
<https://www.airwallex.com/careers>

- 💻 Principal Software Engineer, Tech Platform, Edge Team Engineering Singapore
- 🤖 Senior AI Engineer Engineering APAC, Singapore
- 💻 Senior Software Engineer Backend, Billing Engineering Singapore
- 💻 Senior Software Engineer, Business Accounts Engineering Engineering • Sydney APAC , Sydney Sydney
- 🤖 💻 Staff Software Engineer, AI Tooling Engineering APAC, Melbourne

## Softweb Solutions — Ahmedabad
<https://www.softwebsolutions.com/careers.html>

- 🎓 Intern

## Spiral Mantra — India
<https://spiralmantra.com/careers/>

- 🤖 Hire AI Engineer
- 💻 Hire Backend Developer
- 💻 Hire Frontend Developer
- 🤖 Hire ML Engineer
- 🤖 Spiral Mantra excels in IT services, offering app development, DevOps, and data engineering with scalable, secure, and AI-driven solutions.

## BMC Software Pune — Pune
<https://bmcrecruit.avature.net/careers>

- 🎓 Associate License Compliance Analyst

# 🔔 New career-page entries — 2026-07-24T13:45:25

## GIFT City (aggregator) — Gandhinagar
<https://giftgujarat.in/company-job-openings>

- Chief Manager - AIF
- Deputy Manager - Manager

## Capgemini — India
<https://www.capgemini.com/in-en/careers/join-capgemini/job-search/>

- 🤖 AI/Gen AI Lead Chennai (ex Madras) Portfolio & Product Management Permanent Experienced Professionals
- 🤖 PLM Consulting - Digital Engineering - Engineering Strategy & Transformation Lead Pune Data & AI Permanent Experienced Professionals

## Peoplebox — Bengaluru
<https://www.peoplebox.ai/careers>

- 🎓 Associate Product Manager (APM) 79 days ago BANGALORE Full Time
- Content Marketing Manager 354 days ago BANGALORE 4-6 Full Time
- SEO Lead 238 days ago BANGALORE 4-6 Full Time
- 💻 Senior Backend Engineer 350 days ago BANGALORE 5-9 Full Time
- Talent Acquisition Lead 128 days ago BANGALORE 5+ Full Time

## Swiggy — Bengaluru
<https://careers.swiggy.com/>

- 🎓 HR Intern

## Internshala (ML) — India
<https://internshala.com/internships/machine-learning-internship/>

- 🎓 🤖 Machine Learning Internships: Find 161 Machine Learning Intern Jobs

## Internshala (SDE) — India
<https://internshala.com/internships/software-development-internship/>

- 🎓 💻 Junior Full Stack Developer
- 🎓 💻 Software Development Internships: 226+ Software Development Intern Jobs

## Internshala (AI) — India
<https://internshala.com/internships/artificial-intelligence-internship/>

- 🎓 🤖 Artificial intelligence Internships: Find 169 Artificial intelligence Intern Jobs

## Amazon India — India
<https://www.amazon.jobs/en/search?base_query=intern&loc_query=India>

- 🎓 Solution Architect Intern

## Qualcomm — India
<https://careers.qualcomm.com/careers>

- 💻 1. Senior Software Developer
- 💻 2. Software Developer
- 💻 3. Senior Software Engineer
- 💻 4. Software Engineer
- 💻 5. Lead Software Engineer
- 💻 CAD Front End CPU Methodology and Automation Engineer, Sr Staff Bangalore, India Hardware Engineering Posted 14 hours ago
- 🤖 Generative AI Engineer, Senior Staff/Manager (LLM/VLM) Ho Chi Minh, Hồ Chí Minh, Vietnam Machine Learning Engineering Posted 14 hours ago
- 💻 Information Technology Group, Information Technology Group > IT Software Developer
- 💻 Senior Team Center Developer Hyderabad, Telangāna, India IT Software Developer Posted 14 hours ago
- 🤖 Staff Engineer - EDA ML Tools - Customer Engineering(Physical design) Bangalore, India Software Engineering Posted 14 hours ago
- 🤖 Staff Engineer- EDA ML Tools - Customer Engineering(Physical Design) Bangalore, India Machine Learning Engineering Posted 14 hours ago

## AMD India — Bengaluru
<https://careers.amd.com/careers-home>

- 🤖 AI Field Application Engineering Manager - EMEA
- 🎓 Graduate Trainee - Product Development Engineer

## Internshala Noida — Noida
<https://internshala.com/internships/internship-in-noida/>

- 🎓 Campus Promotion Associate(Remote)
- 🎓 Intern Photographer
- 🎓 Management Intern (BD & Pre Sales)

## Internshala Gurgaon — Gurugram
<https://internshala.com/internships/internship-in-gurgaon/>

- 🎓 Campus Promotion Associate(Remote)
- 🎓 Intern Photographer
- 🎓 Internships in Gurgaon: Top 3492 Paid Internship in Gurgaon
- 🎓 Management Intern (BD & Pre Sales)

## MyCareersFuture (ML) — Singapore
<https://www.mycareersfuture.gov.sg/search?search=machine+learning&sortBy=new_posting_date>

- 🎓 If you are a fresh graduate looking for a traineeship opportunity
- 🎓 Junior Executive

## Cashfree — Bengaluru
<https://www.cashfree.com/careers/>

- 🎓 Associate Director - Banking & Alliance Product
- 💻 Software Development Engineer - 3

## Signzy — Bengaluru
<https://www.signzy.com/careers/>

- 🎓 Lead Generation Associate (BLR) 16 days ago Bangalore 1 to 3 Full Time
- 🎓 Partnership Intern 16 days ago Mumbai 0 to 1 Full Time
- 🎓 Sales Associate 31 days ago Mumbai 1 - 2 years Full Time

## Pine Labs — Noida
<https://www.pinelabs.com/careers>

- 🎓 Management Trainee Program
- 🎓 Our flagship summer internship program for students from premier B-schools.
- 🎓 Sales Trainee Program

## Thunes — Singapore
<https://www.thunes.com/careers/>

- 🎓 Enterprise Singapore Graduate Scheme

## Tekion — Bengaluru
<https://tekion.com/careers>

- 💻 Architect, Software Engineering - Frontend - Integration

## Synechron — Pune
<https://www.synechron.com/careers>

- 🤖 Gen AI/LLM Engineer | Python & GCP Chennai, India JR1037182

## Internshala (Data Science) — India
<https://internshala.com/internships/data-science-internship/>

- 🤖 AI Consultant
- 🤖 Business Development Executive For AI
- 🎓 🤖 Data Science Internships: Find 376 Data Science Intern Jobs

## Internshala (Web Dev) — India
<https://internshala.com/internships/web-development-internship/>

- 🎓 💻 Junior Full Stack Developer
- 💻 MERN Stack Web Developer
- 🎓 Web Development Internships: 341+ Web Development Intern Jobs

## Internshala (Python) — India
<https://internshala.com/internships/python-internship/>

- 🎓 💻 Full Stack Engineer - Intern
- 🎓 💻 Junior Full Stack Developer
- 🎓 Python Internships: Find 268 Python Intern Jobs

## Internshala (Full Stack) — India
<https://internshala.com/internships/full-stack-development-internship/>

- 🎓 💻 Full Stack Development Internships: 103+ Full Stack Development Intern Jobs
- 🎓 💻 Junior Full Stack Developer
- 💻 MERN Stack Web Developer

## Internshala (Backend) — India
<https://internshala.com/internships/back-end-development-internship/>

- 🎓 💻 Backend Development Internships: Find 123 Backend Development Intern Jobs
- 🎓 💻 Junior Full Stack Developer
- 💻 MERN Stack Web Developer

## Internshala (App Dev) — India
<https://internshala.com/internships/mobile-app-development-internship/>

- 🎓 Mobile App Development Internships: Find 67 Mobile App Development Intern Jobs

## Internshala (Bangalore) — Bengaluru
<https://internshala.com/internships/internship-in-bangalore/>

- 🎓 Campus Promotion Associate(Remote)
- 🎓 Curation Intern
- 🎓 GTM Intern
- 🎓 💻 Junior Full Stack Developer

## YC Work at a Startup — Remote
<https://www.workatastartup.com/jobs>

- 💻 Senior Software Engineer, Journeys Team (Fullstack)

## AICTE Internship Portal — India
<https://internship.aicte-india.org/>

- 🎓 1 Crore Internship By 2027 | 79,57,193+ Internships | 82372 Companies

## Rupeek — Bengaluru
<https://rupeek.com/careers>

- 🎓 Senior Manager/ Associate Director - Lender Partnerships Location: Bengaluru, Karnataka, India 2 hours ago
- 💻 Software Development Engineer III Location: Bengaluru, Karnataka, India 3 hours ago

## Airwallex — Singapore
<https://www.airwallex.com/careers>

- 🎓 Associate Corporate Counsel Legal & Licensing Americas, San Francisco
- 🤖 Senior Data Scientist, Growth Analytics Engineering Americas, San Francisco
- 💻 Senior Software Engineer (Frontend), Business Accounts Engineering Engineering • Sydney APAC , Sydney Sydney
- 💻 Senior Software Engineer – Database Engineering Engineering • Seattle Americas , Seattle Seattle
- 🤖 💻 Senior Software Engineer, AI Tooling Engineering Engineering • Melbourne APAC , Melbourne Melbourne
- 🤖 💻 Staff Backend Engineer, Agentic AI Engineering San Francisco
- 💻 Staff Backend Engineer, Issuing Platform Engineering APAC, Singapore

## Moon Technolabs — Ahmedabad
<https://www.moontechnolabs.com/career-with-us/>

- 💻 Full Stack Developer

## CoRover — Bengaluru
<https://corover.ai/careers/>

- 💻 04 Engineering Full Stack Developer Bengaluru, India Full-Time 19 Jul 2026 Apply Now

## Systango Technologies — Indore
<https://www.systango.com/careers>

- 🤖 Senior AI Engineer (S04)

# 🔔 New career-page entries — 2026-07-24T19:25:15

## SmartSense Consulting Solutions — Gandhinagar
<https://www.smartsensesolutions.com/career>

- 💻 Full Stack Developer
- QA Automation Engineer
- Sr. QA Engineer
- View Opening

## Capgemini — India
<https://www.capgemini.com/in-en/careers/join-capgemini/job-search/>

- 🤖 Palantir Developer Hyderabad, Bangalore, Mumbai, Chennai (ex Madras), Pune Data & AI Permanent Experienced Professionals
- 🤖 Pyspark Developer Navi Mumbai, Bangalore, Pune, Hyderabad, Chennai (ex Madras) Data & AI Permanent Executives

## Cognizant — India
<https://careers.cognizant.com/global-en/jobs/>

- 🎓 Associate Director, M&A and Global Tax Planning

## Tech Mahindra — India
<https://careers.techmahindra.com/>

- 🎓 Associate Technical Architect
- 💻 Full Stack Java Developer

## Cognizant — India
<https://careers.cognizant.com/india-en/jobs/>

- 🎓 Associate Director, M&A and Global Tax Planning

## Zenskar — Bengaluru
<https://www.zenskar.com/careers>

- Account Executive-Mid Market(US)
- Customer Success & Solutions Manager
- Engineering Manager
- Enterprise Account Executive (US)
- 🎓 Field Marketing & Events Intern
- Finance Executive
- Forward Deployed Engineer
- 🎓 Intern @ Zenskar
- Product Manager
- Product Security Engineer
- 🎓 Revenue Operations Intern
- 🤖 Senior GenAI Engineer
- Senior Solutions Engineer (US)
- Senior/Solutions Engineer
- Solutions Consultant
- 💻 Staff Engineer - Backend
- Talent Lead
- 💻 Tech Lead - Backend
- We're hiring across every function. Here's where we're building right now.
- or apply via our careers page here:

## Cars24 — Gurugram
<https://www.cars24.com/careers/>

- Brand manager
- Product Manager
- Senior Graphic Designer
- Senior UI/UX Designer

## Internshala (ML) — India
<https://internshala.com/internships/machine-learning-internship/>

- 🎓 🤖 Machine Learning Internships: Find 158 Machine Learning Intern Jobs

## Internshala (SDE) — India
<https://internshala.com/internships/software-development-internship/>

- 🎓 💻 Software Development Internships: 216+ Software Development Intern Jobs

## Internshala (AI) — India
<https://internshala.com/internships/artificial-intelligence-internship/>

- 🎓 🤖 Artificial intelligence Internships: Find 158 Artificial intelligence Intern Jobs

## Amazon India — India
<https://www.amazon.jobs/en/search?base_query=intern&loc_query=India>

- 🎓 General Marketing Intern

## Qualcomm — India
<https://careers.qualcomm.com/careers>

- 💻 2. Senior Software Engineer
- 💻 5. Principal Software Engineer
- 🤖 ADAS AI Customer Engineer/Sr Guangdong, China Software Applications Engineering Posted 19 hours ago
- 🤖 Generative AI Engineer Leader
- 🤖 Generative AI Engineer, Senior Staff/Manager (LLM/VLM)
- 🤖 Generative AI Engineer, Senior Staff/Manager (LLM/VLM) Ho Chi Minh, Hồ Chí Minh, Vietnam Machine Learning Engineering Posted 19 hours ago
- 🤖 Senior Engineer - EDA ML Tools - Customer Engineering(Physical Design) Bangalore, India Software Engineering Posted 19 hours ago
- 💻 Senior Team Center Developer Hyderabad, Telangāna, India IT Software Developer Posted 19 hours ago
- 🤖 Staff Engineer - EDA ML Tools - Customer Engineering(Physical design) Bangalore, India Software Engineering Posted 19 hours ago
- 🤖 Staff Engineer- EDA ML Tools - Customer Engineering(Physical Design) Bangalore, India Machine Learning Engineering Posted 19 hours ago
- 🎓 Support Engineer, Associate Hyderabad, Telangāna, India Support Engineering Posted 19 hours ago

## Atlassian — Bengaluru
<https://www.atlassian.com/company/careers/all-jobs>

- 🎓 Account Associate, LATAM (Portuguese Speaking)
- 🎓 Account Associate, Mid-Market (Renewals)
- 🎓 Associate Customer Success Manager
- 🎓 Associate Solution Engineer, Mid Market (West)
- 🤖 Principal Machine Learning Engineer
- 🤖 Principal Machine Learning Systems Engineer
- 💻 Principal Software Engineer - Search and Data
- 🤖 Senior Account Executive , AI & Digital Natives (Bay Area)
- 🤖 Senior Account Executive , AI and Digital Native (NYC)
- 🤖 Senior Design Manager, Jira AI
- 🤖 Senior Machine Learning Manager
- 🤖 Senior Machine Learning System Engineer
- 🤖 Senior Machine Learning Systems Engineering Manager - AI & ML Platform
- 🤖 Senior Manager, AI & Digital Natives
- 🤖 Senior Solution Consultant, Teamwork Foundations + AI
- 🤖 Senior Systems Engineer — AI Code Metrics Daemon
- 💻 Software Engineer
- 🤖 Solution Sales Executive, Enterprise Work Management & AI

## Goldman Sachs Eng — Bengaluru
<https://www.goldmansachs.com/careers/students/>

- 🎓 Explore Internship Opportunities

## AMD India — Bengaluru
<https://careers.amd.com/careers-home>

- 🤖 💻 System Design Engineer - AI Cluster Software Engineer

## Tabby — Dubai
<https://tabby.ai/careers>

- 🎓 🤖 AI Intern KSA
- 💻 Backend Engineer II KSA
- 🎓 Compliance Associate Egypt
- 🎓 DBA Intern KSA
- 🎓 DevOps Intern KSA
- 🎓 FinOps Associate KSA
- 🎓 Information Security Intern KSA
- 🎓 💻 Intern Backend (Go) Engineer KSA
- 🎓 Intern QA Engineer KSA
- 💻 Senior Backend Engineer II Remote
- 🎓 Senior Enterprise Risk Associate Egypt
- 🎓 Senior Tax Associate KSA

## Internshala Gurgaon — Gurugram
<https://internshala.com/internships/internship-in-gurgaon/>

- 🎓 Internships in Gurgaon: Top 3399 Paid Internship in Gurgaon

## MyCareersFuture (SDE) — Singapore
<https://www.mycareersfuture.gov.sg/search?search=software+engineer&sortBy=new_posting_date>

- 🎓 If you are a fresh graduate looking for a traineeship opportunity
- 🎓 Junior Executive

## Mindtickle — Pune
<https://www.mindtickle.com/careers/>

- 🎓 Senior Field Marketing Associate Remote — Full-Time Remote, US

## Wingify — Pune
<https://wingify.com/careers/>

- 🎓 Intern - Website Development
- 💻 Senior Software Engineer - Backend & Search
- 💻 Senior Software Engineer - Client Services
- 💻 Software Engineer - QA (Client Services team)
- 💻 Software Engineer – Backend (Commerce)
- 💻 Software Engineer – Full Stack

## Techwave — Hyderabad
<https://techwave.wd108.myworkdayjobs.com/TechWave_Careers>

- 🤖 AI Architect
- 🎓 Finance Intern
- 🎓 Junior FI Consultant
- 🎓 Junior Public Cloud Consultant
- 🤖 Service Delivery Manager – AI/ML and Data
- 🎓 Techwave Junior SAP Consultant Program

## Internshala (Data Science) — India
<https://internshala.com/internships/data-science-internship/>

- 🎓 🤖 Data Science Internships: Find 370 Data Science Intern Jobs

## Internshala (Web Dev) — India
<https://internshala.com/internships/web-development-internship/>

- 🎓 Web Development Internships: 334+ Web Development Intern Jobs

## Internshala (Python) — India
<https://internshala.com/internships/python-internship/>

- 🎓 Python Internships: Find 264 Python Intern Jobs

## Internshala (Full Stack) — India
<https://internshala.com/internships/full-stack-development-internship/>

- 🎓 💻 Full Stack Development Internships: 102+ Full Stack Development Intern Jobs

## Internshala (Frontend) — India
<https://internshala.com/internships/front-end-development-internship/>

- 🎓 💻 Frontend development Internships: Find 9 Frontend development Intern Jobs

## Internshala (Backend) — India
<https://internshala.com/internships/back-end-development-internship/>

- 🎓 💻 Backend Development Internships: Find 120 Backend Development Intern Jobs

## Internshala (App Dev) — India
<https://internshala.com/internships/mobile-app-development-internship/>

- 🎓 Mobile App Development Internships: Find 64 Mobile App Development Intern Jobs

## YC Work at a Startup — Remote
<https://www.workatastartup.com/jobs>

- 🎓 Electrical Engineering Intern
- 💻 Senior Software Engineer, Email Team

## AICTE Internship Portal — India
<https://internship.aicte-india.org/>

- 🎓 1 Crore Internship By 2027 | 79,57,193+ Internships | 82373 Companies

## Rupeek — Bengaluru
<https://rupeek.com/careers>

- 🎓 Senior Manager/ Associate Director - Lender Partnerships Location: Bengaluru, Karnataka, India 8 hours ago
- 💻 Software Development Engineer III Location: Bengaluru, Karnataka, India 8 hours ago

## Airwallex — Singapore
<https://www.airwallex.com/careers>

- 🎓 Associate Director, FCC Models & Product Risk Regulatory & Compliance Regulatory & Compliance • Portland Americas , Portland Portland
- 🤖 Engineering Manager, AI Tooling Engineering Engineering • Melbourne APAC , Melbourne Melbourne
- 💻 Senior Software Engineer, Financial Platform Engineering APAC, Singapore
- 💻 Staff Software Engineer, Scale Engineering Engineering • London EMEA , London London

## Softweb Solutions — Ahmedabad
<https://www.softwebsolutions.com/careers.html>

- 🎓 Intern

## Moon Technolabs — Ahmedabad
<https://www.moontechnolabs.com/career-with-us/>

- 🎓 HR - Fresher
- 🤖 Sr. AI/ML Developer

## Affine — Bengaluru
<https://www.affine.ai/careers>

- 🤖 Data Science Hybrid Consultant- Data Scientist with GenAI Bengaluru 5-8 years Full Time CON01479 View Job
- 🤖 Data Science Hybrid Data Scientist with GenAI Bengaluru 3-6 years Full Time SEN01478 View Job
- 💻 Engineering Remote Java Backend Engineer Bengaluru 3-4 years Full Time CON01498 View Job

## Antuit.ai — Bengaluru
<https://www.antuit.ai/careers/>

- 🎓 Associate Engagement

# 🔔 New career-page entries — 2026-07-25T02:37:21

## IBM — India
<https://www.ibm.com/in-en/careers/career-opportunities>

- 🎓 Associate Application Consultant-EAI
- 🎓 Entry Level Sales Specialist (Data)

## Cognizant — India
<https://careers.cognizant.com/global-en/jobs/>

- 💻 Backend Developer
- 💻 Frontend Developer
- 💻 Fullstack Developer

## Cognizant — India
<https://careers.cognizant.com/india-en/jobs/>

- 💻 Backend Developer
- 💻 Frontend Developer
- 💻 Fullstack Developer

## Peoplebox — Bengaluru
<https://www.peoplebox.ai/careers>

- 🎓 Associate Product Manager (APM) 80 days ago BANGALORE Full Time
- Content Marketing Manager 355 days ago BANGALORE 4-6 Full Time
- SEO Lead 239 days ago BANGALORE 4-6 Full Time
- 💻 Senior Backend Engineer 351 days ago BANGALORE 5-9 Full Time
- Talent Acquisition Lead 129 days ago BANGALORE 5+ Full Time

## Internshala (ML) — India
<https://internshala.com/internships/machine-learning-internship/>

- 🎓 🤖 Machine Learning Internships: Find 156 Machine Learning Intern Jobs

## Internshala (SDE) — India
<https://internshala.com/internships/software-development-internship/>

- 🎓 💻 Software Development Internships: 217+ Software Development Intern Jobs

## Qualcomm — India
<https://careers.qualcomm.com/careers>

- 🤖 ADAS AI Customer Engineer/Sr Guangdong, China Software Applications Engineering Posted a day ago
- 🤖 Generative AI Engineer, Senior Staff/Manager (LLM/VLM) Ho Chi Minh, Hồ Chí Minh, Vietnam Machine Learning Engineering Posted a day ago
- 🤖 Senior Engineer - EDA ML Tools - Customer Engineering(Physical Design) Bangalore, India Software Engineering Posted a day ago
- 💻 Senior Modem Technologies Software Engineer San Diego, California, United States of America Software Engineering Posted 4 days ago
- 💻 Senior Team Center Developer Hyderabad, Telangāna, India IT Software Developer Posted a day ago
- 🤖 Staff Engineer - EDA ML Tools - Customer Engineering(Physical design) Bangalore, India Software Engineering Posted a day ago
- 🤖 Staff Engineer- EDA ML Tools - Customer Engineering(Physical Design) Bangalore, India Machine Learning Engineering Posted a day ago
- 🤖 Wireless Systems Test Engineer (WLAN & Edge AI) Chennai, Tamil Nādu, India Systems Test Engineering Posted 2 days ago

## AMD India — Bengaluru
<https://careers.amd.com/careers-home>

- 🤖 💻 AI Model, Framework, and GPU Software Engineer – Agentic AI
- 🤖 AI Validation and Test Engineer

## Internshala Gurgaon — Gurugram
<https://internshala.com/internships/internship-in-gurgaon/>

- 🎓 Internships in Gurgaon: Top 3398 Paid Internship in Gurgaon

## MyCareersFuture (ML) — Singapore
<https://www.mycareersfuture.gov.sg/search?search=machine+learning&sortBy=new_posting_date>

- 🎓 If you are a fresh graduate looking for a traineeship opportunity
- 🎓 Junior Executive

## Pine Labs — Noida
<https://www.pinelabs.com/careers>

- 🎓 Management Trainee Program
- 🎓 Our flagship summer internship program for students from premier B-schools.
- 🎓 Sales Trainee Program

## Sleek — Singapore
<https://sleek.com/careers/>

- 🎓 Social Media and Community Internship

## Internshala (Data Science) — India
<https://internshala.com/internships/data-science-internship/>

- 🎓 🤖 Data Science Internships: Find 367 Data Science Intern Jobs

## Internshala (Web Dev) — India
<https://internshala.com/internships/web-development-internship/>

- 🎓 Web Development Internships: 335+ Web Development Intern Jobs

## Internshala (Python) — India
<https://internshala.com/internships/python-internship/>

- 🎓 Python Internships: Find 261 Python Intern Jobs

## Internshala (Full Stack) — India
<https://internshala.com/internships/full-stack-development-internship/>

- 🎓 💻 Full Stack Development Internships: 103+ Full Stack Development Intern Jobs

## Internshala (Backend) — India
<https://internshala.com/internships/back-end-development-internship/>

- 🎓 💻 Backend Development Internships: Find 118 Backend Development Intern Jobs
- 🤖 Data Scientist

## Internshala (App Dev) — India
<https://internshala.com/internships/mobile-app-development-internship/>

- 🎓 Mobile App Development Internships: Find 65 Mobile App Development Intern Jobs

## YC Work at a Startup — Remote
<https://www.workatastartup.com/jobs>

- 🤖 Applied AI Engineer
- 💻 Backend Engineer
- 💻 Founding Software Engineer
- 💻 Staff Software Engineer, SMS Team (Fullstack)

## AICTE Internship Portal — India
<https://internship.aicte-india.org/>

- 🎓 1 Crore Internship By 2027 | 79,57,193+ Internships | 82374 Companies

## Rupeek — Bengaluru
<https://rupeek.com/careers>

- 🎓 Senior Manager/ Associate Director - Lender Partnerships Location: Bengaluru, Karnataka, India 13 hours ago
- 💻 Software Development Engineer III Location: Bengaluru, Karnataka, India 14 hours ago

## Anblicks — Hyderabad
<https://anblicks.com/careers/>

- 🤖 AI Engineer 107 days ago Hyderabad 4 -7 Yrs Full Time
- 🤖 AI Engineer 123 days ago Hyderabad 5-8 Years Full Time
- 🤖 Account Manager – Data & AI Solutions 131 days ago Hyderabad 7-12 Full Time
- 🎓 Associate Data Engineer 89 days ago Hyderabad 4+ Full Time
- 🎓 Associate Data Engineer 99 days ago Hyderabad 3+ Full Time
- 🎓 Associate Sr Data Engineer 114 days ago Ahmedabad , Hyderabad 5+ Years Full Time
- 🎓 Associate Sr. Data Engineer 130 days ago Hyderabad 5+ Full Time
- 🎓 Associate Sr. Data Engineer 99 days ago Hyderabad 5-8 Full Time
- 🎓 Associate Sr. DevOps Engineer 99 days ago Hyderabad 6-9 Full Time
- 🤖 Copilot AI Solutions Engineer 96 days ago Hyderabad 8+ Full Time
- 🎓 Engineer I - IT 40 days ago Ahmedabad 0-1 Full Time
- 🤖 Engineer II - Data Engg & AI 116 days ago Hyderabad 4+ Full Time
- 🤖 Engineer II - Data Engg & AI 166 days ago Ahmedabad , Hyderabad 5+ Full Time
- 🤖 Engineer III - App Engg & AI 114 days ago Ahmedabad , Hyderabad 4+ Full Time
- 🤖 Engineer III - App Engg & AI 36 days ago Ahmedabad , Hyderabad 6-7 Full Time
- 🤖 Engineer III - Data Engg & AI 114 days ago Ahmedabad , Hyderabad 5+ Full Time
- 🤖 Engineer III - Data Engg & AI 99 days ago Hyderabad 5+ Full Time
- 🤖 Engineer III - Quality Engg & AI 99 days ago Hyderabad 5+ Full Time
- 🤖 Engineer III- Cloud Engg & AI 114 days ago Ahmedabad , Hyderabad 5+ Full Time
- 💻 Full Stack Data Engineer 101 days ago Hyderabad 5 years Full Time
- 💻 Full Stack Engineer 113 days ago Hyderabad 8 years Full Time
- 💻 Full Stack Engineer 54 days ago Dallas 10+ Full Time
- 💻 Full stack Engineer-React, Fast API 127 days ago Hyderabad , Ahmedabad 8-9 Years Full Time
- 💻 FullStack Developer III 26 days ago Dallas 10+ years Full Time
- 🤖 Lead AI Engineer 107 days ago Hyderabad 7 - 10 Yrs Full Time
- 🤖 Lead AI Engineer 80 days ago Ahmedabad 7+ Full Time
- 🤖 Lead Engineer - Cloud Engg & AI 4 days ago Ahmedabad , Hyderabad 10-12 Full Time
- 🤖 MLOps Manager 157 days ago Hyderabad 10 Years+ Full Time
- 🎓 Management Intern (Finance) 85 days ago Ahmedabad 0 Full Time
- 🎓 Management Intern (Human Resources) 85 days ago Hyderabad , Ahmedabad 0 Full Time
- 🎓 Management Intern (L&D/ Analytics) 85 days ago Ahmedabad , Hyderabad 0 Full Time
- 🤖 Senior / Lead ML Engineer (Databricks MLOps) 153 days ago Hyderabad 8 Years+ Full Time
- 💻 Senior Full Stack Software Engineer 156 days ago Hyderabad 8 - 12 Yrs Full Time
- 💻 Senior Full Stack Software Engineer 157 days ago Hyderabad 8 Yrs Full Time
- 🤖 Senior ML Engineer(Databricks MLOps) 157 days ago Hyderabad 8+ Yrs Full Time
- 💻 Senior Software Engineer - Graphs 158 days ago Hyderabad 5-8 Years Full Time
- 💻 Senior Software Engineer in Test (SDET) 38 days ago Hyderabad 5–8 Years Full Time
- 💻 Software Engineer in Test (SET) 101 days ago Hyderabad 3–5 Years Full Time
- 💻 Software Engineer in Test (SET) 71 days ago Hyderabad 3-5 Years Full Time
- 🤖 Sr AI Engineer 127 days ago Hyderabad 5-8 Years Full Time
- 🤖 Sr AI Engineer 4 days ago Hyderabad 8+ Full Time
- 🤖 Sr AI Engineer 75 days ago Hyderabad 8+ Full Time
- 🤖 Sr. Engineer I - Cloud Engg & AI 66 days ago Ahmedabad , Hyderabad 7-8 Years Full Time
- 🤖 Sr. Engineer I - Data Engg & AI 18 days ago Hyderabad 6+ Full Time
- 🤖 Sr. Engineer I - Data Engg & AI 79 days ago Hyderabad 6+ Full Time
- 🤖 Sr. Engineer II - Data Engg & AI 17 days ago Hyderabad 8+ Full Time
- 🤖 Staff Data Scientist – Healthcare 40 days ago Hyderabad 8-10 Years Full Time

## HealthKart — Gurugram
<https://www.healthkart.com/careers>

- 💻 Senior Java Software Engineer

## Airwallex — Singapore
<https://www.airwallex.com/careers>

- 🎓 Senior Associate, Revenue Strategy & Enablement, EMEA Operations Management London
- 🤖 💻 Senior Software Engineer, AI Tooling Engineering Americas, San Francisco
- 🤖 💻 Senior Software Engineer, Data Platform & AI Enablement Engineering Engineering • Singapore APAC , Singapore Singapore
- 💻 Senior Software Engineer, Frontend, Onboarding Engineering Engineering • Singapore APAC , Singapore Singapore
- 💻 Software Engineer II (Android), Financial Platform Engineering Engineering • Singapore APAC , Singapore Singapore
- 💻 Software Engineer, GTPN Platform Engineering Engineering • Singapore APAC , Singapore Singapore
- 💻 Staff Software Engineer, GTPN Platform Engineering Engineering • Seoul APAC , Seoul Seoul

## Entropik — Bengaluru
<https://www.entropik.io/careers>

- 🤖 Senior AI Engineer 36 days ago Chennai 4-6 years Full Time
- 💻 Senior Backend Engineer 19 days ago Chennai , Chennai 3-6 years Full Time

## E2M Solutions — Ahmedabad
<https://www.e2msolutions.com/careers/>

- 🤖 AI Adoption Specialist - SEO 124 days ago Ahmedabad 4 Years Full Time
- 🤖 AI Adoption Specialist 325 days ago Ahmedabad 3+ Years Full Time
- 🤖 AI Engineer 81 days ago Ahmedabad 2 -3 Years Full Time
- 🎓 🤖 Associate AI Engineer 85 days ago Ahmedabad 1 - 2 Years Full Time
- 🎓 Associate Client Account Manager - SEO 333 days ago Ahmedabad 1 - 3 Years Full Time
- 🎓 Associate Client Account Manager 57 days ago Ahmedabad 1- 2 Years Full Time
- 🎓 🤖 💻 Associate Full Stack AI Engineer 82 days ago Ahmedabad 1 - 2 Full Time
- 💻 Full Stack Developer 53 days ago Ahmedabad 3 -5 Years Full Time
- 🎓 🤖 Junior AI Automation Engineer 46 days ago Ahmedabad 1+ Years Full Time
- 🤖 QA Manager – AI Automation 236 days ago Ahmedabad 7 years Full Time
- 💻 Senior Frontend Wordpress Developer (US Shift) 353 days ago Ahmedabad 7+ Full Time
- 🤖 Technical Lead - AI 123 days ago Ahmedabad 5-8 Years Full Time

## Mastercard Pune — Pune
<https://careers.mastercard.com/us/en>

- 💻 Lead Software Engineer
- 💻 Senior Software Engineer
- 💻 Software Engineer II

## Systango Technologies — Indore
<https://www.systango.com/careers>

- 🤖 Senior AI Engineer (S04)

# 🔔 New career-page entries — 2026-07-25T08:06:23

## GIFT City (aggregator) — Gandhinagar
<https://giftgujarat.in/company-job-openings>

- Chief Manager - AIF
- Deputy Manager - Manager

## Mphasis — India
<https://careers.mphasis.com/home/hot-jobs/location-search/india.html>

- 💻 Jeni Arun, Software Developer

## Zenskar — Bengaluru
<https://www.zenskar.com/careers>

- Account Executive-Mid Market(US)
- Customer Success & Solutions Manager
- Engineering Manager
- Enterprise Account Executive (US)
- 🎓 Field Marketing & Events Intern
- Finance Executive
- Forward Deployed Engineer
- 🎓 Intern @ Zenskar
- Product Manager
- Product Security Engineer
- 🎓 Revenue Operations Intern
- 🤖 Senior GenAI Engineer
- Senior Solutions Engineer (US)
- Senior/Solutions Engineer
- Solutions Consultant
- 💻 Staff Engineer - Backend
- Talent Lead
- 💻 Tech Lead - Backend
- We're hiring across every function. Here's where we're building right now.
- or apply via our careers page here:

## Internshala (ML) — India
<https://internshala.com/internships/machine-learning-internship/>

- 🎓 🤖 Machine Learning Internships: Find 158 Machine Learning Intern Jobs

## Internshala (SDE) — India
<https://internshala.com/internships/software-development-internship/>

- 🎓 💻 Software Development Internships: 218+ Software Development Intern Jobs

## Internshala (AI) — India
<https://internshala.com/internships/artificial-intelligence-internship/>

- 🎓 Accounts Fresher Job
- 🎓 Architecture Internship
- 🤖 💻 Artificial Intelligence and Software Developer
- 🎓 🤖 Artificial intelligence Internship in Bengaluru
- 🎓 🤖 Artificial intelligence Internship in Coimbatore
- 🎓 🤖 Artificial intelligence Internship in Delhi
- 🎓 🤖 Artificial intelligence Internship in Gurgaon
- 🎓 🤖 Artificial intelligence Internship in Hyderabad
- 🎓 🤖 Artificial intelligence Internship in Kolkata
- 🎓 🤖 Artificial intelligence Internships: Find 156 Artificial intelligence Intern Jobs
- 🎓 Associate Graphic Designer
- 🎓 Business Analyst Fresher Job
- 🎓 Business/MBA Internship
- 🎓 Chemical Internship
- 🎓 Civil Fresher Job
- 🎓 Civil Fresher Jobs
- 🎓 Civil Internship
- 🎓 Computer Science Internship
- 🎓 Content Writing Internship
- 🎓 Digital Marketing Fresher Job
- 🎓 Digital Marketing Fresher Jobs
- 🎓 Digital Marketing Internship
- 🎓 Electronics Internship
- 🎓 Engineering Internship
- 🎓 Finance Fresher Job
- 🎓 Finance Internship
- 🎓 Fresher Jobs
- 🎓 Fresher Jobs by Places
- 🎓 Fresher Jobs by Type
- 🎓 Fresher Jobs in Bangalore
- 🎓 Fresher Jobs in Chennai
- 🎓 Fresher Jobs in Delhi
- 🎓 Fresher Jobs in Gurgaon
- 🎓 Fresher Jobs in Hyderabad
- 🎓 Fresher Jobs in Kolkata
- 🎓 Fresher Jobs in Mumbai
- 🎓 Fresher Jobs in Noida
- 🎓 Fresher Jobs in Pune
- 💻 Full Stack Developer course with placement
- 🎓 Got an internship at Flipkart
- 🎓 Graphic Design Internship
- 🎓 HR Fresher Job
- 🎓 HR Fresher Jobs
- 🎓 HR Internship
- 🎓 Humanities Internship
- 🎓 If you are not registered on Internshala, register yourself today to find your dream internship.
- 🎓 International Internship
- 🎓 Internship by Location
- 🎓 Internship by Places
- 🎓 Internship by Stream
- 🎓 Internship in Bangalore
- 🎓 Internship in Chennai
- 🎓 Internship in Delhi
- 🎓 Internship in Gurgaon
- 🎓 Internship in Hyderabad
- 🎓 Internship in Jaipur
- 🎓 Internship in Kolkata
- 🎓 Internship in Mumbai
- 🎓 Internship in Pune
- 🎓 JAVA Fresher Job
- 🎓 Job offer post internship
- 🎓 🤖 Latest Artificial intelligence Intern Jobs
- 🎓 Law Internship
- 🎓 MBA Fresher Job
- 🎓 MBA Fresher Jobs
- 🎓 Marketing Internship
- 🎓 Mechanical Internship
- 🎓 Part Time Fresher Jobs
- 🎓 Q. Do I need to pay to apply for an internship on Internshala?
- 🎓 🤖 Q. How can I apply for a artificial intelligence internship on Internshala?
- 🎓 Science Internship
- 🎓 Software Testing Fresher Job
- 🎓 Tech Generalist Intern
- 🎓 View all fresher jobs
- 🎓 View all internship
- 🎓 🤖 You can apply for a artificial intelligence internship or artificial intelligence intern job using the following steps-
- 🎓 post internship

## YCombinator Jobs — Bengaluru
<https://www.ycombinator.com/jobs/location/bengaluru>

- 🤖 Vahan (S19) • AI recruiter for India's massive blue-collar workforce ( 19 days ago)

## Qualcomm — India
<https://careers.qualcomm.com/careers>

- 💻 1. Senior Software Engineer
- 💻 2. Software Engineer
- 💻 3. Lead Software Engineer
- 💻 4. Principal Software Engineer
- 💻 Principal Backend Engineer - Core Infrastructure Santa Clara, California, United States of America Software Engineering Posted a day ago

## Kore.ai — Hyderabad
<https://kore.ai/careers/>

- 🤖 Lead AI Customer Engineer — Fanatic Customer Support

## AMD India — Bengaluru
<https://careers.amd.com/careers-home>

- 🤖 Agentic AI Business Applications Developer

## Micron India — Hyderabad
<https://careers.micron.com/careers>

- 🎓 Intern

## Internshala Noida — Noida
<https://internshala.com/internships/internship-in-noida/>

- 🎓 Management Intern (BD & Pre Sales)- Female

## Internshala Gurgaon — Gurugram
<https://internshala.com/internships/internship-in-gurgaon/>

- 🎓 Internships in Gurgaon: Top 3385 Paid Internship in Gurgaon
- 🎓 Management Intern (BD & Pre Sales)- Female

## Cashfree — Bengaluru
<https://www.cashfree.com/careers/>

- 🎓 Associate Director - Banking & Alliance Product
- 💻 Software Development Engineer - 3

## Internshala (Data Science) — India
<https://internshala.com/internships/data-science-internship/>

- 🎓 🤖 Data Science Internships: Find 370 Data Science Intern Jobs

## Internshala (Web Dev) — India
<https://internshala.com/internships/web-development-internship/>

- 🎓 Web Development Internships: 331+ Web Development Intern Jobs

## Internshala (Python) — India
<https://internshala.com/internships/python-internship/>

- 🎓 Python Internships: Find 262 Python Intern Jobs

## Internshala (Full Stack) — India
<https://internshala.com/internships/full-stack-development-internship/>

- 🎓 💻 Full Stack Development Internships: 102+ Full Stack Development Intern Jobs

## Internshala (App Dev) — India
<https://internshala.com/internships/mobile-app-development-internship/>

- 🎓 Mobile App Development Internships: Find 67 Mobile App Development Intern Jobs

## YC Work at a Startup — Remote
<https://www.workatastartup.com/jobs>

- 🎓 Intern
- 💻 Senior Software Engineer, Email Team
- 🎓 Software Engineering Intern

## AICTE Internship Portal — India
<https://internship.aicte-india.org/>

- 🎓 1 Crore Internship By 2027 | 79,57,193+ Internships | 82378 Companies

## Rupeek — Bengaluru
<https://rupeek.com/careers>

- 🎓 Senior Manager/ Associate Director - Lender Partnerships Location: Bengaluru, Karnataka, India 17 hours ago
- 💻 Software Development Engineer III Location: Bengaluru, Karnataka, India 18 hours ago

## Airwallex — Singapore
<https://www.airwallex.com/careers>

- 🤖 Engineering Lead, Infrastructure (Data & AI) Engineering APAC, Singapore
- 💻 Principal Software Engineer, Tech Platform, Edge Team Engineering Singapore
- 🤖 Staff Data Scientist, Product Analytics Engineering Engineering • Singapore APAC , Singapore Singapore

## Moon Technolabs — Ahmedabad
<https://www.moontechnolabs.com/career-with-us/>

- 🎓 Experience: Fresher
- 🎓 🤖 Trainee - AI/ML Developer
- 🎓 Trainee Accountant
- 🎓 Trainee Angular Developer
- 🎓 Trainee Business Development Executive
- 🎓 Trainee Node.js Developer
- 🎓 Trainee Product Sales executive - International
- 🎓 Trainee QA
- 🎓 Trainee Video Creator

## Astral Ltd — Ahmedabad
<https://www.astralpipes.com/careers>

- 🎓 Associate Partner

## Spiral Mantra — India
<https://spiralmantra.com/careers/>

- 🤖 Hire AI Engineer
- 💻 Hire Backend Developer
- 💻 Hire Frontend Developer
- 🤖 Hire ML Engineer
- 🤖 Spiral Mantra excels in IT services, offering app development, DevOps, and data engineering with scalable, secure, and AI-driven solutions.

## Tudip Technologies — Pune
<https://tudip.com/careers/>

- 🤖 Technical Program Manager (AI-Driven Solutions & Process Excellence)

# 🔔 New career-page entries — 2026-07-25T13:25:57

## SmartSense Consulting Solutions — Gandhinagar
<https://www.smartsensesolutions.com/career>

- QA Automation Engineer
- Sr. QA Engineer

## Accenture — Bengaluru
<https://www.accenture.com/in-en/careers/jobsearch?fl=Bengaluru>

- 💻 Custom Software Engineer
- 🎓 Technology Architecture Associate Manager

## Accenture — Hyderabad
<https://www.accenture.com/in-en/careers/jobsearch?fl=Hyderabad>

- 💻 Custom Software Engineer
- 🎓 Technology Architecture Associate Manager

## Accenture — Pune
<https://www.accenture.com/in-en/careers/jobsearch?fl=Pune>

- 💻 Custom Software Engineer
- 🎓 Technology Architecture Associate Manager

## Accenture — Gurugram
<https://www.accenture.com/in-en/careers/jobsearch?fl=Gurugram>

- 💻 Custom Software Engineer
- 🎓 Technology Architecture Associate Manager

## IBM — India
<https://www.ibm.com/in-en/careers/search>

- 🎓 🤖 Cloud Duales Studium 2027 Bachelor@IBM: Wirtschaftsinformatik - Data Science (f,m,x) Internship Ehningen, DE
- 🎓 Consulting Business Transformation Consultant-Banking Internship Islamabad, PK
- 🤖 Consulting Technical Consultant-AI Integration Professional Bangalore, IN
- 🎓 Internship (86)
- 🤖 Sales Customer Success Engineer - Federal - Data and AI Professional Multiple Cities
- 🎓 Software Engineering IBM Consulting Interns Internship QUEZON CITY, PH
- 💻 Software Engineering Staff Software Engineer I - Confluent Professional Bangalore, IN

## Tech Mahindra — India
<https://careers.techmahindra.com/>

- 🤖 Data Scientist

## Peoplebox — Bengaluru
<https://www.peoplebox.ai/careers>

- 🎓 Associate Product Manager (APM) 80 days ago BANGALORE Full Time
- Content Marketing Manager 355 days ago BANGALORE 4-6 Full Time
- SEO Lead 239 days ago BANGALORE 4-6 Full Time
- 💻 Senior Backend Engineer 351 days ago BANGALORE 5-9 Full Time
- Talent Acquisition Lead 129 days ago BANGALORE 5+ Full Time

## Internshala (ML) — India
<https://internshala.com/internships/machine-learning-internship/>

- 🤖 AI Developer – Models, Agents & Data Engineering
- 🎓 🤖 Machine Learning Internships: Find 159 Machine Learning Intern Jobs

## Qualcomm — India
<https://careers.qualcomm.com/careers>

- 💻 #Embedded Software Engineer San Diego, California, United States of America Software Engineering Flexible Location Posted 5 months ago
- 🤖 ADAS AI Customer Engineer/Sr
- 🤖 ADAS AI Customer Engineer/Sr Guangdong, China Software Applications Engineering Posted 2 days ago
- 🤖 Auto AI Ecosystem Senior Engineer Shanghai, China Software Applications Engineering Posted 5 days ago
- 💻 Embedded NPU Software Engineer, Senior San Diego, California, United States of America DSP Architecture and Design Posted 2 months ago
- 💻 Embedded Real Time Operating System Software Engineer, Senior - Cork, Ireland Cork, Ireland Software Engineering Posted 3 months ago
- 💻 Embedded Software Engineer San Diego, California, United States of America Software Engineering Posted 3 months ago
- 💻 Embedded Software Engineer, Senior – Integration - Cork, Ireland Cork, Ireland Software Engineering Posted a month ago
- 💻 Embedded Systems Software Engineer San Diego, California, United States of America Modem Software Engineering Posted 18 days ago
- 🤖 Engineer, Staff-AI and Machine Learning with embedded/C++ Hyderabad, Telangāna, India Software Engineering Posted 2 months ago
- 🤖 Generative AI Engineer, Senior Staff/Manager (LLM/VLM) Ho Chi Minh, Hồ Chí Minh, Vietnam Machine Learning Engineering Posted 2 days ago
- 🤖 Senior Engineer - EDA ML Tools - Customer Engineering(Physical Design) Bangalore, India Software Engineering Posted 2 days ago
- 🤖 Staff Engineer- EDA ML Tools - Customer Engineering(Physical Design) Bangalore, India Machine Learning Engineering Posted 2 days ago

## Postman — Bengaluru
<https://www.postman.com/company/careers/open-positions/>

- 🤖 Applied AI Scientist, Small Language Model and AI Training
- 💻 Backend and System Engineer, Flows
- 🤖 Engineering Manager, Postman AI
- 🤖 Member of Technical Staff, AI Agent Development Lead
- 🤖 Member of Technical Staff, AI Reliability & Monitoring Engineering Lead
- 💻 Senior Backend Engineer, Cloud Platform
- 💻 Senior Frontend Engineer, Observability
- 💻 Senior Fullstack Engineer - Codegen
- 💻 Senior Fullstack Engineer, Observability
- 💻 Senior Fullstack Software Engineer - (Customer Journey)
- 💻 Senior Software Engineer - Fern
- 💻 Senior Software Engineer, Marketing Engineering
- 💻 Senior Software Engineer, Monetization
- 💻 Staff Software Engineer - Fern
- 💻 Staff Software Engineer, Business Platform
- 💻 Staff Software Engineer- Codegen

## Kore.ai — Hyderabad
<https://kore.ai/careers/>

- 🤖 AI Solution Sales Specialist
- 🎓 Associate Director - Global Partner Marketing – Hyperscaler
- 💻 Software Engineer/Senior Software Engineer - Technical Support

## Internshala Chennai — Chennai
<https://internshala.com/internships/internship-in-chennai/>

- 💻 Frontend Engineer
- 🎓 School Marketing Intern

## Internshala Noida — Noida
<https://internshala.com/internships/internship-in-noida/>

- 🎓 Business Development Intern

## Internshala Gurgaon — Gurugram
<https://internshala.com/internships/internship-in-gurgaon/>

- 🎓 Business Development Intern
- 🎓 Internships in Gurgaon: Top 3391 Paid Internship in Gurgaon

## MyCareersFuture (SDE) — Singapore
<https://www.mycareersfuture.gov.sg/search?search=software+engineer&sortBy=new_posting_date>

- 🎓 If you are a fresh graduate looking for a traineeship opportunity
- 🎓 Junior Executive

## MyCareersFuture (ML) — Singapore
<https://www.mycareersfuture.gov.sg/search?search=machine+learning&sortBy=new_posting_date>

- 🎓 If you are a fresh graduate looking for a traineeship opportunity
- 🎓 Junior Executive

## Yulu — Bengaluru
<https://www.yulu.bike/careers/>

- 🎓 Associate Director

## Internshala (Data Science) — India
<https://internshala.com/internships/data-science-internship/>

- 🤖 AI Developer – Models, Agents & Data Engineering
- 🎓 🤖 Data Science Internships: Find 369 Data Science Intern Jobs

## Internshala (Web Dev) — India
<https://internshala.com/internships/web-development-internship/>

- 🎓 Web Development Internships: 337+ Web Development Intern Jobs

## Internshala (Python) — India
<https://internshala.com/internships/python-internship/>

- 🤖 AI Developer – Models, Agents & Data Engineering

## Internshala (Full Stack) — India
<https://internshala.com/internships/full-stack-development-internship/>

- 🎓 💻 Full Stack Development Internships: 104+ Full Stack Development Intern Jobs

## Internshala (Frontend) — India
<https://internshala.com/internships/front-end-development-internship/>

- 💻 Frontend Engineer
- 🎓 💻 Frontend development Internships: Find 10 Frontend development Intern Jobs

## Internshala (Backend) — India
<https://internshala.com/internships/back-end-development-internship/>

- 🎓 💻 Backend Development Internships: Find 119 Backend Development Intern Jobs

## Internshala (Hyderabad) — Hyderabad
<https://internshala.com/internships/internship-in-hyderabad/>

- 🎓 Data & Research Intern

## YC Work at a Startup — Remote
<https://www.workatastartup.com/jobs>

- 🤖 Applied AI Engineer
- 💻 Senior Software Engineer, Journeys Team (Fullstack)

## Rupeek — Bengaluru
<https://rupeek.com/careers>

- 🎓 Senior Manager/ Associate Director - Lender Partnerships Location: Bengaluru, Karnataka, India 1 day ago
- 💻 Software Development Engineer III Location: Bengaluru, Karnataka, India 1 day ago

## HealthKart — Gurugram
<https://www.healthkart.com/careers>

- 💻 Senior Java Software Engineer

## Bijnis — Delhi
<https://bijnis.com/careers>

- 🎓 Apply for Internship
- 🎓 Apply for an Internship
- 🎓 Careers at bijnis | Sales, Tech & Internship Jobs
- 🎓 Fresher
- 🎓 Fresher or not applicable
- 🎓 Internship preferences
- 🎓 Preferred internship duration

## Airwallex — Singapore
<https://www.airwallex.com/careers>

- 🎓 Associate, Credit Risk Operations Operations Management Operations Management • San Francisco Americas , San Francisco San Francisco
- 🤖 Senior Product Manager, Kai (AI assistant) Product San Francisco
- 💻 Senior Software Engineer (Frontend), Global Payments Engineering Engineering • Singapore APAC , Singapore Singapore
- 💻 Senior Software Engineer (Frontend), Identity & User Security Engineering Engineering • Singapore APAC , Singapore Singapore
- 🤖 💻 Staff Backend Engineer, Agentic AI Engineering Engineering • San Francisco Americas , San Francisco San Francisco

## Glints — Singapore
<https://glints.com/careers>

- 🎓 Content Moderator - QC Video Not Disclosed Contract Minimum Associate Degree Data Entry Customer Service + 8

## Moon Technolabs — Ahmedabad
<https://www.moontechnolabs.com/career-with-us/>

- 💻 Full Stack Developer
- 🎓 HR - Fresher

# 🔔 New career-page entries — 2026-07-26T02:46:16

## Internshala (ML) — India
<https://internshala.com/internships/machine-learning-internship/>

- 🎓 🤖 Machine Learning Internships: Find 152 Machine Learning Intern Jobs

## Internshala (SDE) — India
<https://internshala.com/internships/software-development-internship/>

- 🎓 💻 Software Development Internships: 207+ Software Development Intern Jobs

## Internshala (AI) — India
<https://internshala.com/internships/artificial-intelligence-internship/>

- 🎓 🤖 Artificial intelligence Internships: Find 146 Artificial intelligence Intern Jobs

## Qualcomm — India
<https://careers.qualcomm.com/careers>

- 🎓 Support Engineer, Associate Hyderabad, Telangāna, India Support Engineering Posted 2 days ago

## Atlassian — Bengaluru
<https://www.atlassian.com/company/careers/all-jobs>

- 🎓 Account Associate, LATAM (Portuguese Speaking)
- 🎓 Account Associate, Mid-Market (Renewals)
- 🎓 Associate Solution Engineer, Mid Market (West)

## Internshala Gurgaon — Gurugram
<https://internshala.com/internships/internship-in-gurgaon/>

- 🎓 Internships in Gurgaon: Top 3277 Paid Internship in Gurgaon

## Internshala (Data Science) — India
<https://internshala.com/internships/data-science-internship/>

- 🎓 🤖 Data Science Internships: Find 358 Data Science Intern Jobs

## Internshala (Web Dev) — India
<https://internshala.com/internships/web-development-internship/>

- 🎓 Web Development Internships: 329+ Web Development Intern Jobs

## Internshala (Python) — India
<https://internshala.com/internships/python-internship/>

- 🎓 Python Internships: Find 253 Python Intern Jobs

## Internshala (Full Stack) — India
<https://internshala.com/internships/full-stack-development-internship/>

- 🎓 💻 Full Stack Development Internships: 102+ Full Stack Development Intern Jobs

## Internshala (Frontend) — India
<https://internshala.com/internships/front-end-development-internship/>

- 🎓 💻 Frontend development Internships: Find 9 Frontend development Intern Jobs

## Internshala (Backend) — India
<https://internshala.com/internships/back-end-development-internship/>

- 🎓 💻 Backend Development Internships: Find 113 Backend Development Intern Jobs

## Internshala (App Dev) — India
<https://internshala.com/internships/mobile-app-development-internship/>

- 🎓 Mobile App Development Internships: Find 62 Mobile App Development Intern Jobs

## AICTE Internship Portal — India
<https://internship.aicte-india.org/>

- 🎓 1 Crore Internship By 2027 | 79,57,193+ Internships | 82383 Companies

## Anblicks — Hyderabad
<https://anblicks.com/careers/>

- 🎓 Associate Data Engineer 100 days ago Hyderabad 3+ Full Time
- 🎓 Associate Data Engineer 90 days ago Hyderabad 4+ Full Time
- 🎓 Engineer I - IT 41 days ago Ahmedabad 0-1 Full Time
- 🎓 Management Intern (Finance) 86 days ago Ahmedabad 0 Full Time
- 🎓 Management Intern (Human Resources) 86 days ago Hyderabad , Ahmedabad 0 Full Time
- 🎓 Management Intern (L&D/ Analytics) 86 days ago Ahmedabad , Hyderabad 0 Full Time

## E2M Solutions — Ahmedabad
<https://www.e2msolutions.com/careers/>

- 🎓 🤖 💻 Associate Full Stack AI Engineer 83 days ago Ahmedabad 1 - 2 Full Time
- 🎓 🤖 Junior AI Automation Engineer 47 days ago Ahmedabad 1+ Years Full Time

# 🔔 New career-page entries — 2026-07-26T08:26:37

## Internshala (ML) — India
<https://internshala.com/internships/machine-learning-internship/>

- 🎓 🤖 Machine Learning Internships: Find 153 Machine Learning Intern Jobs

## Tabby — Dubai
<https://tabby.ai/careers>

- 🎓 🤖 AI Intern KSA
- 🎓 Compliance Associate Egypt
- 🎓 DBA Intern KSA
- 🎓 DevOps Intern KSA
- 🎓 FinOps Associate KSA
- 🎓 Information Security Intern KSA
- 🎓 💻 Intern Backend (Go) Engineer KSA
- 🎓 Intern QA Engineer KSA

## Internshala Gurgaon — Gurugram
<https://internshala.com/internships/internship-in-gurgaon/>

- 🎓 Founders Office Associate
- 🎓 Internships in Gurgaon: Top 3275 Paid Internship in Gurgaon

## MyCareersFuture (ML) — Singapore
<https://www.mycareersfuture.gov.sg/search?search=machine+learning&sortBy=new_posting_date>

- 🎓 If you are a fresh graduate looking for a traineeship opportunity
- 🎓 Junior Executive

## Internshala (Web Dev) — India
<https://internshala.com/internships/web-development-internship/>

- 🎓 Web Development Internships: 331+ Web Development Intern Jobs

## Internshala (Python) — India
<https://internshala.com/internships/python-internship/>

- 🎓 Python Internships: Find 255 Python Intern Jobs

## Internshala (Full Stack) — India
<https://internshala.com/internships/full-stack-development-internship/>

- 🎓 💻 Full Stack Development Internships: 105+ Full Stack Development Intern Jobs

## Internshala (Backend) — India
<https://internshala.com/internships/back-end-development-internship/>

- 🎓 💻 Backend Development Internships: Find 116 Backend Development Intern Jobs

## YC Work at a Startup — Remote
<https://www.workatastartup.com/jobs>

- 🎓 Intern
- 🎓 Software Engineering Intern

## AICTE Internship Portal — India
<https://internship.aicte-india.org/>

- 🎓 1 Crore Internship By 2027 | 79,57,193+ Internships | 82384 Companies

## Softweb Solutions — Ahmedabad
<https://www.softwebsolutions.com/careers.html>

- 🎓 Intern

## Moon Technolabs — Ahmedabad
<https://www.moontechnolabs.com/career-with-us/>

- 🎓 Experience: Fresher
- 🎓 🤖 Trainee - AI/ML Developer
- 🎓 Trainee Accountant
- 🎓 Trainee Angular Developer
- 🎓 Trainee Business Development Executive
- 🎓 Trainee Node.js Developer
- 🎓 Trainee Product Sales executive - International
- 🎓 Trainee QA
- 🎓 Trainee Video Creator

## Astral Ltd — Ahmedabad
<https://www.astralpipes.com/careers>

- 🎓 Associate Partner

# 🔔 New career-page entries — 2026-07-26T13:21:43

## Internshala (ML) — India
<https://internshala.com/internships/machine-learning-internship/>

- 🎓 🤖 Machine Learning Internships: Find 154 Machine Learning Intern Jobs

## Internshala (SDE) — India
<https://internshala.com/internships/software-development-internship/>

- 🎓 💻 Software Development Internships: 209+ Software Development Intern Jobs

## Internshala Gurgaon — Gurugram
<https://internshala.com/internships/internship-in-gurgaon/>

- 🎓 Internships in Gurgaon: Top 3270 Paid Internship in Gurgaon

## Internshala (Data Science) — India
<https://internshala.com/internships/data-science-internship/>

- 🎓 🤖 Data Science Internships: Find 360 Data Science Intern Jobs

## Internshala (Web Dev) — India
<https://internshala.com/internships/web-development-internship/>

- 🎓 Web Development Internships: 329+ Web Development Intern Jobs

## Internshala (Python) — India
<https://internshala.com/internships/python-internship/>

- 🎓 Python Internships: Find 258 Python Intern Jobs

## Internshala (Backend) — India
<https://internshala.com/internships/back-end-development-internship/>

- 🎓 💻 Backend Development Internships: Find 115 Backend Development Intern Jobs

## Internshala (App Dev) — India
<https://internshala.com/internships/mobile-app-development-internship/>

- 🎓 Mobile App Development Internships: Find 63 Mobile App Development Intern Jobs

## YC Work at a Startup — Remote
<https://www.workatastartup.com/jobs>

- 🎓 Electrical Engineering Intern

## AICTE Internship Portal — India
<https://internship.aicte-india.org/>

- 🎓 1 Crore Internship By 2027 | 79,57,193+ Internships | 82385 Companies

## Antuit.ai — Bengaluru
<https://www.antuit.ai/careers/>

- 🎓 Associate Engagement

# 📢 New career-page entries — 2026-07-31T02:47:17

## IBM — India
<https://www.ibm.com/in-en/careers/career-opportunities>

- 🎓 🧪 Associate Data Scientist (m/w/d)
- 🎓 Corporate Development Associate
- 🎓 💻 Entry Level Software Developer 2026
- 🎓 💻 Graduate Software Developer- start Sept 2027

## IBM — India
<https://www.ibm.com/in-en/careers/search>

- 🎓 Cloud 2026 Intern Conversion - Canada Entry Level Multiple Cities
- 🎓 🧪 Cloud Duales Studium 2027 Bachelor@IBM: Wirtschaftsinformatik - Data Science (f,m,x) Internship Ehningen, DE
- 🎓 Cloud Master@IBM - IT-Automation Customer Success Engineer (f/m/x) Internship Multiple Cities
- 🎓 Cloud Master@IBM - Working Student: Build Ecosystem - ISV Partner Specialist (f/m/x) Internship FRANKFURT, DE
- 🎓 Cloud Master@IBM Cloud Technical Sales Specialist (f/m/x) Internship KOELN, DE
- 🎓 Consulting Business Transformation Consultant-Banking Internship Islamabad, PK
- 🎓 Consulting SAP Consultant Intern Internship Singapore, SG
- 🎓 Consulting SAP SD Consultant Entry Level Praha, CZ
- 🎓 Consulting Threat Intelligence Consultant-Threat Analysis Internship ABU DHABI, AE
- 🎓 🧪 Data & Analytics Associate Data Scientist (m/w/d) Entry Level Multiple Cities
- 🎓 Enterprise Operations Estagiário(a) em Qualidade e Suporte ao Cliente Internship Belo Horizonte, BR
- 🎓 Infrastructure & Technology Associate Technical SAP Package Specialist (September 2026 - Calgary) Entry Level Calgary, CA
- 🎓 Internship (74)
- 🎓 💻 Software Engineering Application Developer-Experience Front End - Internship Internship Doha, QA
- 🎓 🧪 Software Engineering Data Engineer-Machine Learning Entry Level Gurgaon, IN
- 🎓 Software Engineering IBM Consulting Interns Internship QUEZON CITY, PH

## Zenskar — Bengaluru
<https://www.zenskar.com/careers>

- 🎓 Field Marketing & Events Intern
- 🎓 Intern @ Zenskar
- 🎓 Revenue Operations Intern

## Internshala (ML) — India
<https://internshala.com/internships/machine-learning-internship/>

- 🎓 🧪 Machine Learning Internships: Find 151 Machine Learning Intern Jobs

## Internshala (SDE) — India
<https://internshala.com/internships/software-development-internship/>

- 🎓 💻 Software Development Internships: 230+ Software Development Intern Jobs

## Internshala (AI) — India
<https://internshala.com/internships/artificial-intelligence-internship/>

- 🎓 🧪 Artificial intelligence Internships: Find 169 Artificial intelligence Intern Jobs

## Atlassian — Bengaluru
<https://www.atlassian.com/company/careers/all-jobs>

- 🎓 Account Associate, LATAM (Portuguese Speaking)
- 🎓 Account Associate, Mid-Market (Renewals)

## Wadhwani AI — India
<https://www.wadhwaniai.org/careers/>

- 🎓 🧪 Associate ML Scientist (LLM) - II

## Texas Instruments — Bengaluru
<https://careers.ti.com/>

- 🎓 Top 100 Internship Programs

## Micron India — Hyderabad
<https://careers.micron.com/careers>

- 🎓 Intern

## Talabat — Dubai
<https://careers.talabat.com/>

- 🎓 Associate Compliance - instashop
- 🎓 Associate Operations - instashop

## Tabby — Dubai
<https://tabby.ai/careers>

- 🎓 🧪 AI Intern KSA
- 🎓 Compliance Associate Egypt
- 🎓 DBA Intern KSA
- 🎓 DevOps Intern KSA
- 🎓 FinOps Associate KSA
- 🎓 Information Security Intern KSA
- 🎓 💻 Intern Backend (Go) Engineer KSA
- 🎓 Intern QA Engineer KSA

## Internshala Pune — Pune
<https://internshala.com/internships/internship-in-pune/>

- 🎓 Sales and Marketing Intern

## Internshala Noida — Noida
<https://internshala.com/internships/internship-in-noida/>

- 🎓 E-commerce Associate
- 🎓 Inside Sales Associate
- 🎓 Management Intern - Female
- 🎓 MetaNova Business & Growth Associate (Founding Team Associates)

## Internshala Gurgaon — Gurugram
<https://internshala.com/internships/internship-in-gurgaon/>

- 🎓 E-commerce Associate
- 🎓 Inside Sales Associate
- 🎓 Internships in Gurgaon: Top 3545 Paid Internship in Gurgaon
- 🎓 Management Intern - Female
- 🎓 MetaNova Business & Growth Associate (Founding Team Associates)

## Internshala Dehradun — Dehradun
<https://internshala.com/internships/internship-in-dehradun/>

- 🎓 Campus Pomotion Associate

## MyCareersFuture (SDE) — Singapore
<https://www.mycareersfuture.gov.sg/search?search=software+engineer&sortBy=new_posting_date>

- 🎓 If you are a fresh graduate looking for a traineeship opportunity
- 🎓 Junior Executive

## MyCareersFuture (ML) — Singapore
<https://www.mycareersfuture.gov.sg/search?search=machine+learning&sortBy=new_posting_date>

- 🎓 If you are a fresh graduate looking for a traineeship opportunity
- 🎓 Junior Executive

## Signzy — Bengaluru
<https://www.signzy.com/careers/>

- 🎓 Associate Business Analyst 2 days ago Bangalore 0-1 Full Time
- 🎓 Partnership Intern 23 days ago Mumbai 0 to 1 Full Time
- 🎓 Sales Intern 1 day ago Bangalore 0 to 1 year Full Time

## Wingify — Pune
<https://wingify.com/careers/>

- 🎓 Intern - Website Development

## Pine Labs — Noida
<https://www.pinelabs.com/careers>

- 🎓 Management Trainee Program
- 🎓 Our flagship summer internship program for students from premier B-schools.
- 🎓 Sales Trainee Program

## Techwave — Hyderabad
<https://techwave.wd108.myworkdayjobs.com/TechWave_Careers>

- 🎓 Finance Intern
- 🎓 Junior FI Consultant
- 🎓 Junior Public Cloud Consultant
- 🎓 Techwave Junior SAP Consultant Program

## Internshala (Data Science) — India
<https://internshala.com/internships/data-science-internship/>

- 🎓 Associate Consultant
- 🎓 🧪 Data Science Internships: Find 377 Data Science Intern Jobs

## Internshala (Web Dev) — India
<https://internshala.com/internships/web-development-internship/>

- 🎓 Web Development Internships: 343+ Web Development Intern Jobs

## Internshala (Python) — India
<https://internshala.com/internships/python-internship/>

- 🎓 Python Internships: Find 277 Python Intern Jobs

## Internshala (Full Stack) — India
<https://internshala.com/internships/full-stack-development-internship/>

- 🎓 💻 Full Stack Development Internships: 106+ Full Stack Development Intern Jobs

## Internshala (Frontend) — India
<https://internshala.com/internships/front-end-development-internship/>

- 🎓 💻 Front End Development Internship in Bengaluru
- 🎓 💻 Front End Development Internship in Coimbatore
- 🎓 💻 Front End Development Internship in Delhi
- 🎓 💻 Front End Development Internship in Gurgaon
- 🎓 💻 Front End Development Internship in Hyderabad
- 🎓 💻 Front End Development Internship in Kolkata
- 🎓 💻 Front End Development Internships: Find 111 Front End Development Intern Jobs
- 🎓 💻 Junior Full Stack Developer
- 🎓 💻 Latest Front End Development Intern Jobs
- 🎓 💻 You can apply for a front end development internship or front end development intern job using the following steps-

## Internshala (Backend) — India
<https://internshala.com/internships/back-end-development-internship/>

- 🎓 💻 Backend Development Internships: Find 117 Backend Development Intern Jobs

## Internshala (Hyderabad) — Hyderabad
<https://internshala.com/internships/internship-in-hyderabad/>

- 🎓 Business Development Associate

## YC Work at a Startup — Remote
<https://www.workatastartup.com/jobs>

- 🎓 🧪 AI Engineering/Architecture/Growth Intern

## AICTE Internship Portal — India
<https://internship.aicte-india.org/>

- 🎓 1 Crore Internship By 2027 | 79,57,193+ Internships | 82614 Companies

## Anblicks — Hyderabad
<https://anblicks.com/careers/>

- 🎓 Associate Data Engineer 105 days ago Hyderabad 3+ Full Time
- 🎓 Associate Data Engineer 95 days ago Hyderabad 4+ Full Time
- 🎓 Engineer I - IT 46 days ago Ahmedabad 0-1 Full Time
- 🎓 Management Intern (Human Resources) 91 days ago Hyderabad , Ahmedabad 0 Full Time
- 🎓 Management Intern (L&D/ Analytics) 91 days ago Ahmedabad , Hyderabad 0 Full Time

## Jar — Bengaluru
<https://www.myjar.app/careers>

- 🎓 Customer Support Associate (Voice)

## Glints — Singapore
<https://glints.com/careers>

- 🎓 Business Development Associate - Bali
- 🎓 Creative & Design Intern
- 🎓 Product and Performance Marketing Intern

## Webs Optimization — Ahmedabad
<https://www.websoptimization.com/career>

- 🎓 Fresher (0–1 Year)
- 🎓 Job Opportunity || QA Automation Selenium/Playwright | Fresher/Intern | Ahmedabad (Work from Office).

## Moon Technolabs — Ahmedabad
<https://www.moontechnolabs.com/career-with-us/>

- 🎓 Experience: Fresher
- 🎓 🧪 Trainee - AI/ML Developer
- 🎓 Trainee Accountant
- 🎓 Trainee Angular Developer
- 🎓 Trainee Business Development Executive
- 🎓 Trainee Product Sales executive - International
- 🎓 Trainee QA
- 🎓 Trainee Video Creator

## E2M Solutions — Ahmedabad
<https://www.e2msolutions.com/careers/>

- 🎓 🧪 💻 Associate Full Stack AI Engineer 88 days ago Ahmedabad 1 - 2 Full Time
- 🎓 Talent Acquisition Associate 1 day ago Ahmedabad 0-1 Year Full Time

## Mobiloitte — Delhi
<https://www.mobiloitte.com/careers/>

- 🎓 Position: Sales &amp; Marketing Intern Company: Mobiloitte Technologies India Pvt. Ltd. Elig...
- 🎓 internship

## Upstox — Mumbai
<https://upstox.com/careers/>

- 🎓 CS Trainee
- 🎓 Employee Type: Intern
- 🎓 Growth and Marketing Intern
- 🎓 Internship

## IT Path Solutions — Ahmedabad
<https://www.itpathsolutions.com/careers/>

- 🎓 Fresher
- 🎓 🧪 Management Trainee – Digital Marketing & AI

## BMC Software Pune — Pune
<https://bmcrecruit.avature.net/careers>

- 🎓 Associate Sales Operations Analyst- Houston or Dallas

## Apna — Bengaluru
<https://apna.co/careers>

- 🎓 Project Associate (Field Operations)

## CEDCOSS Technologies — Lucknow
<https://cedcoss.com/careers/>

- 🎓 Campus Recruiter Full-time · Lucknow Hiring

## xIoTz — India
<https://xiotz.com/careers>

- 🎓 Cyber Security Intern More Details
- 🎓 DIGITAL MARKETING INTERN More Details
- 🎓 Drone Engineer – Intern More Details
- 🎓 Executive Secretary Intern More Details
- 🎓 💻 Full Stack Intern More Details
- 🎓 Graphic Designer Intern More Details
- 🎓 IT Sales / Business Development Executive Intern More Details
- 🎓 Marketing and Design Intern (Only Women) More Details
- 🎓 Robotics Engineer Intern More Details
- 🎓 Sales and Marketing Intern More Details
- 🎓 Search Engine Optimization (SEO) Specialist – Intern More Details
- 🎓 Social Media and Graphic Design Intern More Details

# 📢 New career-page entries — 2026-08-01T02:45:28

**🇮🇳 India: 59 · 🌍 Outside India: 5**

## 🇮🇳 India — 59 new

### Accenture — Bengaluru
<https://www.accenture.com/in-en/careers/jobsearch?fl=Bengaluru>

- 🎓 Analytics and Modeling Associate

### Accenture — Hyderabad
<https://www.accenture.com/in-en/careers/jobsearch?fl=Hyderabad>

- 🎓 Analytics and Modeling Associate

### Accenture — Pune
<https://www.accenture.com/in-en/careers/jobsearch?fl=Pune>

- 🎓 Analytics and Modeling Associate

### Accenture — Gurugram
<https://www.accenture.com/in-en/careers/jobsearch?fl=Gurugram>

- 🎓 Analytics and Modeling Associate

### IBM — India
<https://www.ibm.com/in-en/careers/career-opportunities>

- 🎓 2027 Intern Conversion - Canada
- 🎓 Entry Level Hardware Developer - Intern Conversion
- 🎓 Entry Level Sales Specialist (Power & Cloud)

### IBM — India
<https://www.ibm.com/in-en/careers/search>

- 🎓 Internship (67)

### Internshala (ML) — India
<https://internshala.com/internships/machine-learning-internship/>

- 🎓 🧪 Machine Learning Internships: Find 149 Machine Learning Intern Jobs

### Internshala (SDE) — India
<https://internshala.com/internships/software-development-internship/>

- 🎓 🧪 💻 Software Development Intern – Full-Stack, Data Engineering & Applied AI
- 🎓 💻 Software Development Internships: 239+ Software Development Intern Jobs

### Internshala (AI) — India
<https://internshala.com/internships/artificial-intelligence-internship/>

- 🎓 🧪 AI Content Development & QA Intern
- 🎓 🧪 Artificial intelligence Internships: Find 167 Artificial intelligence Intern Jobs

### Qualcomm — India
<https://careers.qualcomm.com/careers>

- 🎓 Associate Attorney, Data San Diego, California, United States of America Legal Counsel Posted 17 days ago

### AMD India — Bengaluru
<https://careers.amd.com/careers-home>

- 🎓 Spring 2027 Engineering Intern
- 🎓 Student / Intern / Temp

### Analog Devices — Bengaluru
<https://analogdevices.wd1.myworkdayjobs.com/External>

- 🎓 Intern Analog/ RF Design Engineering

### Internshala Pune — Pune
<https://internshala.com/internships/internship-in-pune/>

- 🎓 🧪 💻 Software Development Intern – Full-Stack, Data Engineering & Applied AI

### Internshala Noida — Noida
<https://internshala.com/internships/internship-in-noida/>

- 🎓 Business Associate Intern
- 🎓 HR Intern

### Internshala Gurgaon — Gurugram
<https://internshala.com/internships/internship-in-gurgaon/>

- 🎓 Business Associate Intern
- 🎓 HR Intern
- 🎓 Internships in Gurgaon: Top 3489 Paid Internship in Gurgaon

### Signzy — Bengaluru
<https://www.signzy.com/careers/>

- 🎓 Associate Business Analyst 3 days ago Bangalore 0-1 Full Time
- 🎓 Partnership Intern 24 days ago Mumbai 0 to 1 Full Time
- 🎓 Sales Intern 2 days ago Bangalore 0 to 1 year Full Time

### Internshala (Data Science) — India
<https://internshala.com/internships/data-science-internship/>

- 🎓 🧪 AI Content Development & QA Intern
- 🎓 🧪 Data Science Internships: Find 368 Data Science Intern Jobs
- 🎓 🧪 💻 Software Development Intern – Full-Stack, Data Engineering & Applied AI

### Internshala (Web Dev) — India
<https://internshala.com/internships/web-development-internship/>

- 🎓 🧪 💻 Software Development Intern – Full-Stack, Data Engineering & Applied AI
- 🎓 Web Development Internships: 351+ Web Development Intern Jobs

### Internshala (Python) — India
<https://internshala.com/internships/python-internship/>

- 🎓 Python Internships: Find 283 Python Intern Jobs
- 🎓 🧪 💻 Software Development Intern – Full-Stack, Data Engineering & Applied AI

### Internshala (Full Stack) — India
<https://internshala.com/internships/full-stack-development-internship/>

- 🎓 💻 Full Stack Development Internships: 107+ Full Stack Development Intern Jobs
- 🎓 🧪 💻 Software Development Intern – Full-Stack, Data Engineering & Applied AI

### Internshala (Frontend) — India
<https://internshala.com/internships/front-end-development-internship/>

- 🎓 💻 Front End Development Internships: Find 112 Front End Development Intern Jobs

### Internshala (Backend) — India
<https://internshala.com/internships/back-end-development-internship/>

- 🎓 💻 Backend Development Internships: Find 121 Backend Development Intern Jobs

### Internshala (App Dev) — India
<https://internshala.com/internships/mobile-app-development-internship/>

- 🎓 Mobile App Development Internships: Find 64 Mobile App Development Intern Jobs

### Internshala (Hyderabad) — Hyderabad
<https://internshala.com/internships/internship-in-hyderabad/>

- 🎓 Graduate Apprentice

### AICTE Internship Portal — India
<https://internship.aicte-india.org/>

- 🎓 1 Crore Internship By 2027 | 79,57,193+ Internships | 82758 Companies

### Anblicks — Hyderabad
<https://anblicks.com/careers/>

- 🎓 Associate Data Engineer 106 days ago Hyderabad 3+ Full Time
- 🎓 Associate Data Engineer 96 days ago Hyderabad 4+ Full Time
- 🎓 Engineer I - IT 47 days ago Ahmedabad 0-1 Full Time
- 🎓 Management Intern (Human Resources) 92 days ago Hyderabad , Ahmedabad 0 Full Time
- 🎓 Management Intern (L&D/ Analytics) 92 days ago Ahmedabad , Hyderabad 0 Full Time

### Jar — Bengaluru
<https://www.myjar.app/careers>

- 🎓 Graphic Design Intern
- 🎓 Video Editor Intern

### Mindpath Technology — Ahmedabad
<https://www.mindpathtech.com/careers/>

- 🎓 Business Development Intern
- 🎓 Employment Type - Internship
- 🎓 💻 Frontend Developer Intern
- 🎓 Python Intern

### E2M Solutions — Ahmedabad
<https://www.e2msolutions.com/careers/>

- 🎓 🧪 💻 Associate Full Stack AI Engineer 89 days ago Ahmedabad 1 - 2 Full Time
- 🎓 Talent Acquisition Associate 2 days ago Ahmedabad 0-1 Year Full Time

### BMC Software Pune — Pune
<https://bmcrecruit.avature.net/careers>

- 🎓 Associate Solution Engineer - Dublin, Ireland

### Apponward Technologies — Noida
<https://apponward.com/careers>

- 🎓 Fresher
- 🎓 💻 Fresher Software Developer

### Bhanzu — Hyderabad
<https://bhanzu.com/careers>

- 🎓 Business Development Trainee 455 days ago Bengaluru 0 Full Time
- 🎓 Presales - Trainee 442 days ago Remote 0 Full Time

### SuperOps — Chennai
<https://superops.ai/careers>

- 🎓 1 Brand Marketing Associate Marketing Full-time

## 🌍 Outside India — 5 new

### Sea Group — Singapore
<https://career.sea.com/>

- 🎓 Intern 5 Positions

### Ninja Van — Singapore
<https://www.ninjavan.co/en-sg/careers>

- 🎓 HR Generalist, Associate (Operations and TA) Singapore, Singapore

### M-DAQ — Singapore
<https://www.m-daq.com/careers/>

- 🎓 Sales Associate

### Airwallex — Singapore
<https://www.airwallex.com/careers>

- 🎓 Intern

### Glints — Singapore
<https://glints.com/careers>

- 🎓 Store Canvasser Not Disclosed Contract Minimum Associate Degree Customer Service Sales and Marketing + 1

# 📢 New career-page entries — 2026-08-01T13:19:39

**🇮🇳 India: 17 · 🌍 Outside India: 1 · 📍 Unspecified location: 1**

## 🇮🇳 India — 17 new

### Internshala (AI) — India
<https://internshala.com/internships/artificial-intelligence-internship/>

- 🎓 🧪 Artificial intelligence Internships: Find 173 Artificial intelligence Intern Jobs

### Qualcomm — India
<https://careers.qualcomm.com/careers>

- 🎓 Associate Attorney, Data San Diego, California, United States of America Legal Counsel Posted 18 days ago

### Atlassian — Bengaluru
<https://www.atlassian.com/company/careers/all-jobs>

- 🎓 Account Associate, LATAM (Portuguese Speaking)
- 🎓 Account Associate, Mid-Market (Renewals)

### Internshala Chennai — Chennai
<https://internshala.com/internships/internship-in-chennai/>

- 🎓 Sales Trainee

### Internshala Noida — Noida
<https://internshala.com/internships/internship-in-noida/>

- 🎓 PPT/Canva Specialist Intern

### Internshala Gurgaon — Gurugram
<https://internshala.com/internships/internship-in-gurgaon/>

- 🎓 Internships in Gurgaon: Top 3526 Paid Internship in Gurgaon
- 🎓 PPT/Canva Specialist Intern

### Internshala (Data Science) — India
<https://internshala.com/internships/data-science-internship/>

- 🎓 🧪 Data Science Internships: Find 370 Data Science Intern Jobs

### Internshala (Web Dev) — India
<https://internshala.com/internships/web-development-internship/>

- 🎓 Web Development Internships: 354+ Web Development Intern Jobs

### Internshala (Python) — India
<https://internshala.com/internships/python-internship/>

- 🎓 Electronic & Communication Engineering Associate
- 🎓 Python Internships: Find 285 Python Intern Jobs

### Internshala (Full Stack) — India
<https://internshala.com/internships/full-stack-development-internship/>

- 🎓 💻 Full Stack Development Internships: 108+ Full Stack Development Intern Jobs

### Internshala (Frontend) — India
<https://internshala.com/internships/front-end-development-internship/>

- 🎓 💻 Front End Development Internships: Find 113 Front End Development Intern Jobs

### Internshala (Backend) — India
<https://internshala.com/internships/back-end-development-internship/>

- 🎓 💻 Backend Development Internships: Find 122 Backend Development Intern Jobs

### Internshala (App Dev) — India
<https://internshala.com/internships/mobile-app-development-internship/>

- 🎓 Mobile App Development Internships: Find 62 Mobile App Development Intern Jobs

### AICTE Internship Portal — India
<https://internship.aicte-india.org/>

- 🎓 1 Crore Internship By 2027 | 79,57,193+ Internships | 82814 Companies

## 🌍 Outside India — 1 new

### Sleek — Singapore
<https://sleek.com/careers/>

- 🎓 Legal Tech Internship

## 📍 Unspecified location — 1 new

### YC Work at a Startup — Remote
<https://www.workatastartup.com/jobs>

- 🎓 Software Engineering Intern

# 📢 New career-page entries — 2026-08-02T02:44:30

**🇮🇳 India: 44**

## 🇮🇳 India — 44 new

### Accenture — Bengaluru
<https://www.accenture.com/in-en/careers/jobsearch?fl=Bengaluru>

- 🎓 Analytics and Modeling Associate

### Accenture — Hyderabad
<https://www.accenture.com/in-en/careers/jobsearch?fl=Hyderabad>

- 🎓 Analytics and Modeling Associate

### Accenture — Pune
<https://www.accenture.com/in-en/careers/jobsearch?fl=Pune>

- 🎓 Analytics and Modeling Associate

### Accenture — Gurugram
<https://www.accenture.com/in-en/careers/jobsearch?fl=Gurugram>

- 🎓 Analytics and Modeling Associate

### Internshala (ML) — India
<https://internshala.com/internships/machine-learning-internship/>

- 🎓 🧪 Machine Learning Internships: Find 148 Machine Learning Intern Jobs

### Internshala (SDE) — India
<https://internshala.com/internships/software-development-internship/>

- 🎓 💻 Software Development Internships: 233+ Software Development Intern Jobs

### Internshala (AI) — India
<https://internshala.com/internships/artificial-intelligence-internship/>

- 🎓 🧪 Artificial intelligence Internships: Find 171 Artificial intelligence Intern Jobs

### Postman — Bengaluru
<https://www.postman.com/company/careers/open-positions/>

- 🎓 🧪 AI Engineer, Intern

### Internshala Noida — Noida
<https://internshala.com/internships/internship-in-noida/>

- 🎓 Inside Sales Associate

### Internshala Gurgaon — Gurugram
<https://internshala.com/internships/internship-in-gurgaon/>

- 🎓 Inside Sales Associate
- 🎓 Internships in Gurgaon: Top 3402 Paid Internship in Gurgaon

### Signzy — Bengaluru
<https://www.signzy.com/careers/>

- 🎓 Associate Business Analyst 4 days ago Bangalore 0-1 Full Time
- 🎓 Partnership Intern 25 days ago Mumbai 0 to 1 Full Time
- 🎓 Sales Intern 3 days ago Bangalore 0 to 1 year Full Time

### Internshala (Data Science) — India
<https://internshala.com/internships/data-science-internship/>

- 🎓 🧪 Data Science Internships: Find 367 Data Science Intern Jobs

### Internshala (Web Dev) — India
<https://internshala.com/internships/web-development-internship/>

- 🎓 Web Development Internships: 347+ Web Development Intern Jobs

### Internshala (Python) — India
<https://internshala.com/internships/python-internship/>

- 🎓 Python Internships: Find 281 Python Intern Jobs

### Internshala (Full Stack) — India
<https://internshala.com/internships/full-stack-development-internship/>

- 🎓 💻 Full Stack Development Internships: 107+ Full Stack Development Intern Jobs

### Internshala (Frontend) — India
<https://internshala.com/internships/front-end-development-internship/>

- 🎓 💻 Front End Development Internships: Find 110 Front End Development Intern Jobs

### Internshala (Backend) — India
<https://internshala.com/internships/back-end-development-internship/>

- 🎓 💻 Backend Development Internships: Find 119 Backend Development Intern Jobs

### Internshala (App Dev) — India
<https://internshala.com/internships/mobile-app-development-internship/>

- 🎓 Mobile App Development Internships: Find 60 Mobile App Development Intern Jobs

### AICTE Internship Portal — India
<https://internship.aicte-india.org/>

- 🎓 1 Crore Internship By 2027 | 79,57,193+ Internships | 82856 Companies

### Anblicks — Hyderabad
<https://anblicks.com/careers/>

- 🎓 Associate Data Engineer 107 days ago Hyderabad 3+ Full Time
- 🎓 Associate Data Engineer 97 days ago Hyderabad 4+ Full Time
- 🎓 Engineer I - IT 48 days ago Ahmedabad 0-1 Full Time
- 🎓 Management Intern (Human Resources) 93 days ago Hyderabad , Ahmedabad 0 Full Time
- 🎓 Management Intern (L&D/ Analytics) 93 days ago Ahmedabad , Hyderabad 0 Full Time

### Bitcot — Ahmedabad
<https://www.bitcot.com/careers/>

- 🎓 Junior NodeJS Developer
- 🎓 Junior PHP Developer
- 🎓 Junior ReactJS Developer
- 🎓 Junior WordPress Developer

### Nevina Infotech — Ahmedabad
<https://www.nevinainfotech.com/careers>

- 🎓 Fresher

### Mindpath Technology — Ahmedabad
<https://www.mindpathtech.com/careers/>

- 🎓 Business Development Intern
- 🎓 Employment Type - Internship
- 🎓 💻 Frontend Developer Intern
- 🎓 Python Intern

### E2M Solutions — Ahmedabad
<https://www.e2msolutions.com/careers/>

- 🎓 🧪 💻 Associate Full Stack AI Engineer 90 days ago Ahmedabad 1 - 2 Full Time
- 🎓 Talent Acquisition Associate 3 days ago Ahmedabad 0-1 Year Full Time

### Niramai — Bengaluru
<https://www.niramai.com/careers/>

- 🎓 Fresher /1+ years
- 🎓 Junior Android developer | Niramai Health Analytix Pvt.Ltd
- 🎓 We’re Hiring: Junior Android developer

### Pricol — Coimbatore
<https://pricol.com/careers/>

- 🎓 Graduate Engineering Trainees (GET) Programme

### Signature Software Lab — Tirupati
<https://signaturesoftwarelab.com/careers>

- 🎓 Apply for Internship
- 🎓 Yes. Internship opportunities are available throughout the year depending on project requirements.

# 📢 New career-page entries — 2026-08-02T13:19:53

**🇮🇳 India: 40 · 🌍 Outside India: 1 · 📍 Unspecified location: 1**

## 🇮🇳 India — 40 new

### IBM — India
<https://www.ibm.com/in-en/careers/search>

- 🎓 Cloud 2026 Intern Conversion - Canada Entry Level Multiple Cities
- 🎓 🧪 Cloud Duales Studium 2027 Bachelor@IBM: Wirtschaftsinformatik - Data Science (f,m,x) Internship Ehningen, DE
- 🎓 Cloud Master@IBM - Working Student: Build Ecosystem - ISV Partner Specialist (f/m/x) Internship FRANKFURT, DE
- 🎓 Cloud Master@IBM Cloud Technical Sales Specialist (f/m/x) Internship KOELN, DE
- 🎓 Consulting Business Transformation Consultant-Banking Internship Islamabad, PK
- 🎓 Consulting SAP Consultant Intern Internship Singapore, SG
- 🎓 Consulting SAP SD Consultant Entry Level Praha, CZ
- 🎓 Consulting Threat Intelligence Consultant-Threat Analysis Internship ABU DHABI, AE
- 🎓 🧪 Data & Analytics Associate Data Scientist (m/w/d) Entry Level Multiple Cities
- 🎓 Enterprise Operations Estagiário(a) em Qualidade e Suporte ao Cliente Internship Belo Horizonte, BR
- 🎓 Infrastructure & Technology Associate Technical SAP Package Specialist (September 2026 - Calgary) Entry Level Calgary, CA
- 🎓 Internship (66)
- 🎓 💻 Software Engineering Application Developer-Experience Front End - Internship Internship Doha, QA
- 🎓 🧪 Software Engineering Data Engineer-Machine Learning Entry Level Gurgaon, IN
- 🎓 Software Engineering IBM Consulting Interns Internship QUEZON CITY, PH

### Internshala (ML) — India
<https://internshala.com/internships/machine-learning-internship/>

- 🎓 🧪 Machine Learning Internships: Find 145 Machine Learning Intern Jobs

### Internshala (SDE) — India
<https://internshala.com/internships/software-development-internship/>

- 🎓 💻 Software Development Internships: 234+ Software Development Intern Jobs

### Internshala (AI) — India
<https://internshala.com/internships/artificial-intelligence-internship/>

- 🎓 🧪 Artificial intelligence Internships: Find 175 Artificial intelligence Intern Jobs

### Texas Instruments — Bengaluru
<https://careers.ti.com/>

- 🎓 Top 100 Internship Programs

### Analog Devices — Bengaluru
<https://analogdevices.wd1.myworkdayjobs.com/External>

- 🎓 Intern Analog/ RF Design Engineering

### Internshala Gurgaon — Gurugram
<https://internshala.com/internships/internship-in-gurgaon/>

- 🎓 Internships in Gurgaon: Top 3422 Paid Internship in Gurgaon

### Internshala (Data Science) — India
<https://internshala.com/internships/data-science-internship/>

- 🎓 🧪 Data Science Internships: Find 366 Data Science Intern Jobs

### Internshala (Web Dev) — India
<https://internshala.com/internships/web-development-internship/>

- 🎓 Web Development Internships: 350+ Web Development Intern Jobs

### Internshala (Python) — India
<https://internshala.com/internships/python-internship/>

- 🎓 Python Internships: Find 279 Python Intern Jobs

### Internshala (Full Stack) — India
<https://internshala.com/internships/full-stack-development-internship/>

- 🎓 💻 Full Stack Development Internships: 108+ Full Stack Development Intern Jobs

### Internshala (Frontend) — India
<https://internshala.com/internships/front-end-development-internship/>

- 🎓 💻 Front End Development Internships: Find 111 Front End Development Intern Jobs

### Internshala (Backend) — India
<https://internshala.com/internships/back-end-development-internship/>

- 🎓 💻 Backend Development Internships: Find 120 Backend Development Intern Jobs

### Internshala (App Dev) — India
<https://internshala.com/internships/mobile-app-development-internship/>

- 🎓 Mobile App Development Internships: Find 61 Mobile App Development Intern Jobs

### AICTE Internship Portal — India
<https://internship.aicte-india.org/>

- 🎓 1 Crore Internship By 2027 | 79,57,193+ Internships | 82917 Companies

### Exotel — Bengaluru
<https://exotel.com/careers/>

- 🎓 Integration & Customization Engineer - Intern
- 🎓 Sales Development Representative - Intern
- 🎓 Sales Engineer Intern
- 🎓 Tech Support Intern

### Antuit.ai — Bengaluru
<https://www.antuit.ai/careers/>

- 🎓 Associate Engagement

### Yash Technologies — Indore
<https://www.yash.com/careers/>

- 🎓 SAP Trainee
- 🎓 SAP Trainee /
- 🎓 SAP Trainee Registration
- 🎓 SAP Trainee Registration /

### Bhanzu — Hyderabad
<https://bhanzu.com/careers>

- 🎓 Business Development Trainee 456 days ago Bengaluru 0 Full Time
- 🎓 Presales - Trainee 443 days ago Remote 0 Full Time

## 🌍 Outside India — 1 new

### Airwallex — Singapore
<https://www.airwallex.com/careers>

- 🎓 Associate, Credit Risk Operations Operations Management Americas, San Francisco

## 📍 Unspecified location — 1 new

### YC Work at a Startup — Remote
<https://www.workatastartup.com/jobs>

- 🎓 Electrical Engineering Intern

# 📢 New career-page entries — 2026-08-03T02:45:35

**🇮🇳 India: 31 · 📍 Unspecified location: 1**

## 🇮🇳 India — 31 new

### IBM — India
<https://www.ibm.com/in-en/careers/search>

- 🎓 Enterprise Operations Estágio em Finanças Internship SÃO PAULO, BR
- 🎓 Internship (67)

### Internshala (ML) — India
<https://internshala.com/internships/machine-learning-internship/>

- 🎓 🧪 Machine Learning Internships: Find 146 Machine Learning Intern Jobs

### Internshala (SDE) — India
<https://internshala.com/internships/software-development-internship/>

- 🎓 💻 Software Development Internships: 232+ Software Development Intern Jobs

### Internshala (AI) — India
<https://internshala.com/internships/artificial-intelligence-internship/>

- 🎓 🧪 Artificial intelligence Internships: Find 172 Artificial intelligence Intern Jobs

### Analog Devices — Bengaluru
<https://analogdevices.wd1.myworkdayjobs.com/External>

- 🎓 Associate Engineer, Assembly Engineering
- 🎓 Associate Planner, Production Planning

### Internshala Gurgaon — Gurugram
<https://internshala.com/internships/internship-in-gurgaon/>

- 🎓 Internships in Gurgaon: Top 3317 Paid Internship in Gurgaon

### Signzy — Bengaluru
<https://www.signzy.com/careers/>

- 🎓 Associate Business Analyst 5 days ago Bangalore 0-1 Full Time
- 🎓 Partnership Intern 26 days ago Mumbai 0 to 1 Full Time
- 🎓 Sales Intern 4 days ago Bangalore 0 to 1 year Full Time

### Seclore — Pune
<https://www.seclore.com/company/careers/>

- 🎓 Mozilla/5.0 (compatible; CareerWatch/1.0; internship-outreach)

### Internshala (Data Science) — India
<https://internshala.com/internships/data-science-internship/>

- 🎓 🧪 Data Science Internships: Find 359 Data Science Intern Jobs

### Internshala (Web Dev) — India
<https://internshala.com/internships/web-development-internship/>

- 🎓 Web Development Internships: 346+ Web Development Intern Jobs

### Internshala (Python) — India
<https://internshala.com/internships/python-internship/>

- 🎓 Python Internships: Find 276 Python Intern Jobs

### Internshala (Full Stack) — India
<https://internshala.com/internships/full-stack-development-internship/>

- 🎓 💻 Full Stack Development Internships: 107+ Full Stack Development Intern Jobs

### Internshala (Frontend) — India
<https://internshala.com/internships/front-end-development-internship/>

- 🎓 💻 Front End Development Internships: Find 109 Front End Development Intern Jobs

### Internshala (Backend) — India
<https://internshala.com/internships/back-end-development-internship/>

- 🎓 💻 Backend Development Internships: Find 119 Backend Development Intern Jobs

### Internshala (App Dev) — India
<https://internshala.com/internships/mobile-app-development-internship/>

- 🎓 Mobile App Development Internships: Find 56 Mobile App Development Intern Jobs

### AICTE Internship Portal — India
<https://internship.aicte-india.org/>

- 🎓 1 Crore Internship By 2027 | 79,57,193+ Internships | 82955 Companies

### Anblicks — Hyderabad
<https://anblicks.com/careers/>

- 🎓 Associate Data Engineer 108 days ago Hyderabad 3+ Full Time
- 🎓 Associate Data Engineer 98 days ago Hyderabad 4+ Full Time
- 🎓 Engineer I - IT 49 days ago Ahmedabad 0-1 Full Time
- 🎓 Management Intern (Human Resources) 94 days ago Hyderabad , Ahmedabad 0 Full Time
- 🎓 Management Intern (L&D/ Analytics) 94 days ago Ahmedabad , Hyderabad 0 Full Time

### E2M Solutions — Ahmedabad
<https://www.e2msolutions.com/careers/>

- 🎓 🧪 💻 Associate Full Stack AI Engineer 91 days ago Ahmedabad 1 - 2 Full Time
- 🎓 Talent Acquisition Associate 4 days ago Ahmedabad 0-1 Year Full Time

### Infra.Market — Mumbai
<https://www.infra.market/careers>

- 🎓 Mozilla/5.0 (compatible; CareerWatch/1.0; internship-outreach)

### C5i — Bengaluru
<https://www.c5i.ai/careers/>

- 🎓 Mozilla/5.0 (compatible; CareerWatch/1.0; internship-outreach)

### Bhanzu — Hyderabad
<https://bhanzu.com/careers>

- 🎓 Business Development Trainee 457 days ago Bengaluru 0 Full Time
- 🎓 Presales - Trainee 444 days ago Remote 0 Full Time

## 📍 Unspecified location — 1 new

### YC Work at a Startup — Remote
<https://www.workatastartup.com/jobs>

- 🎓 Software Engineering Intern

# 📢 New career-page entries — 2026-08-03T14:37:52

**🇮🇳 India: 39 · 🌍 Outside India: 2 · 📍 Unspecified location: 1**

## 🇮🇳 India — 39 new

### IBM — India
<https://www.ibm.com/in-en/careers/career-opportunities>

- 🎓 Associate Application Consultant-Mobile (Design)
- 🎓 Associate Package Consultant-SAP HANA FIN FI
- 🎓 Entry Level Technical Sales Specialist
- 🎓 💻 Graduate Software Developer- start Sept 2027

### IBM — India
<https://www.ibm.com/in-en/careers/search>

- 🎓 Consulting Associate Application Consultant-Mobile (Design) Entry Level BANGKOK, TH
- 🎓 🧪 Data & Analytics Associate Data Scientist (m/w/d) Entry Level Multiple Cities
- 🎓 Enterprise Operations 2026 Intern Conversion: Financial Analyst – Rochester MN Entry Level ROCHESTER, US

### Internshala (ML) — India
<https://internshala.com/internships/machine-learning-internship/>

- 🎓 🧪 AI Research Intern for Healthcare Projects
- 🎓 🧪 Junior AI Research Associate
- 🎓 🧪 Machine Learning Internships: Find 152 Machine Learning Intern Jobs

### Internshala (SDE) — India
<https://internshala.com/internships/software-development-internship/>

- 🎓 💻 Software Development Internships: 246+ Software Development Intern Jobs

### Internshala (AI) — India
<https://internshala.com/internships/artificial-intelligence-internship/>

- 🎓 🧪 Artificial intelligence Internships: Find 180 Artificial intelligence Intern Jobs
- 🎓 🧪 Junior AI Research Associate

### Micron India — Hyderabad
<https://careers.micron.com/careers>

- 🎓 Intern - Digital Automation and Solutions Team Singapore, Singapore Posted 15 hours ago
- 🎓 Intern – Equipment Maintenance Technician (Data and Cost Analysis) Singapore, Singapore Posted 15 hours ago
- 🎓 🧪 Intern – ML/AI Engineer (Product Engineering, STPG) Singapore, Singapore Posted 15 hours ago

### Internshala Pune — Pune
<https://internshala.com/internships/internship-in-pune/>

- 🎓 HR/Admin Executive Intern

### Internshala Noida — Noida
<https://internshala.com/internships/internship-in-noida/>

- 🎓 Community & Partner Success Intern (Events)

### Internshala Gurgaon — Gurugram
<https://internshala.com/internships/internship-in-gurgaon/>

- 🎓 Community & Partner Success Intern (Events)
- 🎓 Internships in Gurgaon: Top 3533 Paid Internship in Gurgaon

### Internshala (Data Science) — India
<https://internshala.com/internships/data-science-internship/>

- 🎓 🧪 AI Research Intern for Healthcare Projects
- 🎓 🧪 Data Science Internships: Find 381 Data Science Intern Jobs
- 🎓 🧪 Junior AI Research Associate

### Internshala (Web Dev) — India
<https://internshala.com/internships/web-development-internship/>

- 🎓 Web Development Internships: 372+ Web Development Intern Jobs

### Internshala (Python) — India
<https://internshala.com/internships/python-internship/>

- 🎓 🧪 AI Research Intern for Healthcare Projects
- 🎓 Python Internships: Find 293 Python Intern Jobs

### Internshala (Full Stack) — India
<https://internshala.com/internships/full-stack-development-internship/>

- 🎓 💻 Full Stack Development Internships: 112+ Full Stack Development Intern Jobs

### Internshala (Frontend) — India
<https://internshala.com/internships/front-end-development-internship/>

- 🎓 💻 Front End Development Internships: Find 114 Front End Development Intern Jobs

### Internshala (Backend) — India
<https://internshala.com/internships/back-end-development-internship/>

- 🎓 💻 Backend Development Internships: Find 126 Backend Development Intern Jobs

### Internshala (App Dev) — India
<https://internshala.com/internships/mobile-app-development-internship/>

- 🎓 Mobile App Development Internships: Find 55 Mobile App Development Intern Jobs

### AICTE Internship Portal — India
<https://internship.aicte-india.org/>

- 🎓 1 Crore Internship By 2027 | 79,57,193+ Internships | 82981 Companies

### Bytes Technolab — Ahmedabad
<https://www.bytestechnolab.com/culture-career/>

- 🎓 Junior DevOps Engineer

### Metizsoft Solutions — Ahmedabad
<https://www.metizsoft.com/careers>

- 🎓 Digital Marketing Intern

### Mobiloitte — Delhi
<https://www.mobiloitte.com/careers/>

- 🎓 Position: Sales &amp; Marketing Intern Company: Mobiloitte Technologies India Pvt. Ltd. Elig...
- 🎓 internship

### Apna — Bengaluru
<https://apna.co/careers>

- 🎓 Content Writer Intern

### AWEIL (Advanced Weapons & Equipment India) — Kanpur
<https://aweil.in/career>

- 🎓 Advertisement for the post of Executive Finance Trainee on Fixed term contract basis -
- 🎓 Advertisement for the post of Jr. Executive Finance Trainee on Fixed term contract basis -

### Kapture CX — Bengaluru
<https://www.kapture.cx/careers>

- 🎓 Legal Intern Bangalore 0-1 Full Time

## 🌍 Outside India — 2 new

### Grab — Singapore
<https://grab.careers/>

- 🎓 Associate, Strategy & Special Project - GrabFood (Food Locker and Local Partnership)

### Sleek — Singapore
<https://sleek.com/careers/>

- 🎓 Legal Tech Internship

## 📍 Unspecified location — 1 new

### YC Work at a Startup — Remote
<https://www.workatastartup.com/jobs>

- 🎓 Electrical Engineering Intern

# 📢 New career-page entries — 2026-08-04T02:29:24

**🇮🇳 India: 33 · 📍 Unspecified location: 1**

## 🇮🇳 India — 33 new

### IBM — India
<https://www.ibm.com/in-en/careers/career-opportunities>

- 🎓 Associate Data Engineer

### IBM — India
<https://www.ibm.com/in-en/careers/search>

- 🎓 Internship (80)

### Internshala (ML) — India
<https://internshala.com/internships/machine-learning-internship/>

- 🎓 🧪 Machine Learning Internships: Find 151 Machine Learning Intern Jobs

### Internshala (SDE) — India
<https://internshala.com/internships/software-development-internship/>

- 🎓 💻 Software Development Internships: 241+ Software Development Intern Jobs

### Internshala (AI) — India
<https://internshala.com/internships/artificial-intelligence-internship/>

- 🎓 🧪 Artificial intelligence Internships: Find 177 Artificial intelligence Intern Jobs

### AMD India — Bengaluru
<https://careers.amd.com/careers-home>

- 🎓 Graduate Trainee - Product Development Engineer

### Internshala Gurgaon — Gurugram
<https://internshala.com/internships/internship-in-gurgaon/>

- 🎓 Internships in Gurgaon: Top 3508 Paid Internship in Gurgaon

### Signzy — Bengaluru
<https://www.signzy.com/careers/>

- 🎓 Associate Business Analyst 6 days ago Bangalore 0-1 Full Time
- 🎓 Partnership Intern 27 days ago Mumbai 0 to 1 Full Time
- 🎓 Sales Intern 5 days ago Bangalore 0 to 1 year Full Time

### Internshala (Data Science) — India
<https://internshala.com/internships/data-science-internship/>

- 🎓 🧪 Data Science Internships: Find 374 Data Science Intern Jobs

### Internshala (Web Dev) — India
<https://internshala.com/internships/web-development-internship/>

- 🎓 Web Development Internships: 361+ Web Development Intern Jobs

### Internshala (Python) — India
<https://internshala.com/internships/python-internship/>

- 🎓 Python Internships: Find 285 Python Intern Jobs

### Internshala (Full Stack) — India
<https://internshala.com/internships/full-stack-development-internship/>

- 🎓 💻 Full Stack Development Internships: 105+ Full Stack Development Intern Jobs

### Internshala (Frontend) — India
<https://internshala.com/internships/front-end-development-internship/>

- 🎓 💻 Front End Development Internships: Find 111 Front End Development Intern Jobs

### Internshala (Backend) — India
<https://internshala.com/internships/back-end-development-internship/>

- 🎓 💻 Backend Development Internships: Find 122 Backend Development Intern Jobs

### Internshala (App Dev) — India
<https://internshala.com/internships/mobile-app-development-internship/>

- 🎓 Mobile App Development Internships: Find 53 Mobile App Development Intern Jobs

### AICTE Internship Portal — India
<https://internship.aicte-india.org/>

- 🎓 1 Crore Internship By 2027 | 79,57,193+ Internships | 82983 Companies

### Anblicks — Hyderabad
<https://anblicks.com/careers/>

- 🎓 Associate Data Engineer 109 days ago Hyderabad 3+ Full Time
- 🎓 Associate Data Engineer 99 days ago Hyderabad 4+ Full Time
- 🎓 Engineer I - IT 50 days ago Ahmedabad 0-1 Full Time
- 🎓 Management Intern (Human Resources) 95 days ago Hyderabad , Ahmedabad 0 Full Time
- 🎓 Management Intern (L&D/ Analytics) 95 days ago Ahmedabad , Hyderabad 0 Full Time

### E2M Solutions — Ahmedabad
<https://www.e2msolutions.com/careers/>

- 🎓 🧪 💻 Associate Full Stack AI Engineer 92 days ago Ahmedabad 1 - 2 Full Time
- 🎓 Talent Acquisition Associate 5 days ago Ahmedabad 0-1 Year Full Time

### Upstox — Mumbai
<https://upstox.com/careers/>

- 🎓 CS Trainee

### Exotel — Bengaluru
<https://exotel.com/careers/>

- 🎓 Integration & Customization Engineer - Intern
- 🎓 Sales Development Representative - Intern
- 🎓 Sales Engineer Intern
- 🎓 Tech Support Intern

### Antuit.ai — Bengaluru
<https://www.antuit.ai/careers/>

- 🎓 Associate Engagement

### Bhanzu — Hyderabad
<https://bhanzu.com/careers>

- 🎓 Business Development Trainee 458 days ago Bengaluru 0 Full Time
- 🎓 Presales - Trainee 445 days ago Remote 0 Full Time

## 📍 Unspecified location — 1 new

### YC Work at a Startup — Remote
<https://www.workatastartup.com/jobs>

- 🎓 Software Engineering Intern, Fall 2026

# 📢 New career-page entries — 2026-08-04T14:10:35

**🇮🇳 India: 32 · 🌍 Outside India: 3 · 📍 Unspecified location: 2**

## 🇮🇳 India — 32 new

### IBM — India
<https://www.ibm.com/in-en/careers/career-opportunities>

- 🎓 Associate Application Consultant-AWS Cloud
- 🎓 💻 Associate Application Developer-AWS Cloud FullStack
- 🎓 Associate Application Developer-EAI

### IBM — India
<https://www.ibm.com/in-en/careers/search>

- 🎓 🧪 Cloud Duales Studium 2027 Bachelor@IBM: Wirtschaftsinformatik - Data Science (f,m,x) Internship Ehningen, DE
- 🎓 Consulting Business Transformation Consultant-Banking Internship Islamabad, PK
- 🎓 Infrastructure & Technology Associate Technical SAP Package Specialist (September 2026 - Calgary) Entry Level Calgary, CA
- 🎓 Internship (77)
- 🎓 Software Engineering IBM Consulting Interns Internship QUEZON CITY, PH

### ShareChat — Bengaluru
<https://sharechat.com/careers>

- 🎓 Associate - Finance

### Internshala (ML) — India
<https://internshala.com/internships/machine-learning-internship/>

- 🎓 🧪 Machine Learning Internships: Find 154 Machine Learning Intern Jobs

### Internshala (SDE) — India
<https://internshala.com/internships/software-development-internship/>

- 🎓 💻 Software Development Internships: 245+ Software Development Intern Jobs

### Internshala (AI) — India
<https://internshala.com/internships/artificial-intelligence-internship/>

- 🎓 🧪 Artificial intelligence Internships: Find 182 Artificial intelligence Intern Jobs

### Amazon India — India
<https://www.amazon.jobs/en/search?base_query=intern&loc_query=India>

- 🎓 Sales Ops Intern

### Wadhwani AI — India
<https://www.wadhwaniai.org/careers/>

- 🎓 UX/UI Intern

### Micron India — Hyderabad
<https://careers.micron.com/careers>

- 🎓 🧪 Intern – ML/AI Engineer (Product Engineering, STPG) Singapore, Singapore Posted 14 hours ago

### Internshala Gurgaon — Gurugram
<https://internshala.com/internships/internship-in-gurgaon/>

- 🎓 Internships in Gurgaon: Top 3663 Paid Internship in Gurgaon

### Internshala (Data Science) — India
<https://internshala.com/internships/data-science-internship/>

- 🎓 🧪 Data Science Internships: Find 379 Data Science Intern Jobs

### Internshala (Web Dev) — India
<https://internshala.com/internships/web-development-internship/>

- 🎓 Web Development Internships: 367+ Web Development Intern Jobs

### Internshala (Python) — India
<https://internshala.com/internships/python-internship/>

- 🎓 Python Internships: Find 294 Python Intern Jobs

### Internshala (Full Stack) — India
<https://internshala.com/internships/full-stack-development-internship/>

- 🎓 💻 Full Stack Development Internships: 103+ Full Stack Development Intern Jobs

### Internshala (Frontend) — India
<https://internshala.com/internships/front-end-development-internship/>

- 🎓 💻 Front End Development Internships: Find 112 Front End Development Intern Jobs

### Internshala (Backend) — India
<https://internshala.com/internships/back-end-development-internship/>

- 🎓 💻 Backend Development Internships: Find 130 Backend Development Intern Jobs

### Internshala (App Dev) — India
<https://internshala.com/internships/mobile-app-development-internship/>

- 🎓 Mobile App Development Internships: Find 56 Mobile App Development Intern Jobs

### Internshala (Bangalore) — Bengaluru
<https://internshala.com/internships/internship-in-bangalore/>

- 🎓 Business Development Associate
- 🎓 Community Associate (Kannada)

### Internshala (Ahmedabad) — Ahmedabad
<https://internshala.com/internships/internship-in-ahmedabad/>

- 🎓 E Commerce Intern
- 🎓 E-Commerce Associate

### AICTE Internship Portal — India
<https://internship.aicte-india.org/>

- 🎓 1 Crore Internship By 2027 | 79,57,193+ Internships | 82988 Companies

### Softweb Solutions — Ahmedabad
<https://www.softwebsolutions.com/careers.html>

- 🎓 Intern

### Mobiloitte — Delhi
<https://www.mobiloitte.com/careers/>

- 🎓 Position: Sales &amp; Marketing Intern Company: Mobiloitte Technologies India Pvt. Ltd. Elig...
- 🎓 internship

### BMC Software Pune — Pune
<https://bmcrecruit.avature.net/careers>

- 🎓 Associate Solution Engineer / Assoc Pre-sales consultant - (hybrid 2 days in the office) Sandyford / Dublin, Ireland

## 🌍 Outside India — 3 new

### Talabat — Dubai
<https://careers.talabat.com/>

- 🎓 Associate S&OP

### Sleek — Singapore
<https://sleek.com/careers/>

- 🎓 Legal Tech Internship

### Glints — Singapore
<https://glints.com/careers>

- 🎓 Account Management Associate (Revenue Based)

## 📍 Unspecified location — 2 new

### YC Work at a Startup — Remote
<https://www.workatastartup.com/jobs>

- 🎓 Electrical Engineering Intern
- 🎓 Software Engineering Intern

# 📢 New career-page entries — 2026-08-05T02:28:47

**🇮🇳 India: 43 · 🌍 Outside India: 1**

## 🇮🇳 India — 43 new

### IBM — India
<https://www.ibm.com/in-en/careers/career-opportunities>

- 🎓 2027 Intern Conversion - Canada
- 🎓 Associate visual designer
- 🎓 🧪 [IBMJ IBM Consulting Data Scientist] Campus Hire
- 🎓 [IBMJ IBM Consulting Designer] Campus Hire

### IBM — India
<https://www.ibm.com/in-en/careers/search>

- 🎓 Internship (72)

### Meesho — Bengaluru
<https://www.meesho.io/jobs>

- 🎓 Brand Associate Commerce Platform Bangalore, Karnataka

### Internshala (ML) — India
<https://internshala.com/internships/machine-learning-internship/>

- 🎓 🧪 Machine Learning Internships: Find 155 Machine Learning Intern Jobs

### Internshala (SDE) — India
<https://internshala.com/internships/software-development-internship/>

- 🎓 💻 Software Development Internships: 240+ Software Development Intern Jobs

### Internshala (AI) — India
<https://internshala.com/internships/artificial-intelligence-internship/>

- 🎓 🧪 Artificial intelligence Internships: Find 183 Artificial intelligence Intern Jobs

### Atlassian — Bengaluru
<https://www.atlassian.com/company/careers/all-jobs>

- 🎓 Account Associate, Mid-Market (Renewals)

### Micron India — Hyderabad
<https://careers.micron.com/careers>

- 🎓 Intern - Test Engineering Singapore, Singapore Posted a day ago

### Internshala Noida — Noida
<https://internshala.com/internships/internship-in-noida/>

- 🎓 Business Development Associate

### Internshala Gurgaon — Gurugram
<https://internshala.com/internships/internship-in-gurgaon/>

- 🎓 Business Development Associate
- 🎓 Internships in Gurgaon: Top 3662 Paid Internship in Gurgaon

### Signzy — Bengaluru
<https://www.signzy.com/careers/>

- 🎓 Associate Business Analyst 7 days ago Bangalore 0-1 Full Time
- 🎓 Partnership Intern 28 days ago Mumbai 0 to 1 Full Time
- 🎓 Sales Intern 6 days ago Bangalore 0 to 1 year Full Time

### Techwave — Hyderabad
<https://techwave.wd108.myworkdayjobs.com/TechWave_Careers>

- 🎓 Finance Intern
- 🎓 Junior FI Consultant
- 🎓 Junior Public Cloud Consultant
- 🎓 Techwave Junior SAP Consultant Program

### Internshala (Data Science) — India
<https://internshala.com/internships/data-science-internship/>

- 🎓 🧪 Data Science Internships: Find 380 Data Science Intern Jobs

### Internshala (Web Dev) — India
<https://internshala.com/internships/web-development-internship/>

- 🎓 Web Development Internships: 356+ Web Development Intern Jobs

### Internshala (Python) — India
<https://internshala.com/internships/python-internship/>

- 🎓 Python Internships: Find 281 Python Intern Jobs

### Internshala (Full Stack) — India
<https://internshala.com/internships/full-stack-development-internship/>

- 🎓 💻 Full Stack Development Internships: 98+ Full Stack Development Intern Jobs

### Internshala (Frontend) — India
<https://internshala.com/internships/front-end-development-internship/>

- 🎓 💻 Front End Development Internships: Find 109 Front End Development Intern Jobs

### Internshala (Backend) — India
<https://internshala.com/internships/back-end-development-internship/>

- 🎓 💻 Backend Development Internships: Find 125 Backend Development Intern Jobs

### Internshala (App Dev) — India
<https://internshala.com/internships/mobile-app-development-internship/>

- 🎓 Mobile App Development Internships: Find 55 Mobile App Development Intern Jobs

### AICTE Internship Portal — India
<https://internship.aicte-india.org/>

- 🎓 1 Crore Internship By 2027 | 79,57,193+ Internships | 82991 Companies

### Anblicks — Hyderabad
<https://anblicks.com/careers/>

- 🎓 Associate Data Engineer 100 days ago Hyderabad 4+ Full Time
- 🎓 Associate Data Engineer 110 days ago Hyderabad 3+ Full Time
- 🎓 Engineer I - IT 51 days ago Ahmedabad 0-1 Full Time
- 🎓 Management Intern (Human Resources) 96 days ago Hyderabad , Ahmedabad 0 Full Time
- 🎓 Management Intern (L&D/ Analytics) 96 days ago Ahmedabad , Hyderabad 0 Full Time

### Jar — Bengaluru
<https://www.myjar.app/careers>

- 🎓 Copywriter (Ads) Intern

### E2M Solutions — Ahmedabad
<https://www.e2msolutions.com/careers/>

- 🎓 🧪 💻 Associate Full Stack AI Engineer 93 days ago Ahmedabad 1 - 2 Full Time
- 🎓 Talent Acquisition Associate 6 days ago Ahmedabad 0-1 Year Full Time

### Exotel — Bengaluru
<https://exotel.com/careers/>

- 🎓 Integration & Customization Engineer - Intern
- 🎓 Sales Development Representative - Intern
- 🎓 Sales Engineer Intern
- 🎓 Tech Support Intern

### Apna — Bengaluru
<https://apna.co/careers>

- 🎓 Operations Associate

### Antuit.ai — Bengaluru
<https://www.antuit.ai/careers/>

- 🎓 Associate Engagement

## 🌍 Outside India — 1 new

### Sea Group — Singapore
<https://career.sea.com/>

- 🎓 Intern 6 Positions

# 📢 New career-page entries — 2026-08-05T14:08:01

**🇮🇳 India: 46 · 🌍 Outside India: 3 · 📍 Unspecified location: 1**

## 🇮🇳 India — 46 new

### Accenture — Bengaluru
<https://www.accenture.com/in-en/careers/jobsearch?fl=Bengaluru>

- 🎓 IMU Associate
- 🎓 Strategy Associate

### Accenture — Hyderabad
<https://www.accenture.com/in-en/careers/jobsearch?fl=Hyderabad>

- 🎓 IMU Associate
- 🎓 Strategy Associate

### Accenture — Pune
<https://www.accenture.com/in-en/careers/jobsearch?fl=Pune>

- 🎓 IMU Associate
- 🎓 Strategy Associate

### Accenture — Gurugram
<https://www.accenture.com/in-en/careers/jobsearch?fl=Gurugram>

- 🎓 IMU Associate
- 🎓 Strategy Associate

### IBM — India
<https://www.ibm.com/in-en/careers/career-opportunities>

- 🎓 Associate Designer-User Experience Design

### IBM — India
<https://www.ibm.com/in-en/careers/search>

- 🎓 Internship (75)

### Internshala (ML) — India
<https://internshala.com/internships/machine-learning-internship/>

- 🎓 🧪 Machine Learning Internships: Find 157 Machine Learning Intern Jobs

### Internshala (AI) — India
<https://internshala.com/internships/artificial-intelligence-internship/>

- 🎓 🧪 Artificial intelligence Internships: Find 185 Artificial intelligence Intern Jobs

### Quadeye — Gurugram
<https://www.quadeye.com/careers>

- 🎓 Intern - Quant Strategist
- 🎓 💻 Intern - Software Developer (Product)
- 🎓 Intern - Systems Engineer
- 🎓 Internship

### Internshala Noida — Noida
<https://internshala.com/internships/internship-in-noida/>

- 🎓 HR Admin Intern

### Internshala Gurgaon — Gurugram
<https://internshala.com/internships/internship-in-gurgaon/>

- 🎓 HR Admin Intern
- 🎓 Internships in Gurgaon: Top 3797 Paid Internship in Gurgaon

### Signzy — Bengaluru
<https://www.signzy.com/careers/>

- 🎓 Project Operations intern 0 day ago Bangalore 0-6 months Full Time

### Turno — Hyderabad
<https://www.turno.club/careers>

- 🎓 Marketing intern Bangalore 0 Part time

### ThoughtSpot — Bengaluru
<https://www.thoughtspot.com/careers>

- 🎓 Intern - Business Transformation

### Internshala (Data Science) — India
<https://internshala.com/internships/data-science-internship/>

- 🎓 🧪 Data Science Internships: Find 387 Data Science Intern Jobs

### Internshala (Web Dev) — India
<https://internshala.com/internships/web-development-internship/>

- 🎓 Web Development Internships: 362+ Web Development Intern Jobs

### Internshala (Python) — India
<https://internshala.com/internships/python-internship/>

- 🎓 Python Internships: Find 285 Python Intern Jobs

### Internshala (Full Stack) — India
<https://internshala.com/internships/full-stack-development-internship/>

- 🎓 💻 Full Stack Development Internships: 102+ Full Stack Development Intern Jobs

### Internshala (Frontend) — India
<https://internshala.com/internships/front-end-development-internship/>

- 🎓 🧪 AI Development Internship
- 🎓 💻 Frontend development Internship in Bengaluru
- 🎓 💻 Frontend development Internship in Coimbatore
- 🎓 💻 Frontend development Internship in Delhi
- 🎓 💻 Frontend development Internship in Gurgaon
- 🎓 💻 Frontend development Internship in Hyderabad
- 🎓 💻 Frontend development Internship in Kolkata
- 🎓 💻 Frontend development Internships: Find 10 Frontend development Intern Jobs
- 🎓 💻 Latest Frontend development Intern Jobs
- 🎓 💻 You can apply for a frontend development internship or frontend development intern job using the following steps-

### Internshala (Backend) — India
<https://internshala.com/internships/back-end-development-internship/>

- 🎓 💻 Backend Development Internships: Find 122 Backend Development Intern Jobs

### Internshala (App Dev) — India
<https://internshala.com/internships/mobile-app-development-internship/>

- 🎓 Flutter App Internship
- 🎓 Mobile App Development Internships: Find 58 Mobile App Development Intern Jobs

### Internshala (Bangalore) — Bengaluru
<https://internshala.com/internships/internship-in-bangalore/>

- 🎓 Research Associate

### Unstop Internships — India
<https://unstop.com/internships>

- 🎓 Growth Hack Internship Unstop is hiring!
- 🎓 Growth Marketing Intern (College Partnerships) Unstop is hiring!

### Hirist (Tech) — India
<https://www.hirist.tech/>

- 🎓 Internship vs Apprenticeship: Key Differences in India

### AICTE Internship Portal — India
<https://internship.aicte-india.org/>

- 🎓 1 Crore Internship By 2027 | 79,57,193+ Internships | 82996 Companies

### Rupeek — Bengaluru
<https://rupeek.com/careers>

- 🎓 Campus Recruiter Location: Bengaluru, Karnataka, India 7 hours ago

### Softweb Solutions — Ahmedabad
<https://www.softwebsolutions.com/careers.html>

- 🎓 Intern

## 🌍 Outside India — 3 new

### Talabat — Dubai
<https://careers.talabat.com/>

- 🎓 Associate Demand Planning

### M-DAQ — Singapore
<https://www.m-daq.com/careers/>

- 🎓 Partnerships Intern

### Glints — Singapore
<https://glints.com/careers>

- 🎓 Business Development Associate - Bali

## 📍 Unspecified location — 1 new

### YC Work at a Startup — Remote
<https://www.workatastartup.com/jobs>

- 🎓 🧪 AI Engineering/Architecture/Growth Intern

# 📢 New career-page entries — 2026-08-06T02:31:29

**🇮🇳 India: 47 · 🌍 Outside India: 3**

## 🇮🇳 India — 47 new

### IBM — India
<https://www.ibm.com/in-en/careers/career-opportunities>

- 🎓 💻 Graduate Software Developer- start Sept 2027

### IBM — India
<https://www.ibm.com/in-en/careers/search>

- 🎓 Consulting Business Transformation Consultant-Banking Internship Islamabad, PK
- 🎓 Internship (77)

### Internshala (ML) — India
<https://internshala.com/internships/machine-learning-internship/>

- 🎓 🧪 Machine Learning Internships: Find 150 Machine Learning Intern Jobs

### Internshala (SDE) — India
<https://internshala.com/internships/software-development-internship/>

- 🎓 💻 Software Development Internships: 231+ Software Development Intern Jobs

### Internshala (AI) — India
<https://internshala.com/internships/artificial-intelligence-internship/>

- 🎓 🧪 Artificial intelligence Internships: Find 179 Artificial intelligence Intern Jobs

### Amazon India — India
<https://www.amazon.jobs/en/search?base_query=intern&loc_query=India>

- 🎓 Talent solutions Intern

### Optiver — Mumbai
<https://www.optiver.com/working-at-optiver/career-opportunities/>

- 🎓 Quantitative Intern (Summer 2027)

### Analog Devices — Bengaluru
<https://analogdevices.wd1.myworkdayjobs.com/External>

- 🎓 Associate Analyst, Supply Chain Planning

### Cadence — Noida
<https://cadence.wd1.myworkdayjobs.com/External_Careers>

- 🎓 intern-product engineer

### Internshala Gurgaon — Gurugram
<https://internshala.com/internships/internship-in-gurgaon/>

- 🎓 Internships in Gurgaon: Top 3681 Paid Internship in Gurgaon

### Signzy — Bengaluru
<https://www.signzy.com/careers/>

- 🎓 Associate Business Analyst 8 days ago Bangalore 0-1 Full Time
- 🎓 Partnership Intern 29 days ago Mumbai 0 to 1 Full Time
- 🎓 Project Operations intern 1 day ago Bangalore 0-6 months Full Time
- 🎓 Sales Intern 7 days ago Bangalore 0 to 1 year Full Time

### Techwave — Hyderabad
<https://techwave.wd108.myworkdayjobs.com/TechWave_Careers>

- 🎓 Finance Intern
- 🎓 Junior FI Consultant
- 🎓 Junior Public Cloud Consultant
- 🎓 Techwave Junior SAP Consultant Program

### Internshala (Data Science) — India
<https://internshala.com/internships/data-science-internship/>

- 🎓 🧪 Data Science Internships: Find 379 Data Science Intern Jobs

### Internshala (Web Dev) — India
<https://internshala.com/internships/web-development-internship/>

- 🎓 Web Development Internships: 350+ Web Development Intern Jobs
- 🎓 Wordpress Developer Intern (Elementor + WooCommerce)

### Internshala (Python) — India
<https://internshala.com/internships/python-internship/>

- 🎓 Python Internships: Find 283 Python Intern Jobs

### Internshala (Full Stack) — India
<https://internshala.com/internships/full-stack-development-internship/>

- 🎓 💻 Full Stack Development Internships: 97+ Full Stack Development Intern Jobs

### Internshala (Frontend) — India
<https://internshala.com/internships/front-end-development-internship/>

- 🎓 💻 Front End Development Internship in Bengaluru
- 🎓 💻 Front End Development Internship in Coimbatore
- 🎓 💻 Front End Development Internship in Delhi
- 🎓 💻 Front End Development Internship in Gurgaon
- 🎓 💻 Front End Development Internship in Hyderabad
- 🎓 💻 Front End Development Internship in Kolkata
- 🎓 💻 Front End Development Internships: Find 110 Front End Development Intern Jobs
- 🎓 💻 Junior Full Stack Developer
- 🎓 💻 Latest Front End Development Intern Jobs
- 🎓 Wordpress Developer Intern (Elementor + WooCommerce)
- 🎓 💻 You can apply for a front end development internship or front end development intern job using the following steps-

### Internshala (Backend) — India
<https://internshala.com/internships/back-end-development-internship/>

- 🎓 💻 Backend Development Internships: Find 117 Backend Development Intern Jobs

### Internshala (App Dev) — India
<https://internshala.com/internships/mobile-app-development-internship/>

- 🎓 Mobile App Development Internships: Find 55 Mobile App Development Intern Jobs

### AICTE Internship Portal — India
<https://internship.aicte-india.org/>

- 🎓 1 Crore Internship By 2027 | 79,57,193+ Internships | 83000 Companies

### Anblicks — Hyderabad
<https://anblicks.com/careers/>

- 🎓 Associate Data Engineer 101 days ago Hyderabad 4+ Full Time
- 🎓 Associate Data Engineer 111 days ago Hyderabad 3+ Full Time
- 🎓 Engineer I - IT 52 days ago Ahmedabad 0-1 Full Time
- 🎓 Management Intern (Human Resources) 97 days ago Hyderabad , Ahmedabad 0 Full Time
- 🎓 Management Intern (L&D/ Analytics) 97 days ago Ahmedabad , Hyderabad 0 Full Time

### E2M Solutions — Ahmedabad
<https://www.e2msolutions.com/careers/>

- 🎓 🧪 💻 Associate Full Stack AI Engineer 94 days ago Ahmedabad 1 - 2 Full Time
- 🎓 Talent Acquisition Associate 7 days ago Ahmedabad 0-1 Year Full Time

### Bhanzu — Hyderabad
<https://bhanzu.com/careers>

- 🎓 Business Development Trainee 460 days ago Bengaluru 0 Full Time
- 🎓 Presales - Trainee 447 days ago Remote 0 Full Time

## 🌍 Outside India — 3 new

### Grab — Singapore
<https://grab.careers/>

- 🎓 Intern, Occupational Health & Safety
- 🎓 Internship

### ShopBack — Singapore
<https://careers.shopback.com/>

- 🎓 Commercial Marketing Intern Texas, United States Intern onsite

# 📢 New career-page entries — 2026-08-06T14:09:08

**🇮🇳 India: 68 · 🌍 Outside India: 9 · 📍 Unspecified location: 1**

## 🇮🇳 India — 68 new

### Accenture — Bengaluru
<https://www.accenture.com/in-en/careers/jobsearch?fl=Bengaluru>

- 🎓 IMU Associate
- 🎓 Strategy Associate

### Accenture — Hyderabad
<https://www.accenture.com/in-en/careers/jobsearch?fl=Hyderabad>

- 🎓 IMU Associate
- 🎓 Strategy Associate

### Accenture — Pune
<https://www.accenture.com/in-en/careers/jobsearch?fl=Pune>

- 🎓 IMU Associate
- 🎓 Strategy Associate

### Accenture — Gurugram
<https://www.accenture.com/in-en/careers/jobsearch?fl=Gurugram>

- 🎓 IMU Associate
- 🎓 Strategy Associate

### IBM — India
<https://www.ibm.com/in-en/careers/career-opportunities>

- 🎓 Associate Business Analyst
- 🎓 Associate Package Consultant-SAP HANA FIN FI
- 🎓 Associate Strategy Consultant (f/m/x)

### IBM — India
<https://www.ibm.com/in-en/careers/search>

- 🎓 Cloud Master@IBM Cloud Technical Sales Specialist (f/m/x) Internship KOELN, DE
- 🎓 Infrastructure & Technology AIOps Developer Entry Level Multiple Cities

### Yudiz Solutions — Ahmedabad
<https://www.yudiz.com/join-our-team/>

- 🎓 Fresher
- 🎓 Sales Intern
- 🎓 Trainee

### Sprinklr — Gurugram
<https://www.sprinklr.com/careers/>

- 🎓 Internship and Early Careers

### ShareChat — Bengaluru
<https://sharechat.com/careers>

- 🎓 Intern - Content Moderation (Hindi)

### Tata Technologies — Pune
<https://www.tatatechnologies.com/in/careers/>

- 🎓 Explore graduate opportunities

### Internshala (ML) — India
<https://internshala.com/internships/machine-learning-internship/>

- 🎓 🧪 Machine Learning Internships: Find 154 Machine Learning Intern Jobs

### Internshala (SDE) — India
<https://internshala.com/internships/software-development-internship/>

- 🎓 💻 Software Development Internships: 225+ Software Development Intern Jobs

### Internshala (AI) — India
<https://internshala.com/internships/artificial-intelligence-internship/>

- 🎓 🧪 Artificial intelligence Internships: Find 182 Artificial intelligence Intern Jobs

### Amazon India — India
<https://www.amazon.jobs/en/search?base_query=intern&loc_query=India>

- 🎓 Executive Assistant Intern

### Atlassian — Bengaluru
<https://www.atlassian.com/company/careers/all-jobs>

- 🎓 Account Associate, Mid-Market (Renewals)

### Mu Sigma — Bengaluru
<https://www.mu-sigma.com/careers>

- 🎓 Currently, we do not run any Internship Program but please drop us your resume at

### AMD India — Bengaluru
<https://careers.amd.com/careers-home>

- 🎓 Recent Graduate

### Micron India — Hyderabad
<https://careers.micron.com/careers>

- 🎓 Intern – Manufacturing Technician (Wet Process and Data Analysis) Singapore, Singapore Posted 14 hours ago

### Internshala Pune — Pune
<https://internshala.com/internships/internship-in-pune/>

- 🎓 Job offer post internship

### Internshala Noida — Noida
<https://internshala.com/internships/internship-in-noida/>

- 🎓 Customer Success Intern

### Internshala Gurgaon — Gurugram
<https://internshala.com/internships/internship-in-gurgaon/>

- 🎓 Customer Success Intern
- 🎓 Internships in Gurgaon: Top 3735 Paid Internship in Gurgaon

### Pine Labs — Noida
<https://www.pinelabs.com/careers>

- 🎓 Management Trainee Program
- 🎓 Our flagship summer internship program for students from premier B-schools.
- 🎓 Sales Trainee Program

### upGrad — Mumbai
<https://www.upgrad.com/careers/>

- 🎓 Associate Professor Salary: Pay Structure, Growth & Insights

### Internshala (Data Science) — India
<https://internshala.com/internships/data-science-internship/>

- 🎓 🧪 AI Project Associate
- 🎓 🧪 Data Science Internships: Find 393 Data Science Intern Jobs

### Internshala (Web Dev) — India
<https://internshala.com/internships/web-development-internship/>

- 🎓 Web Development Internships: 337+ Web Development Intern Jobs

### Internshala (Python) — India
<https://internshala.com/internships/python-internship/>

- 🎓 Python Internships: Find 282 Python Intern Jobs

### Internshala (Full Stack) — India
<https://internshala.com/internships/full-stack-development-internship/>

- 🎓 💻 Full Stack Development Internships: 94+ Full Stack Development Intern Jobs

### Internshala (Frontend) — India
<https://internshala.com/internships/front-end-development-internship/>

- 🎓 💻 Front End Development Internships: Find 99 Front End Development Intern Jobs

### Internshala (Backend) — India
<https://internshala.com/internships/back-end-development-internship/>

- 🎓 💻 Backend Development Internships: Find 119 Backend Development Intern Jobs

### Internshala (App Dev) — India
<https://internshala.com/internships/mobile-app-development-internship/>

- 🎓 Mobile App Development Internships: Find 62 Mobile App Development Intern Jobs

### Internshala (Bangalore) — Bengaluru
<https://internshala.com/internships/internship-in-bangalore/>

- 🎓 Business Development Trainee

### Hirist (Tech) — India
<https://www.hirist.tech/>

- 🎓 Internship vs Apprenticeship: Key Differences in India

### AICTE Internship Portal — India
<https://internship.aicte-india.org/>

- 🎓 1 Crore Internship By 2027 | 79,57,193+ Internships | 83008 Companies

### Rupeek — Bengaluru
<https://rupeek.com/careers>

- 🎓 Associate Location: Bengaluru, Karnataka, India 22 hours ago
- 🎓 Campus Recruiter Location: Bengaluru, Karnataka, India 1 day ago

### Zolve — Bengaluru
<https://www.zolve.com/careers>

- 🎓 Internship Kickstart your career with global opportunities

### Awign — Gurugram
<https://www.awign.com/careers>

- 🎓 Data annotation and labelling for Awign- Associate
- 🎓 Field Sales Associate for Awign

### Sprih — Bengaluru
<https://www.sprih.com/careers>

- 🎓 Customer Success Associate

### Bitcot — Ahmedabad
<https://www.bitcot.com/careers/>

- 🎓 Junior NodeJS Developer
- 🎓 Junior PHP Developer
- 🎓 Junior ReactJS Developer
- 🎓 Junior WordPress Developer

### Nevina Infotech — Ahmedabad
<https://www.nevinainfotech.com/careers>

- 🎓 Fresher

### Upstox — Mumbai
<https://upstox.com/careers/>

- 🎓 Associate-Research & Insight
- 🎓 Employee Type: Intern
- 🎓 Growth and Marketing Intern
- 🎓 Internship

### BMC Software Pune — Pune
<https://bmcrecruit.avature.net/careers>

- 🎓 Associate License Compliance Analyst

### Pricol — Coimbatore
<https://pricol.com/careers/>

- 🎓 Graduate Engineering Trainees (GET) Programme

### Torry Harris Integration — Bengaluru
<https://www.torryharris.com/careers>

- 🎓 Associate Engineer
- 🎓 💻 Associate Software Engineer

### iLink Digital — Chennai
<https://www.ilink-digital.com/careers/>

- 🎓 Intern

### Signature Software Lab — Tirupati
<https://signaturesoftwarelab.com/careers>

- 🎓 Apply for Internship
- 🎓 Yes. Internship opportunities are available throughout the year depending on project requirements.

## 🌍 Outside India — 9 new

### Grab — Singapore
<https://grab.careers/>

- 🎓 2W Partner Acquisition and Engagement Associate
- 🎓 Associate, OmniCommerce

### MyCareersFuture (SDE) — Singapore
<https://www.mycareersfuture.gov.sg/search?search=software+engineer&sortBy=new_posting_date>

- 🎓 If you are a fresh graduate looking for a traineeship opportunity
- 🎓 Junior Executive

### MyCareersFuture (ML) — Singapore
<https://www.mycareersfuture.gov.sg/search?search=machine+learning&sortBy=new_posting_date>

- 🎓 If you are a fresh graduate looking for a traineeship opportunity
- 🎓 Junior Executive

### Glints — Singapore
<https://glints.com/careers>

- 🎓 Account Management Associate (Jakarta)
- 🎓 Client Acquisition Intern
- 🎓 Employer Acquisition Intern

## 📍 Unspecified location — 1 new

### YC Work at a Startup — Remote
<https://www.workatastartup.com/jobs>

- 🎓 Electrical Engineering Intern

